{
  "baseline_mode": "Memory-off",
  "best_state": {
    "batch_cluster": false,
    "interleave": true,
    "mapping_tiling": 4,
    "memory_balance": 0.8597831399984535,
    "memory_prefetch": 3,
    "noc_balance": 1.25,
    "pipeline_depth": 4,
    "placement_skew": -0.1282966304201799,
    "route_slack": 0.9743990898592068,
    "segment_span": 3,
    "spm_level": 3
  },
  "closure_terms": {
    "M1": 0.0,
    "M2": 41.138615,
    "Si": 0.82,
    "Sp": 1.0
  },
  "cost_breakdown": {
    "cost_chip": 1.73844,
    "cost_package": 0.33493,
    "cost_soc": 187488.91273,
    "cost_system_package": 62374.22589
  },
  "derived_terms": {
    "amortized_nre_cost": 187485.71435185446,
    "assembly_waste_cost": 0.01756004983756304,
    "avg_mapped_utilization": 0.9409639040129057,
    "avg_partition_utilization": 0.9409639040129057,
    "boundary_count": 1.0,
    "buffer_area": 0.8291038513183594,
    "buffer_average_bytes": 26340.0,
    "buffer_capacity_bytes": 112863.0,
    "buffer_margin": 86523.0,
    "buffer_overflow_core_count": 0.0,
    "buffer_overflow_ratio": 0.0,
    "buffer_peak_bytes": 26340.0,
    "channel_count_available": 3.0,
    "channel_count_required": 1.0,
    "chip_nre": 37533547.02018336,
    "collective_pressure": 0.06,
    "compute_array_area": 7.2576,
    "compute_cycles": 13533.0,
    "control_area": 4.839244494563027,
    "defect_die_cost": 0.02071812839716536,
    "distinct_chip_type_count": 1.0,
    "dram_channel_imbalance": 0.0015480984168090295,
    "dram_channel_margin": 25.067360513447433,
    "dram_service_cycles": 1021.0,
    "edge_margin": 0.0,
    "endpoint_latency_cycles": 22.0,
    "graph_layer_count": 5.0,
    "interposer_area": 0.0,
    "io_competition_score": 0.003244862470862471,
    "layout_locality_score": 0.05555555555555555,
    "locality_score": 0.7312636186313726,
    "memory_margin": 41.13861507744366,
    "module_nre": 18223646.80122241,
    "multicast_degree": 1.0,
    "noc_margin": 2.4935040892420552,
    "noc_service_cycles": 3938.0,
    "nop_service_cycles": 94.0,
    "overflow_core_count": 0.0,
    "package_area": 62.84016138352555,
    "package_defect_cost": 0.0031737455244205026,
    "package_nre": 488520.48415057664,
    "peak_dram_channel_gbps": 6.932639486552567,
    "peak_noc_link_gbps": 17.506495910757945,
    "peak_nop_link_gbps": 0.0,
    "peak_route_link_gbps": 17.506495910757945,
    "peak_ubuf_bytes": 42405.0,
    "per_compute_die_area": 12.925948345881388,
    "phy_count": 0.0,
    "raw_die_cost": 1.7177268055215646,
    "raw_package_cost": 0.31420080691762775,
    "remote_weight_share": 0.0,
    "route_margin": 0.0,
    "schedule_tree_height": 2.0,
    "segment_count": 2.0,
    "segment_crossing_count": 1.0,
    "segment_stage_count_avg": 2.5,
    "segment_sync_cycles": 36.0,
    "serialization_ratio": 0.0,
    "shortcut_input_count": 1.0,
    "spm_overflow_ratio": 0.0,
    "spm_residency": 0.98,
    "total_interchip_bw": 0.0
  },
  "design_id": "paper_full_bootstrap_008",
  "die_area_breakdown": {
    "compute_die_area": 12.92595,
    "io_die_area": 2.78409,
    "total_die_area": 15.71004
  },
  "energy_breakdown": {
    "buf": 12798.28576,
    "bus": 3265.24,
    "dram": 1948272.21239,
    "mac": 5193092.15605,
    "noc": 4097632.6176,
    "nop": 0.0,
    "ubuf": 6891.38464
  },
  "execution_controls": {
    "proposal_budget": 512,
    "time_cap_minutes": 30.0
  },
  "legality_details": {
    "buffer_margin": 86523.0,
    "channel_count_available": 3,
    "channel_count_required": 1,
    "dram_channel_margin": 25.067361,
    "edge_margin": 0.0,
    "io_competition_score": 0.003245,
    "memory_margin": 41.138615,
    "memory_required_bw_gbps": 20.765771,
    "noc_margin": 2.493504,
    "peak_dram_channel_gbps": 6.932639,
    "peak_noc_link_gbps": 17.506496,
    "peak_nop_link_gbps": 0.0,
    "peak_route_link_gbps": 17.506496,
    "reasons": [],
    "route_margin": 0.0,
    "total_interchip_bw": 0.0
  },
  "legality_flags": {
    "buffer": "legal",
    "edge": "legal",
    "memory": "legal",
    "memory_channel": "legal",
    "noc": "legal",
    "overall": "legal",
    "route": "legal"
  },
  "memory_attachment": {
    "channel_count_available": 3,
    "channel_count_required": 1,
    "memory_bandwidth_gbps": 72,
    "memory_channel_bandwidth_gbps": 32.0,
    "memory_class": "GDDR6X",
    "noc_bandwidth": 16
  },
  "notes": {
    "chiplet_geometry": {
      "chiplet_count": 1,
      "per_die_exposed_edges": 0,
      "total_exposed_edge_slots": 0,
      "x_step": 6,
      "y_step": 3
    },
    "message": "This canonical design record is exported directly from the Python-native search summary and its derived evaluation terms.",
    "status": "exported_from_search_summary",
    "workload_ref": "workloads/cnn_inference.json",
    "workload_status": "runnable_binding"
  },
  "package_class": "OS",
  "paths": {
    "point_snapshot": "results/raw/20260405_205311_paper_full_bootstrap/paper_full_bootstrap_008/point_snapshot.json",
    "result_log": "results/raw/20260405_205311_paper_full_bootstrap/paper_full_bootstrap_008/result.log",
    "stderr_log": "results/raw/20260405_205311_paper_full_bootstrap/paper_full_bootstrap_008/stderr.log",
    "stdout_log": "results/raw/20260405_205311_paper_full_bootstrap/paper_full_bootstrap_008/stdout.log"
  },
  "per_edge_bandwidth": {
    "edge_capacity": 0.0,
    "edge_demand": 0.0,
    "edge_margin": 0.0,
    "per_die_exposed_edges": 0,
    "route_budget": 17.506496,
    "route_demand": 17.506496,
    "route_margin": 0.0,
    "total_exposed_edge_slots": 0
  },
  "phy_count": 0,
  "process_node": "12",
  "proposal_budget": 512,
  "schema_version": "python_native_v1",
  "seed": 1,
  "state_tuple": {
    "a": {
      "core_array": {
        "x": 6,
        "y": 3
      },
      "macs_per_core": 2048,
      "microarch": "polar",
      "ul3_kb": 1024
    },
    "b": {
      "memory_bandwidth_gbps": 72,
      "memory_class": "GDDR6X",
      "noc_bandwidth": 16
    },
    "i": {
      "interface_class": "XSR",
      "nop_bandwidth": 16
    },
    "k": {
      "chiplet_count": 1,
      "chiplet_partition": {
        "x": 1,
        "y": 1
      }
    },
    "m": {
      "batch_size": 1,
      "search_rounds": 4,
      "workload": "cnn_inference",
      "workload_motif": "cnn_inference",
      "workload_ref": "workloads/cnn_inference.json",
      "workload_trace_ref": null,
      "workload_trace_summary": {}
    },
    "p": {
      "package_class": "OS"
    }
  },
  "surrogate_metrics": {
    "cost": 181001500190.31992,
    "cost_overall": 187488.91273139068,
    "edp": 178501937558.68564,
    "energy": 11261951.896447044,
    "latency_cycles": 15850
  },
  "time_cap_minutes": 30.0,
  "tops_target": 72,
  "trace_id": "cnn_inference",
  "traffic_matrix": [
    [
      0.0
    ]
  ],
  "workload": "cnn_inference",
  "workload_motif": "cnn_inference",
  "workload_trace": {
    "summary": {},
    "trace_ref": null
  }
}
