{
  "baseline_mode": "Package-oblivious",
  "best_state": {
    "batch_cluster": true,
    "interleave": true,
    "mapping_tiling": 4,
    "memory_balance": 1.027889818795206,
    "memory_prefetch": 2,
    "noc_balance": 0.9068552721837273,
    "pipeline_depth": 3,
    "placement_skew": -0.023035788543463345,
    "route_slack": 1.1893840390894745,
    "segment_span": 4,
    "spm_level": 3
  },
  "closure_terms": {
    "M1": 1749.109989,
    "M2": 523.620754,
    "Si": 0.92,
    "Sp": 1.65
  },
  "cost_breakdown": {
    "cost_chip": 13.8365,
    "cost_package": 13.14332,
    "cost_soc": 1050338.04659,
    "cost_system_package": 700453.46212
  },
  "derived_terms": {
    "amortized_nre_cost": 1050303.0667732246,
    "assembly_waste_cost": 4.225797790291911,
    "avg_mapped_utilization": 1.0,
    "avg_partition_utilization": 1.0,
    "boundary_count": 1.0,
    "buffer_area": 4.6431,
    "buffer_average_bytes": 74136.0,
    "buffer_capacity_bytes": 253952.0,
    "buffer_margin": 179816.0,
    "buffer_overflow_core_count": 0.0,
    "buffer_overflow_ratio": 0.0,
    "buffer_peak_bytes": 74136.0,
    "channel_count_available": 16.0,
    "channel_count_required": 1.0,
    "chip_nre": 104958824.39193949,
    "collective_pressure": 0.06,
    "compute_array_area": 36.12672,
    "compute_cycles": 666.0,
    "control_area": 8.723821473126078,
    "defect_die_cost": 0.22575018585816586,
    "distinct_chip_type_count": 2.0,
    "dram_channel_imbalance": 0.8134098375827132,
    "dram_channel_margin": 31.698652805118112,
    "dram_service_cycles": 5.0,
    "edge_margin": 1749.1099888272638,
    "endpoint_latency_cycles": 38.0,
    "graph_layer_count": 5.0,
    "interposer_area": 100.6857644005639,
    "io_competition_score": 0.043804713153513156,
    "layout_locality_score": 0.015625,
    "locality_score": 0.6771688913868394,
    "memory_margin": 523.6207535617281,
    "module_nre": 200029051.94245362,
    "multicast_degree": 1.42,
    "noc_margin": 28.123536920400475,
    "noc_service_cycles": 7.0,
    "nop_service_cycles": 10.0,
    "overflow_core_count": 0.0,
    "package_area": 402.7430576022556,
    "package_defect_cost": 2.48483684371478,
    "package_nre": 10103043.697574234,
    "peak_dram_channel_gbps": 0.3013471948818897,
    "peak_noc_link_gbps": 0.8958317894787989,
    "peak_nop_link_gbps": 0.8894521951107878,
    "peak_route_link_gbps": 0.8958317894787989,
    "peak_ubuf_bytes": 74136.0,
    "per_compute_die_area": 13.487017301426857,
    "phy_count": 320.0,
    "raw_die_cost": 13.610745968990777,
    "raw_package_cost": 6.4326826671220445,
    "remote_weight_share": 0.75,
    "route_margin": 3437.184911441023,
    "schedule_tree_height": 2.0,
    "segment_count": 2.0,
    "segment_crossing_count": 1.0,
    "segment_stage_count_avg": 2.5,
    "segment_sync_cycles": 32.0,
    "serialization_ratio": 0.03322596277682411,
    "shortcut_input_count": 1.0,
    "spm_overflow_ratio": 0.0,
    "spm_residency": 0.925,
    "total_interchip_bw": 8.102896533372997
  },
  "design_id": "paper_full_bootstrap_027",
  "die_area_breakdown": {
    "compute_die_area": 53.94807,
    "io_die_area": 37.58444,
    "total_die_area": 91.53251
  },
  "energy_breakdown": {
    "buf": 285.93055,
    "bus": 684.6952,
    "dram": 180650.6712,
    "mac": 36428571.42857,
    "noc": 2786558.75255,
    "nop": 9837036.7193,
    "ubuf": 153.96261
  },
  "execution_controls": {
    "proposal_budget": 512,
    "time_cap_minutes": 30.0
  },
  "legality_details": {
    "buffer_margin": 179816.0,
    "channel_count_available": 16,
    "channel_count_required": 1,
    "dram_channel_margin": 31.698653,
    "edge_margin": 1749.109989,
    "io_competition_score": 0.043805,
    "memory_margin": 523.620754,
    "memory_required_bw_gbps": 2.658834,
    "noc_margin": 28.123537,
    "peak_dram_channel_gbps": 0.301347,
    "peak_noc_link_gbps": 0.895832,
    "peak_nop_link_gbps": 0.889452,
    "peak_route_link_gbps": 0.895832,
    "reasons": [],
    "route_margin": 3437.184911,
    "total_interchip_bw": 8.102897
  },
  "legality_flags": {
    "buffer": "legal",
    "edge": "legal",
    "memory": "legal",
    "memory_channel": "legal",
    "noc": "legal",
    "overall": "legal",
    "route": "legal"
  },
  "memory_attachment": {
    "channel_count_available": 16,
    "channel_count_required": 1,
    "memory_bandwidth_gbps": 512,
    "memory_channel_bandwidth_gbps": 32.0,
    "memory_class": "GDDR6X",
    "noc_bandwidth": 32
  },
  "notes": {
    "chiplet_geometry": {
      "chiplet_count": 4,
      "per_die_exposed_edges": 16,
      "total_exposed_edge_slots": 64,
      "x_step": 4,
      "y_step": 4
    },
    "message": "This canonical design record is exported directly from the Python-native search summary and its derived evaluation terms.",
    "status": "exported_from_search_summary",
    "workload_ref": "workloads/cnn_inference.json",
    "workload_status": "runnable_binding"
  },
  "package_class": "SI",
  "paths": {
    "point_snapshot": "results/raw/20260405_205311_paper_full_bootstrap/paper_full_bootstrap_027/point_snapshot.json",
    "result_log": "results/raw/20260405_205311_paper_full_bootstrap/paper_full_bootstrap_027/result.log",
    "stderr_log": "results/raw/20260405_205311_paper_full_bootstrap/paper_full_bootstrap_027/stderr.log",
    "stdout_log": "results/raw/20260405_205311_paper_full_bootstrap/paper_full_bootstrap_027/stdout.log"
  },
  "per_edge_bandwidth": {
    "edge_capacity": 1751.135712,
    "edge_demand": 2.025723,
    "edge_margin": 1749.109989,
    "per_die_exposed_edges": 16,
    "route_budget": 3438.080743,
    "route_demand": 0.895832,
    "route_margin": 3437.184911,
    "total_exposed_edge_slots": 64
  },
  "phy_count": 320,
  "process_node": "7",
  "proposal_budget": 512,
  "schema_version": "python_native_v1",
  "seed": 21,
  "state_tuple": {
    "a": {
      "core_array": {
        "x": 8,
        "y": 8
      },
      "macs_per_core": 4096,
      "microarch": "polar",
      "ul3_kb": 2048
    },
    "b": {
      "memory_bandwidth_gbps": 512,
      "memory_class": "GDDR6X",
      "noc_bandwidth": 32
    },
    "i": {
      "interface_class": "USR",
      "nop_bandwidth": 32
    },
    "k": {
      "chiplet_count": 4,
      "chiplet_partition": {
        "x": 2,
        "y": 2
      }
    },
    "m": {
      "batch_size": 1,
      "search_rounds": 2,
      "workload": "cnn_inference",
      "workload_motif": "cnn_inference",
      "workload_ref": "workloads/cnn_inference.json",
      "workload_trace_ref": null,
      "workload_trace_summary": {}
    },
    "p": {
      "package_class": "SI"
    }
  },
  "surrogate_metrics": {
    "cost": 35491723852.45823,
    "cost_overall": 1050338.0465866805,
    "edp": 35349970470.87004,
    "energy": 49233942.15998613,
    "latency_cycles": 718
  },
  "time_cap_minutes": 30.0,
  "tops_target": 512,
  "trace_id": "cnn_inference",
  "traffic_matrix": [
    [
      0.0,
      0.931541,
      0.931541,
      0.162641
    ],
    [
      0.931541,
      0.0,
      0.162641,
      0.931541
    ],
    [
      0.931541,
      0.162641,
      0.0,
      0.931541
    ],
    [
      0.162641,
      0.931541,
      0.931541,
      0.0
    ]
  ],
  "workload": "cnn_inference",
  "workload_motif": "cnn_inference",
  "workload_trace": {
    "summary": {},
    "trace_ref": null
  }
}
