{
  "baseline_mode": "Outer-loop repair",
  "best_state": {
    "batch_cluster": true,
    "interleave": true,
    "mapping_tiling": 2,
    "memory_balance": 1.1225856145857536,
    "memory_prefetch": 2,
    "noc_balance": 1.25,
    "pipeline_depth": 4,
    "placement_skew": -0.019813988712144334,
    "route_slack": 1.1535678725314127,
    "segment_span": 3,
    "spm_level": 3
  },
  "closure_terms": {
    "M1": 0.0,
    "M2": 62.087636,
    "Si": 0.82,
    "Sp": 1.0
  },
  "cost_breakdown": {
    "cost_chip": 1.56701,
    "cost_package": 0.30139,
    "cost_soc": 180424.28779,
    "cost_system_package": 56223.00349
  },
  "derived_terms": {
    "amortized_nre_cost": 180421.2943873183,
    "assembly_waste_cost": 0.015828395943062734,
    "avg_mapped_utilization": 0.9409639040129057,
    "avg_partition_utilization": 0.9409639040129057,
    "boundary_count": 1.0,
    "buffer_area": 0.8291038513183594,
    "buffer_average_bytes": 26340.0,
    "buffer_capacity_bytes": 112863.0,
    "buffer_margin": 86523.0,
    "buffer_overflow_core_count": 0.0,
    "buffer_overflow_ratio": 0.0,
    "buffer_peak_bytes": 26340.0,
    "channel_count_available": 3.0,
    "channel_count_required": 1.0,
    "chip_nre": 37259577.68723478,
    "collective_pressure": 0.06,
    "compute_array_area": 6.6095999999999995,
    "compute_cycles": 12460.0,
    "control_area": 4.322972098306821,
    "defect_die_cost": 0.016816375689624463,
    "distinct_chip_type_count": 1.0,
    "dram_channel_imbalance": 0.0015480984168090295,
    "dram_channel_margin": 25.744154304045466,
    "dram_service_cycles": 848.0,
    "edge_margin": 0.0,
    "endpoint_latency_cycles": 22.0,
    "graph_layer_count": 5.0,
    "interposer_area": 0.0,
    "io_competition_score": 0.0027666993006993006,
    "layout_locality_score": 0.05555555555555555,
    "locality_score": 0.7834115749371917,
    "memory_margin": 62.0876362478444,
    "module_nre": 16397184.581565209,
    "multicast_degree": 1.0,
    "noc_margin": 4.202562774684065,
    "noc_service_cycles": 3272.0,
    "nop_service_cycles": 86.0,
    "overflow_core_count": 0.0,
    "package_area": 56.54201579850072,
    "package_defect_cost": 0.002855657363560661,
    "package_nre": 469626.04739550216,
    "peak_dram_channel_gbps": 6.255845695954532,
    "peak_noc_link_gbps": 15.797437225315935,
    "peak_nop_link_gbps": 0.0,
    "peak_route_link_gbps": 15.797437225315935,
    "peak_ubuf_bytes": 42405.0,
    "per_compute_die_area": 11.76167594962518,
    "phy_count": 0.0,
    "raw_die_cost": 1.5501948226735762,
    "raw_package_cost": 0.2827100789925036,
    "remote_weight_share": 0.0,
    "route_margin": 0.0,
    "schedule_tree_height": 2.0,
    "segment_count": 2.0,
    "segment_crossing_count": 1.0,
    "segment_stage_count_avg": 2.5,
    "segment_sync_cycles": 36.0,
    "serialization_ratio": 0.0,
    "shortcut_input_count": 1.0,
    "spm_overflow_ratio": 0.0,
    "spm_residency": 0.98,
    "total_interchip_bw": 0.0
  },
  "design_id": "paper_full_bootstrap_007",
  "die_area_breakdown": {
    "compute_die_area": 11.76168,
    "io_die_area": 2.37383,
    "total_die_area": 14.1355
  },
  "energy_breakdown": {
    "buf": 12798.28576,
    "bus": 3265.24,
    "dram": 1651078.1461,
    "mac": 5637240.48857,
    "noc": 4097632.6176,
    "nop": 0.0,
    "ubuf": 6891.38464
  },
  "execution_controls": {
    "proposal_budget": 512,
    "time_cap_minutes": 30.0
  },
  "legality_details": {
    "buffer_margin": 86523.0,
    "channel_count_available": 3,
    "channel_count_required": 1,
    "dram_channel_margin": 25.744154,
    "edge_margin": 0.0,
    "io_competition_score": 0.002767,
    "memory_margin": 62.087636,
    "memory_required_bw_gbps": 18.738528,
    "noc_margin": 4.202563,
    "peak_dram_channel_gbps": 6.255846,
    "peak_noc_link_gbps": 15.797437,
    "peak_nop_link_gbps": 0.0,
    "peak_route_link_gbps": 15.797437,
    "reasons": [],
    "route_margin": 0.0,
    "total_interchip_bw": 0.0
  },
  "legality_flags": {
    "buffer": "legal",
    "edge": "legal",
    "memory": "legal",
    "memory_channel": "legal",
    "noc": "legal",
    "overall": "legal",
    "route": "legal"
  },
  "memory_attachment": {
    "channel_count_available": 3,
    "channel_count_required": 1,
    "memory_bandwidth_gbps": 72,
    "memory_channel_bandwidth_gbps": 32.0,
    "memory_class": "GDDR6X",
    "noc_bandwidth": 16
  },
  "notes": {
    "chiplet_geometry": {
      "chiplet_count": 1,
      "per_die_exposed_edges": 0,
      "total_exposed_edge_slots": 0,
      "x_step": 6,
      "y_step": 3
    },
    "message": "This canonical design record is exported directly from the Python-native search summary and its derived evaluation terms.",
    "status": "exported_from_search_summary",
    "workload_ref": "workloads/cnn_inference.json",
    "workload_status": "runnable_binding"
  },
  "package_class": "OS",
  "paths": {
    "point_snapshot": "results/raw/20260405_205311_paper_full_bootstrap/paper_full_bootstrap_007/point_snapshot.json",
    "result_log": "results/raw/20260405_205311_paper_full_bootstrap/paper_full_bootstrap_007/result.log",
    "stderr_log": "results/raw/20260405_205311_paper_full_bootstrap/paper_full_bootstrap_007/stderr.log",
    "stdout_log": "results/raw/20260405_205311_paper_full_bootstrap/paper_full_bootstrap_007/stdout.log"
  },
  "per_edge_bandwidth": {
    "edge_capacity": 0.0,
    "edge_demand": 0.0,
    "edge_margin": 0.0,
    "per_die_exposed_edges": 0,
    "route_budget": 15.797437,
    "route_demand": 15.797437,
    "route_margin": 0.0,
    "total_exposed_edge_slots": 0
  },
  "phy_count": 0,
  "process_node": "12",
  "proposal_budget": 512,
  "schema_version": "python_native_v1",
  "seed": 1,
  "state_tuple": {
    "a": {
      "core_array": {
        "x": 6,
        "y": 3
      },
      "macs_per_core": 2048,
      "microarch": "polar",
      "ul3_kb": 1024
    },
    "b": {
      "memory_bandwidth_gbps": 72,
      "memory_class": "GDDR6X",
      "noc_bandwidth": 16
    },
    "i": {
      "interface_class": "XSR",
      "nop_bandwidth": 16
    },
    "k": {
      "chiplet_count": 1,
      "chiplet_partition": {
        "x": 1,
        "y": 1
      }
    },
    "m": {
      "batch_size": 1,
      "search_rounds": 4,
      "workload": "cnn_inference",
      "workload_motif": "cnn_inference",
      "workload_ref": "workloads/cnn_inference.json",
      "workload_trace_ref": null,
      "workload_trace_summary": {}
    },
    "p": {
      "package_class": "OS"
    }
  },
  "surrogate_metrics": {
    "cost": 168846970910.59848,
    "cost_overall": 180424.28779264897,
    "edp": 166843843722.86182,
    "energy": 11408906.16266834,
    "latency_cycles": 14624
  },
  "time_cap_minutes": 30.0,
  "tops_target": 72,
  "trace_id": "cnn_inference",
  "traffic_matrix": [
    [
      0.0
    ]
  ],
  "workload": "cnn_inference",
  "workload_motif": "cnn_inference",
  "workload_trace": {
    "summary": {},
    "trace_ref": null
  }
}
