{
  "baseline_mode": "Memory-off",
  "best_state": {
    "batch_cluster": false,
    "interleave": true,
    "mapping_tiling": 4,
    "memory_balance": 0.7579877946327924,
    "memory_prefetch": 3,
    "noc_balance": 1.25,
    "pipeline_depth": 1,
    "placement_skew": 0.18602172948085852,
    "route_slack": 0.6742115941635405,
    "segment_span": 2,
    "spm_level": 3
  },
  "closure_terms": {
    "M1": 575.632174,
    "M2": 105.606203,
    "Si": 0.82,
    "Sp": 1.0
  },
  "cost_breakdown": {
    "cost_chip": 4.33764,
    "cost_package": 1.43366,
    "cost_soc": 394422.1285,
    "cost_system_package": 151629.80865
  },
  "derived_terms": {
    "amortized_nre_cost": 394413.85719417036,
    "assembly_waste_cost": 0.22354346896715116,
    "avg_mapped_utilization": 1.0,
    "avg_partition_utilization": 1.0,
    "boundary_count": 2.0,
    "buffer_area": 6.633,
    "buffer_average_bytes": 251222.0,
    "buffer_capacity_bytes": 507904.0,
    "buffer_margin": 256682.0,
    "buffer_overflow_core_count": 0.0,
    "buffer_overflow_ratio": 0.0,
    "buffer_peak_bytes": 251222.0,
    "channel_count_available": 5.0,
    "channel_count_required": 1.0,
    "chip_nre": 72835644.66339535,
    "collective_pressure": 0.396,
    "compute_array_area": 12.9024,
    "compute_cycles": 7512720.0,
    "control_area": 4.641613037688515,
    "defect_die_cost": 0.02727469858937015,
    "distinct_chip_type_count": 2.0,
    "dram_channel_imbalance": 1.411870649182453,
    "dram_channel_margin": 24.440307858910895,
    "dram_service_cycles": 698676.0,
    "edge_margin": 575.6321744938119,
    "endpoint_latency_cycles": 37.0,
    "graph_layer_count": 5.0,
    "interposer_area": 0.0,
    "io_competition_score": 0.013994665422215117,
    "layout_locality_score": 0.03125,
    "locality_score": 0.5870667697562789,
    "memory_margin": 105.60620308184087,
    "module_nre": 44498025.88627562,
    "multicast_degree": 2.22,
    "noc_margin": 35.73155114480198,
    "noc_service_cycles": 263896.0,
    "nop_service_cycles": 1781254.0,
    "overflow_core_count": 0.0,
    "package_area": 153.4414685733642,
    "package_defect_cost": 0.059307865935417016,
    "package_nre": 990486.6085801389,
    "peak_dram_channel_gbps": 7.559692141089106,
    "peak_noc_link_gbps": 4.268448855198019,
    "peak_nop_link_gbps": 2.9636796101485294,
    "peak_route_link_gbps": 4.268448855198019,
    "peak_ubuf_bytes": 883098.0,
    "per_compute_die_area": 6.588236052770121,
    "phy_count": 96.0,
    "raw_die_cost": 4.310367234816519,
    "raw_package_cost": 1.1508110143002315,
    "remote_weight_share": 0.75,
    "route_margin": 387.63583187626443,
    "schedule_tree_height": 2.0,
    "segment_count": 3.0,
    "segment_crossing_count": 2.0,
    "segment_stage_count_avg": 1.6666666666666667,
    "segment_sync_cycles": 49.0,
    "serialization_ratio": 0.5513915485012686,
    "shortcut_input_count": 2.0,
    "spm_overflow_ratio": 0.0,
    "spm_residency": 0.9750000000000001,
    "total_interchip_bw": 12.157914232673244
  },
  "design_id": "paper_full_bootstrap_048",
  "die_area_breakdown": {
    "compute_die_area": 26.35294,
    "io_die_area": 12.00742,
    "total_die_area": 38.36037
  },
  "energy_breakdown": {
    "buf": 708462.51008,
    "bus": 212284.2112,
    "dram": 190366121.14514,
    "mac": 67256356.00879,
    "noc": 396290639.16093,
    "nop": 1798337606.75861,
    "ubuf": 381479.81312
  },
  "execution_controls": {
    "proposal_budget": 512,
    "time_cap_minutes": 30.0
  },
  "legality_details": {
    "buffer_margin": 256682.0,
    "channel_count_available": 5,
    "channel_count_required": 1,
    "dram_channel_margin": 24.440308,
    "edge_margin": 575.632174,
    "io_competition_score": 0.013995,
    "memory_margin": 105.606203,
    "memory_required_bw_gbps": 15.671844,
    "noc_margin": 35.731551,
    "peak_dram_channel_gbps": 7.559692,
    "peak_noc_link_gbps": 4.268449,
    "peak_nop_link_gbps": 2.96368,
    "peak_route_link_gbps": 4.268449,
    "reasons": [],
    "route_margin": 387.635832,
    "total_interchip_bw": 12.157914
  },
  "legality_flags": {
    "buffer": "legal",
    "edge": "legal",
    "memory": "legal",
    "memory_channel": "legal",
    "noc": "legal",
    "overall": "legal",
    "route": "legal"
  },
  "memory_attachment": {
    "channel_count_available": 5,
    "channel_count_required": 1,
    "memory_bandwidth_gbps": 160,
    "memory_channel_bandwidth_gbps": 32.0,
    "memory_class": "GDDR6X",
    "noc_bandwidth": 32
  },
  "notes": {
    "chiplet_geometry": {
      "chiplet_count": 4,
      "per_die_exposed_edges": 12,
      "total_exposed_edge_slots": 48,
      "x_step": 4,
      "y_step": 2
    },
    "message": "This canonical design record is exported directly from the Python-native search summary and its derived evaluation terms.",
    "status": "exported_from_search_summary",
    "workload_ref": "workloads/dense_decoder_block.json",
    "workload_status": "runnable_binding"
  },
  "package_class": "OS",
  "paths": {
    "point_snapshot": "results/raw/20260405_205311_paper_full_bootstrap/paper_full_bootstrap_048/point_snapshot.json",
    "result_log": "results/raw/20260405_205311_paper_full_bootstrap/paper_full_bootstrap_048/result.log",
    "stderr_log": "results/raw/20260405_205311_paper_full_bootstrap/paper_full_bootstrap_048/stderr.log",
    "stdout_log": "results/raw/20260405_205311_paper_full_bootstrap/paper_full_bootstrap_048/stdout.log"
  },
  "per_edge_bandwidth": {
    "edge_capacity": 578.671653,
    "edge_demand": 3.039479,
    "edge_margin": 575.632174,
    "per_die_exposed_edges": 12,
    "route_budget": 391.904281,
    "route_demand": 4.268449,
    "route_margin": 387.635832,
    "total_exposed_edge_slots": 48
  },
  "phy_count": 96,
  "process_node": "12",
  "proposal_budget": 512,
  "schema_version": "python_native_v1",
  "seed": 41,
  "state_tuple": {
    "a": {
      "core_array": {
        "x": 8,
        "y": 4
      },
      "macs_per_core": 2048,
      "microarch": "polar",
      "ul3_kb": 2048
    },
    "b": {
      "memory_bandwidth_gbps": 160,
      "memory_class": "GDDR6X",
      "noc_bandwidth": 32
    },
    "i": {
      "interface_class": "XSR",
      "nop_bandwidth": 16
    },
    "k": {
      "chiplet_count": 4,
      "chiplet_partition": {
        "x": 2,
        "y": 2
      }
    },
    "m": {
      "batch_size": 1,
      "search_rounds": 3,
      "workload": "dense_decoder_block",
      "workload_motif": "dense_decoder_block",
      "workload_ref": "workloads/dense_decoder_block.json",
      "workload_trace_ref": null,
      "workload_trace_summary": {}
    },
    "p": {
      "package_class": "OS"
    }
  },
  "surrogate_metrics": {
    "cost": 2.1261423045906972e+16,
    "cost_overall": 394422.12849845295,
    "edp": 2.0967810791395068e+16,
    "energy": 2453552949.6078725,
    "latency_cycles": 8545897
  },
  "time_cap_minutes": 30.0,
  "tops_target": 128,
  "trace_id": "dense_decoder_block",
  "traffic_matrix": [
    [
      0.0,
      1.384129,
      1.384129,
      0.271221
    ],
    [
      1.384129,
      0.0,
      0.271221,
      1.384129
    ],
    [
      1.384129,
      0.271221,
      0.0,
      1.384129
    ],
    [
      0.271221,
      1.384129,
      1.384129,
      0.0
    ]
  ],
  "workload": "dense_decoder_block",
  "workload_motif": "dense_decoder_block",
  "workload_trace": {
    "summary": {},
    "trace_ref": null
  }
}
