{
  "baseline_mode": "Package-oblivious",
  "best_state": {
    "batch_cluster": false,
    "interleave": true,
    "mapping_tiling": 4,
    "memory_balance": 1.2081624711648045,
    "memory_prefetch": 3,
    "noc_balance": 1.25,
    "pipeline_depth": 3,
    "placement_skew": -0.3066251454100107,
    "route_slack": 1.1490645824627232,
    "segment_span": 4,
    "spm_level": 3
  },
  "closure_terms": {
    "M1": 573.806578,
    "M2": 177.634151,
    "Si": 0.82,
    "Sp": 1.0
  },
  "cost_breakdown": {
    "cost_chip": 4.54253,
    "cost_package": 1.50403,
    "cost_soc": 402315.7733,
    "cost_system_package": 159074.34674
  },
  "derived_terms": {
    "amortized_nre_cost": 402307.2267456789,
    "assembly_waste_cost": 0.2341025167354919,
    "avg_mapped_utilization": 1.0,
    "avg_partition_utilization": 1.0,
    "boundary_count": 0.0,
    "buffer_area": 6.633,
    "buffer_average_bytes": 251222.0,
    "buffer_capacity_bytes": 507904.0,
    "buffer_margin": 256682.0,
    "buffer_overflow_core_count": 0.0,
    "buffer_overflow_ratio": 0.0,
    "buffer_peak_bytes": 251222.0,
    "channel_count_available": 5.0,
    "channel_count_required": 1.0,
    "chip_nre": 72970315.20997511,
    "collective_pressure": 0.276,
    "compute_array_area": 12.9024,
    "compute_cycles": 7314146.0,
    "control_area": 6.013975087246006,
    "defect_die_cost": 0.029795807636713967,
    "distinct_chip_type_count": 2.0,
    "dram_channel_imbalance": 0.647239760401491,
    "dram_channel_margin": 26.836943069306933,
    "dram_service_cycles": 449219.0,
    "edge_margin": 573.8065784938119,
    "endpoint_latency_cycles": 36.0,
    "graph_layer_count": 5.0,
    "interposer_area": 0.0,
    "io_competition_score": 0.014460865888415584,
    "layout_locality_score": 0.03125,
    "locality_score": 0.6046788221208816,
    "memory_margin": 177.6341513269628,
    "module_nre": 46697240.46173611,
    "multicast_degree": 2.22,
    "noc_margin": 34.822826918316835,
    "noc_service_cycles": 370184.0,
    "nop_service_cycles": 2116094.0,
    "overflow_core_count": 0.0,
    "package_area": 161.02496710943487,
    "package_defect_cost": 0.062239023455482524,
    "package_nre": 1024612.3519924569,
    "peak_dram_channel_gbps": 5.163056930693068,
    "peak_noc_link_gbps": 5.177173081683166,
    "peak_nop_link_gbps": 3.3210521658415946,
    "peak_route_link_gbps": 5.177173081683166,
    "peak_ubuf_bytes": 883098.0,
    "per_compute_die_area": 6.962204711274537,
    "phy_count": 96.0,
    "raw_die_cost": 4.5127340994076315,
    "raw_package_cost": 1.2076872533207617,
    "remote_weight_share": 0.75,
    "route_margin": 665.3888379780742,
    "schedule_tree_height": 2.0,
    "segment_count": 1.0,
    "segment_crossing_count": 1.0,
    "segment_stage_count_avg": 5.0,
    "segment_sync_cycles": 24.0,
    "serialization_ratio": 0.578630310368118,
    "shortcut_input_count": 0.0,
    "spm_overflow_ratio": 0.0,
    "spm_residency": 0.9750000000000001,
    "total_interchip_bw": 11.646672896039581
  },
  "design_id": "paper_full_bootstrap_043",
  "die_area_breakdown": {
    "compute_die_area": 27.84882,
    "io_die_area": 12.40742,
    "total_die_area": 40.25624
  },
  "energy_breakdown": {
    "buf": 708462.51008,
    "bus": 212284.2112,
    "dram": 161327221.30944,
    "mac": 67256356.00879,
    "noc": 438020623.61723,
    "nop": 1788506173.11842,
    "ubuf": 381479.81312
  },
  "execution_controls": {
    "proposal_budget": 512,
    "time_cap_minutes": 30.0
  },
  "legality_details": {
    "buffer_margin": 256682.0,
    "channel_count_available": 5,
    "channel_count_required": 1,
    "dram_channel_margin": 26.836943,
    "edge_margin": 573.806578,
    "io_competition_score": 0.014461,
    "memory_margin": 177.634151,
    "memory_required_bw_gbps": 15.671844,
    "noc_margin": 34.822827,
    "peak_dram_channel_gbps": 5.163057,
    "peak_noc_link_gbps": 5.177173,
    "peak_nop_link_gbps": 3.321052,
    "peak_route_link_gbps": 5.177173,
    "reasons": [],
    "route_margin": 665.388838,
    "total_interchip_bw": 11.646673
  },
  "legality_flags": {
    "buffer": "legal",
    "edge": "legal",
    "memory": "legal",
    "memory_channel": "legal",
    "noc": "legal",
    "overall": "legal",
    "route": "legal"
  },
  "memory_attachment": {
    "channel_count_available": 5,
    "channel_count_required": 1,
    "memory_bandwidth_gbps": 160,
    "memory_channel_bandwidth_gbps": 32.0,
    "memory_class": "GDDR6X",
    "noc_bandwidth": 32
  },
  "notes": {
    "chiplet_geometry": {
      "chiplet_count": 4,
      "per_die_exposed_edges": 12,
      "total_exposed_edge_slots": 48,
      "x_step": 4,
      "y_step": 2
    },
    "message": "This canonical design record is exported directly from the Python-native search summary and its derived evaluation terms.",
    "status": "exported_from_search_summary",
    "workload_ref": "workloads/dense_decoder_block.json",
    "workload_status": "runnable_binding"
  },
  "package_class": "OS",
  "paths": {
    "point_snapshot": "results/raw/20260405_205311_paper_full_bootstrap/paper_full_bootstrap_043/point_snapshot.json",
    "result_log": "results/raw/20260405_205311_paper_full_bootstrap/paper_full_bootstrap_043/result.log",
    "stderr_log": "results/raw/20260405_205311_paper_full_bootstrap/paper_full_bootstrap_043/stderr.log",
    "stdout_log": "results/raw/20260405_205311_paper_full_bootstrap/paper_full_bootstrap_043/stdout.log"
  },
  "per_edge_bandwidth": {
    "edge_capacity": 576.718247,
    "edge_demand": 2.911669,
    "edge_margin": 573.806578,
    "per_die_exposed_edges": 12,
    "route_budget": 670.566011,
    "route_demand": 5.177173,
    "route_margin": 665.388838,
    "total_exposed_edge_slots": 48
  },
  "phy_count": 96,
  "process_node": "12",
  "proposal_budget": 512,
  "schema_version": "python_native_v1",
  "seed": 41,
  "state_tuple": {
    "a": {
      "core_array": {
        "x": 8,
        "y": 4
      },
      "macs_per_core": 2048,
      "microarch": "polar",
      "ul3_kb": 2048
    },
    "b": {
      "memory_bandwidth_gbps": 160,
      "memory_class": "GDDR6X",
      "noc_bandwidth": 32
    },
    "i": {
      "interface_class": "XSR",
      "nop_bandwidth": 16
    },
    "k": {
      "chiplet_count": 4,
      "chiplet_partition": {
        "x": 2,
        "y": 2
      }
    },
    "m": {
      "batch_size": 1,
      "search_rounds": 3,
      "workload": "dense_decoder_block",
      "workload_motif": "dense_decoder_block",
      "workload_ref": "workloads/dense_decoder_block.json",
      "workload_trace_ref": null,
      "workload_trace_summary": {}
    },
    "p": {
      "package_class": "OS"
    }
  },
  "surrogate_metrics": {
    "cost": 2.106562082926102e+16,
    "cost_overall": 402315.7733043795,
    "edp": 2.0981485074113824e+16,
    "energy": 2456412600.5882826,
    "latency_cycles": 8541515
  },
  "time_cap_minutes": 30.0,
  "tops_target": 128,
  "trace_id": "dense_decoder_block",
  "traffic_matrix": [
    [
      0.0,
      1.328608,
      1.328608,
      0.254453
    ],
    [
      1.328608,
      0.0,
      0.254453,
      1.328608
    ],
    [
      1.328608,
      0.254453,
      0.0,
      1.328608
    ],
    [
      0.254453,
      1.328608,
      1.328608,
      0.0
    ]
  ],
  "workload": "dense_decoder_block",
  "workload_motif": "dense_decoder_block",
  "workload_trace": {
    "summary": {},
    "trace_ref": null
  }
}
