{
  "baseline_mode": "Joint",
  "best_state": {
    "batch_cluster": false,
    "interleave": true,
    "mapping_tiling": 2,
    "memory_balance": 0.7,
    "memory_prefetch": 2,
    "noc_balance": 1.0147807945249945,
    "pipeline_depth": 1,
    "placement_skew": 0.10776017053782733,
    "route_slack": 0.7098432329796064,
    "segment_span": 3,
    "spm_level": 3
  },
  "closure_terms": {
    "M1": 712.687871,
    "M2": 86.940261,
    "Si": 1.0,
    "Sp": 1.35
  },
  "cost_breakdown": {
    "cost_chip": 4.01167,
    "cost_package": 1.99734,
    "cost_soc": 1279619.15592,
    "cost_system_package": 956907.39074
  },
  "derived_terms": {
    "amortized_nre_cost": 1279611.1469129578,
    "assembly_waste_cost": 0.47123569606437743,
    "avg_mapped_utilization": 1.0,
    "avg_partition_utilization": 1.0,
    "boundary_count": 1.0,
    "buffer_area": 4.6431,
    "buffer_average_bytes": 386591.0,
    "buffer_capacity_bytes": 507904.0,
    "buffer_margin": 121313.0,
    "buffer_overflow_core_count": 0.0,
    "buffer_overflow_ratio": 0.0,
    "buffer_peak_bytes": 386591.0,
    "channel_count_available": 4.0,
    "channel_count_required": 1.0,
    "chip_nre": 96811726.05313602,
    "collective_pressure": 0.336,
    "compute_array_area": 8.22528,
    "compute_cycles": 1433353889.0,
    "control_area": 4.294656102322696,
    "defect_die_cost": 0.016632156442547896,
    "distinct_chip_type_count": 2.0,
    "dram_channel_imbalance": 0.7654262237873088,
    "dram_channel_margin": 30.826106750392466,
    "dram_service_cycles": 22827005.0,
    "edge_margin": 712.6878711195055,
    "endpoint_latency_cycles": 33.0,
    "graph_layer_count": 5.0,
    "interposer_area": 29.469952645609872,
    "io_competition_score": 0.006818863076701429,
    "layout_locality_score": 0.0,
    "locality_score": 0.572366348623351,
    "memory_margin": 86.94026098901097,
    "module_nre": 58546972.58927828,
    "multicast_degree": 1.94,
    "noc_margin": 31.97655706603805,
    "noc_service_cycles": 9845422.0,
    "nop_service_cycles": 33307204.0,
    "overflow_core_count": 0.0,
    "package_area": 117.87981058243949,
    "package_defect_cost": 0.18034863729781409,
    "package_nre": 228524645.43147308,
    "peak_dram_channel_gbps": 1.1738932496075354,
    "peak_noc_link_gbps": 0.4964283587617737,
    "peak_nop_link_gbps": 0.4562202031004708,
    "peak_route_link_gbps": 0.4964283587617737,
    "peak_ubuf_bytes": 3511880.0,
    "per_compute_die_area": 4.676927337882934,
    "phy_count": 96.0,
    "raw_die_cost": 3.9950356734153667,
    "raw_package_cost": 1.3457535289528737,
    "remote_weight_share": 0.75,
    "route_margin": 683.266882392933,
    "schedule_tree_height": 2.0,
    "segment_count": 2.0,
    "segment_crossing_count": 1.0,
    "segment_stage_count_avg": 2.5,
    "segment_sync_cycles": 24.0,
    "serialization_ratio": 0.05467588349976757,
    "shortcut_input_count": 1.0,
    "spm_overflow_ratio": 0.0,
    "spm_residency": 0.925,
    "total_interchip_bw": 1.8716292503924674
  },
  "design_id": "paper_full_bootstrap_009",
  "die_area_breakdown": {
    "compute_die_area": 18.70771,
    "io_die_area": 5.85058,
    "total_die_area": 24.55829
  },
  "energy_breakdown": {
    "buf": 133363229.91194,
    "bus": 1846794.62339,
    "dram": 6907241252.78211,
    "mac": 272909130.89794,
    "noc": 17968812203.82212,
    "nop": 28628569436.32909,
    "ubuf": 71810969.95258
  },
  "execution_controls": {
    "proposal_budget": 512,
    "time_cap_minutes": 30.0
  },
  "legality_details": {
    "buffer_margin": 121313.0,
    "channel_count_available": 4,
    "channel_count_required": 1,
    "dram_channel_margin": 30.826107,
    "edge_margin": 712.687871,
    "io_competition_score": 0.006819,
    "memory_margin": 86.940261,
    "memory_required_bw_gbps": 2.659739,
    "noc_margin": 31.976557,
    "peak_dram_channel_gbps": 1.173893,
    "peak_noc_link_gbps": 0.496428,
    "peak_nop_link_gbps": 0.45622,
    "peak_route_link_gbps": 0.496428,
    "reasons": [],
    "route_margin": 683.266882,
    "total_interchip_bw": 1.871629
  },
  "legality_flags": {
    "buffer": "legal",
    "edge": "legal",
    "memory": "legal",
    "memory_channel": "legal",
    "noc": "legal",
    "overall": "legal",
    "route": "legal"
  },
  "memory_attachment": {
    "channel_count_available": 4,
    "channel_count_required": 1,
    "memory_bandwidth_gbps": 128,
    "memory_channel_bandwidth_gbps": 32.0,
    "memory_class": "GDDR6X",
    "noc_bandwidth": 32
  },
  "notes": {
    "chiplet_geometry": {
      "chiplet_count": 4,
      "per_die_exposed_edges": 12,
      "total_exposed_edge_slots": 48,
      "x_step": 4,
      "y_step": 2
    },
    "message": "This canonical design record is exported directly from the Python-native search summary and its derived evaluation terms.",
    "status": "exported_from_search_summary",
    "workload_ref": "workloads/long_context_prefill.json",
    "workload_status": "runnable_binding"
  },
  "package_class": "FO",
  "paths": {
    "point_snapshot": "results/raw/20260405_205311_paper_full_bootstrap/paper_full_bootstrap_009/point_snapshot.json",
    "result_log": "results/raw/20260405_205311_paper_full_bootstrap/paper_full_bootstrap_009/result.log",
    "stderr_log": "results/raw/20260405_205311_paper_full_bootstrap/paper_full_bootstrap_009/stderr.log",
    "stdout_log": "results/raw/20260405_205311_paper_full_bootstrap/paper_full_bootstrap_009/stdout.log"
  },
  "per_edge_bandwidth": {
    "edge_capacity": 713.155778,
    "edge_demand": 0.467907,
    "edge_margin": 712.687871,
    "per_die_exposed_edges": 12,
    "route_budget": 683.763311,
    "route_demand": 0.496428,
    "route_margin": 683.266882,
    "total_exposed_edge_slots": 48
  },
  "phy_count": 96,
  "process_node": "7",
  "proposal_budget": 512,
  "schema_version": "python_native_v1",
  "seed": 7,
  "state_tuple": {
    "a": {
      "core_array": {
        "x": 8,
        "y": 4
      },
      "macs_per_core": 2048,
      "microarch": "polar",
      "ul3_kb": 2048
    },
    "b": {
      "memory_bandwidth_gbps": 128,
      "memory_class": "GDDR6X",
      "noc_bandwidth": 32
    },
    "i": {
      "interface_class": "UCIe",
      "nop_bandwidth": 16
    },
    "k": {
      "chiplet_count": 4,
      "chiplet_partition": {
        "x": 2,
        "y": 2
      }
    },
    "m": {
      "batch_size": 1,
      "search_rounds": 3,
      "workload": "long_context_prefill",
      "workload_motif": "long_context_prefill",
      "workload_ref": "workloads/long_context_prefill.json",
      "workload_trace_ref": null,
      "workload_trace_summary": {}
    },
    "p": {
      "package_class": "FO"
    }
  },
  "surrogate_metrics": {
    "cost": 7.854858344283528e+19,
    "cost_overall": 1279619.1559186499,
    "edp": 7.854771941792168e+19,
    "energy": 53984553018.319176,
    "latency_cycles": 1455003608
  },
  "time_cap_minutes": 30.0,
  "tops_target": 128,
  "trace_id": "long_context_prefill",
  "traffic_matrix": [
    [
      0.0,
      0.212709,
      0.212709,
      0.042489
    ],
    [
      0.212709,
      0.0,
      0.042489,
      0.212709
    ],
    [
      0.212709,
      0.042489,
      0.0,
      0.212709
    ],
    [
      0.042489,
      0.212709,
      0.212709,
      0.0
    ]
  ],
  "workload": "long_context_prefill",
  "workload_motif": "long_context_prefill",
  "workload_trace": {
    "summary": {},
    "trace_ref": null
  }
}
