{
  "baseline_mode": "Partition-first",
  "best_state": {
    "batch_cluster": true,
    "interleave": true,
    "mapping_tiling": 3,
    "memory_balance": 0.8849737497016689,
    "memory_prefetch": 3,
    "noc_balance": 1.1097237597993546,
    "pipeline_depth": 1,
    "placement_skew": -0.017000385675651902,
    "route_slack": 0.7970312148577263,
    "segment_span": 4,
    "spm_level": 3
  },
  "closure_terms": {
    "M1": 1390.272702,
    "M2": 164.238726,
    "Si": 1.0,
    "Sp": 1.65
  },
  "cost_breakdown": {
    "cost_chip": 4.55484,
    "cost_package": 3.96936,
    "cost_soc": 552869.42182,
    "cost_system_package": 228547.18602
  },
  "derived_terms": {
    "amortized_nre_cost": 552856.8976223002,
    "assembly_waste_cost": 1.3910900202576368,
    "avg_mapped_utilization": 1.0,
    "avg_partition_utilization": 1.0,
    "boundary_count": 1.0,
    "buffer_area": 4.6431,
    "buffer_average_bytes": 132096.0,
    "buffer_capacity_bytes": 507904.0,
    "buffer_margin": 375808.0,
    "buffer_overflow_core_count": 0.0,
    "buffer_overflow_ratio": 0.0,
    "buffer_peak_bytes": 132096.0,
    "channel_count_available": 8.0,
    "channel_count_required": 2.0,
    "chip_nre": 97294104.2877124,
    "collective_pressure": 0.28,
    "compute_array_area": 8.62848,
    "compute_cycles": 32128.0,
    "control_area": 4.690200231405391,
    "defect_die_cost": 0.02073178660603059,
    "distinct_chip_type_count": 2.0,
    "dram_channel_imbalance": 0.7742111982491335,
    "dram_channel_margin": 18.1801025048726,
    "dram_service_cycles": 4829.0,
    "edge_margin": 1390.2727019673716,
    "endpoint_latency_cycles": 33.0,
    "graph_layer_count": 6.0,
    "interposer_area": 30.61128781023226,
    "io_competition_score": 0.00961550467554269,
    "layout_locality_score": 0.03125,
    "locality_score": 0.6620800590302888,
    "memory_margin": 164.23872567544998,
    "module_nre": 60814425.11632809,
    "multicast_degree": 1.9466666666666665,
    "noc_margin": 24.14388067739946,
    "noc_service_cycles": 3510.0,
    "nop_service_cycles": 7508.0,
    "overflow_core_count": 0.0,
    "package_area": 122.44515124092904,
    "package_defect_cost": 0.6390944928157378,
    "package_nre": 7748539.8826495595,
    "peak_dram_channel_gbps": 13.819897495127401,
    "peak_noc_link_gbps": 11.367279636179887,
    "peak_nop_link_gbps": 12.050069732187977,
    "peak_route_link_gbps": 12.050069732187977,
    "peak_ubuf_bytes": 132096.0,
    "per_compute_die_area": 4.894585113057969,
    "phy_count": 192.0,
    "raw_die_cost": 4.534103222433511,
    "raw_package_cost": 1.939177218535734,
    "remote_weight_share": 0.75,
    "route_margin": 1849.5654114051256,
    "schedule_tree_height": 3.0,
    "segment_count": 2.0,
    "segment_crossing_count": 1.0,
    "segment_stage_count_avg": 2.5,
    "segment_sync_cycles": 24.0,
    "serialization_ratio": 0.5498254879700053,
    "shortcut_input_count": 1.0,
    "spm_overflow_ratio": 0.0,
    "spm_residency": 0.9750000000000001,
    "total_interchip_bw": 47.632878481195384
  },
  "design_id": "paper_full_bootstrap_021",
  "die_area_breakdown": {
    "compute_die_area": 19.57834,
    "io_die_area": 8.2501,
    "total_die_area": 27.82844
  },
  "energy_breakdown": {
    "buf": 20236.58291,
    "bus": 9605.12,
    "dram": 6712581.61152,
    "mac": 13155952.38095,
    "noc": 16307640.41595,
    "nop": 14184299.81,
    "ubuf": 10896.62157
  },
  "execution_controls": {
    "proposal_budget": 512,
    "time_cap_minutes": 30.0
  },
  "legality_details": {
    "buffer_margin": 375808.0,
    "channel_count_available": 8,
    "channel_count_required": 2,
    "dram_channel_margin": 18.180103,
    "edge_margin": 1390.272702,
    "io_competition_score": 0.009616,
    "memory_margin": 164.238726,
    "memory_required_bw_gbps": 62.314554,
    "noc_margin": 24.143881,
    "peak_dram_channel_gbps": 13.819897,
    "peak_noc_link_gbps": 11.36728,
    "peak_nop_link_gbps": 12.05007,
    "peak_route_link_gbps": 12.05007,
    "reasons": [],
    "route_margin": 1849.565411,
    "total_interchip_bw": 47.632878
  },
  "legality_flags": {
    "buffer": "legal",
    "edge": "legal",
    "memory": "legal",
    "memory_channel": "legal",
    "noc": "legal",
    "overall": "legal",
    "route": "legal"
  },
  "memory_attachment": {
    "channel_count_available": 8,
    "channel_count_required": 2,
    "memory_bandwidth_gbps": 256,
    "memory_channel_bandwidth_gbps": 32.0,
    "memory_class": "GDDR6X",
    "noc_bandwidth": 32
  },
  "notes": {
    "chiplet_geometry": {
      "chiplet_count": 4,
      "per_die_exposed_edges": 12,
      "total_exposed_edge_slots": 48,
      "x_step": 4,
      "y_step": 2
    },
    "message": "This canonical design record is exported directly from the Python-native search summary and its derived evaluation terms.",
    "status": "exported_from_search_summary",
    "workload_ref": "workloads/kv_heavy_decode.json",
    "workload_status": "runnable_binding"
  },
  "package_class": "SI",
  "paths": {
    "point_snapshot": "results/raw/20260405_205311_paper_full_bootstrap/paper_full_bootstrap_021/point_snapshot.json",
    "result_log": "results/raw/20260405_205311_paper_full_bootstrap/paper_full_bootstrap_021/result.log",
    "stderr_log": "results/raw/20260405_205311_paper_full_bootstrap/paper_full_bootstrap_021/stderr.log",
    "stdout_log": "results/raw/20260405_205311_paper_full_bootstrap/paper_full_bootstrap_021/stdout.log"
  },
  "per_edge_bandwidth": {
    "edge_capacity": 1402.180922,
    "edge_demand": 11.90822,
    "edge_margin": 1390.272702,
    "per_die_exposed_edges": 12,
    "route_budget": 1861.615481,
    "route_demand": 12.05007,
    "route_margin": 1849.565411,
    "total_exposed_edge_slots": 48
  },
  "phy_count": 192,
  "process_node": "7",
  "proposal_budget": 512,
  "schema_version": "python_native_v1",
  "seed": 11,
  "state_tuple": {
    "a": {
      "core_array": {
        "x": 8,
        "y": 4
      },
      "macs_per_core": 2048,
      "microarch": "polar",
      "ul3_kb": 2048
    },
    "b": {
      "memory_bandwidth_gbps": 256,
      "memory_class": "GDDR6X",
      "noc_bandwidth": 32
    },
    "i": {
      "interface_class": "UCIe",
      "nop_bandwidth": 32
    },
    "k": {
      "chiplet_count": 4,
      "chiplet_partition": {
        "x": 2,
        "y": 2
      }
    },
    "m": {
      "batch_size": 1,
      "search_rounds": 3,
      "workload": "kv_heavy_decode",
      "workload_motif": "kv_heavy_decode",
      "workload_ref": "workloads/kv_heavy_decode.json",
      "workload_trace_ref": null,
      "workload_trace_summary": {}
    },
    "p": {
      "package_class": "SI"
    }
  },
  "surrogate_metrics": {
    "cost": 1855151084216.0054,
    "cost_overall": 552869.4218190408,
    "edp": 1840400276003.8345,
    "energy": 50401212.542895645,
    "latency_cycles": 36515
  },
  "time_cap_minutes": 30.0,
  "tops_target": 128,
  "trace_id": "kv_heavy_decode",
  "traffic_matrix": [
    [
      0.0,
      5.467621,
      5.467621,
      0.972978
    ],
    [
      5.467621,
      0.0,
      0.972978,
      5.467621
    ],
    [
      5.467621,
      0.972978,
      0.0,
      5.467621
    ],
    [
      0.972978,
      5.467621,
      5.467621,
      0.0
    ]
  ],
  "workload": "kv_heavy_decode",
  "workload_motif": "kv_heavy_decode",
  "workload_trace": {
    "summary": {},
    "trace_ref": null
  }
}
