{
  "baseline_mode": "Joint",
  "best_state": {
    "batch_cluster": true,
    "interleave": true,
    "mapping_tiling": 4,
    "memory_balance": 1.226696775048612,
    "memory_prefetch": 3,
    "noc_balance": 0.9903896436005797,
    "pipeline_depth": 1,
    "placement_skew": 0.14591433485901334,
    "route_slack": 0.7044669820152099,
    "segment_span": 3,
    "spm_level": 3
  },
  "closure_terms": {
    "M1": 1902.248438,
    "M2": 624.183334,
    "Si": 1.0,
    "Sp": 1.35
  },
  "cost_breakdown": {
    "cost_chip": 11.26837,
    "cost_package": 5.85333,
    "cost_soc": 3040158.58823,
    "cost_system_package": 2703729.72326
  },
  "derived_terms": {
    "amortized_nre_cost": 3040133.466531381,
    "assembly_waste_cost": 1.3236535368087783,
    "avg_mapped_utilization": 1.0,
    "avg_partition_utilization": 1.0,
    "boundary_count": 1.0,
    "buffer_area": 9.2862,
    "buffer_average_bytes": 484895.0,
    "buffer_capacity_bytes": 507904.0,
    "buffer_margin": 23009.0,
    "buffer_overflow_core_count": 0.0,
    "buffer_overflow_ratio": 0.0,
    "buffer_peak_bytes": 484895.0,
    "channel_count_available": 16.0,
    "channel_count_required": 1.0,
    "chip_nre": 100922878.97992909,
    "collective_pressure": 0.528,
    "compute_array_area": 36.12672,
    "compute_cycles": 29895216783.0,
    "control_area": 7.6975486009154075,
    "defect_die_cost": 0.13735227429769603,
    "distinct_chip_type_count": 2.0,
    "dram_channel_imbalance": 0.7674348414869996,
    "dram_channel_margin": 31.570798898071626,
    "dram_service_cycles": 281317825.0,
    "edge_margin": 1902.2484384454606,
    "endpoint_latency_cycles": 34.0,
    "graph_layer_count": 5.0,
    "interposer_area": 84.7101713933888,
    "io_competition_score": 0.014803495011063948,
    "layout_locality_score": 0.8888888888888888,
    "locality_score": 0.7993886739475693,
    "memory_margin": 624.1833339458456,
    "module_nre": 168290873.83486578,
    "multicast_degree": 2.22,
    "noc_margin": 31.06843242384573,
    "noc_service_cycles": 209936171.0,
    "nop_service_cycles": 494513606.0,
    "overflow_core_count": 0.0,
    "package_area": 338.8406855735552,
    "package_defect_cost": 0.6431028647640327,
    "package_nre": 642826287.1446195,
    "peak_dram_channel_gbps": 0.4292011019283744,
    "peak_noc_link_gbps": 0.624036171372819,
    "peak_nop_link_gbps": 0.6226256516591021,
    "peak_route_link_gbps": 0.624036171372819,
    "peak_ubuf_bytes": 13340979.0,
    "per_compute_die_area": 14.472602693749451,
    "phy_count": 256.0,
    "raw_die_cost": 11.131018003763746,
    "raw_package_cost": 3.8865686413577807,
    "remote_weight_share": 0.75,
    "route_margin": 1809.689188838158,
    "schedule_tree_height": 2.0,
    "segment_count": 2.0,
    "segment_crossing_count": 1.0,
    "segment_stage_count_avg": 2.5,
    "segment_sync_cycles": 24.0,
    "serialization_ratio": 0.03892132421755867,
    "shortcut_input_count": 1.0,
    "spm_overflow_ratio": 0.0,
    "spm_residency": 0.9750000000000001,
    "total_interchip_bw": 2.914068686116001
  },
  "design_id": "paper_full_bootstrap_033",
  "die_area_breakdown": {
    "compute_die_area": 57.89041,
    "io_die_area": 12.7014,
    "total_die_area": 70.59181
  },
  "energy_breakdown": {
    "buf": 5783979617.40878,
    "bus": 13631102.96289,
    "dram": 210451138200.2073,
    "mac": 1847384886.07839,
    "noc": 695502018840.0007,
    "nop": 872018567611.0242,
    "ubuf": 3114450563.22011
  },
  "execution_controls": {
    "proposal_budget": 512,
    "time_cap_minutes": 30.0
  },
  "legality_details": {
    "buffer_margin": 23009.0,
    "channel_count_available": 16,
    "channel_count_required": 1,
    "dram_channel_margin": 31.570799,
    "edge_margin": 1902.248438,
    "io_competition_score": 0.014803,
    "memory_margin": 624.183334,
    "memory_required_bw_gbps": 3.885415,
    "noc_margin": 31.068432,
    "peak_dram_channel_gbps": 0.429201,
    "peak_noc_link_gbps": 0.624036,
    "peak_nop_link_gbps": 0.622626,
    "peak_route_link_gbps": 0.624036,
    "reasons": [],
    "route_margin": 1809.689189,
    "total_interchip_bw": 2.914069
  },
  "legality_flags": {
    "buffer": "legal",
    "edge": "legal",
    "memory": "legal",
    "memory_channel": "legal",
    "noc": "legal",
    "overall": "legal",
    "route": "legal"
  },
  "memory_attachment": {
    "channel_count_available": 16,
    "channel_count_required": 1,
    "memory_bandwidth_gbps": 512,
    "memory_channel_bandwidth_gbps": 32.0,
    "memory_class": "GDDR6X",
    "noc_bandwidth": 32
  },
  "notes": {
    "chiplet_geometry": {
      "chiplet_count": 4,
      "per_die_exposed_edges": 16,
      "total_exposed_edge_slots": 64,
      "x_step": 4,
      "y_step": 4
    },
    "message": "This canonical design record is exported directly from the Python-native search summary and its derived evaluation terms.",
    "status": "exported_from_search_summary",
    "workload_ref": "workloads/long_context_prefill.json",
    "workload_status": "runnable_binding"
  },
  "package_class": "FO",
  "paths": {
    "point_snapshot": "results/raw/20260405_205311_paper_full_bootstrap/paper_full_bootstrap_033/point_snapshot.json",
    "result_log": "results/raw/20260405_205311_paper_full_bootstrap/paper_full_bootstrap_033/result.log",
    "stderr_log": "results/raw/20260405_205311_paper_full_bootstrap/paper_full_bootstrap_033/stderr.log",
    "stdout_log": "results/raw/20260405_205311_paper_full_bootstrap/paper_full_bootstrap_033/stdout.log"
  },
  "per_edge_bandwidth": {
    "edge_capacity": 1902.976956,
    "edge_demand": 0.728518,
    "edge_margin": 1902.248438,
    "per_die_exposed_edges": 16,
    "route_budget": 1810.313225,
    "route_demand": 0.624036,
    "route_margin": 1809.689189,
    "total_exposed_edge_slots": 64
  },
  "phy_count": 256,
  "process_node": "7",
  "proposal_budget": 512,
  "schema_version": "python_native_v1",
  "seed": 31,
  "state_tuple": {
    "a": {
      "core_array": {
        "x": 8,
        "y": 8
      },
      "macs_per_core": 4096,
      "microarch": "polar",
      "ul3_kb": 4096
    },
    "b": {
      "memory_bandwidth_gbps": 512,
      "memory_class": "GDDR6X",
      "noc_bandwidth": 32
    },
    "i": {
      "interface_class": "UCIe",
      "nop_bandwidth": 32
    },
    "k": {
      "chiplet_count": 4,
      "chiplet_partition": {
        "x": 2,
        "y": 2
      }
    },
    "m": {
      "batch_size": 1,
      "search_rounds": 2,
      "workload": "long_context_prefill",
      "workload_motif": "long_context_prefill",
      "workload_ref": "workloads/long_context_prefill.json",
      "workload_trace_ref": null,
      "workload_trace_summary": {}
    },
    "p": {
      "package_class": "FO"
    }
  },
  "surrogate_metrics": {
    "cost": 5.398814014400704e+22,
    "cost_overall": 3040158.5882267025,
    "edp": 5.398754628099795e+22,
    "energy": 1788731170820.9023,
    "latency_cycles": 30182034708
  },
  "time_cap_minutes": 30.0,
  "tops_target": 512,
  "trace_id": "long_context_prefill",
  "traffic_matrix": [
    [
      0.0,
      0.338828,
      0.338828,
      0.050862
    ],
    [
      0.338828,
      0.0,
      0.050862,
      0.338828
    ],
    [
      0.338828,
      0.050862,
      0.0,
      0.338828
    ],
    [
      0.050862,
      0.338828,
      0.338828,
      0.0
    ]
  ],
  "workload": "long_context_prefill",
  "workload_motif": "long_context_prefill",
  "workload_trace": {
    "summary": {},
    "trace_ref": null
  }
}
