{
  "baseline_mode": "Memory-off",
  "best_state": {
    "batch_cluster": true,
    "interleave": true,
    "mapping_tiling": 4,
    "memory_balance": 0.8066416584326983,
    "memory_prefetch": 3,
    "noc_balance": 1.1423120668981572,
    "pipeline_depth": 4,
    "placement_skew": 0.0518626755884745,
    "route_slack": 0.9356593512781813,
    "segment_span": 4,
    "spm_level": 3
  },
  "closure_terms": {
    "M1": 1749.042167,
    "M2": 410.382423,
    "Si": 0.92,
    "Sp": 1.65
  },
  "cost_breakdown": {
    "cost_chip": 14.04115,
    "cost_package": 13.36232,
    "cost_soc": 1062054.32549,
    "cost_system_package": 711475.49158
  },
  "derived_terms": {
    "amortized_nre_cost": 1062018.9220239103,
    "assembly_waste_cost": 4.28830102028275,
    "avg_mapped_utilization": 1.0,
    "avg_partition_utilization": 1.0,
    "boundary_count": 0.0,
    "buffer_area": 4.6431,
    "buffer_average_bytes": 74136.0,
    "buffer_capacity_bytes": 253952.0,
    "buffer_margin": 179816.0,
    "buffer_overflow_core_count": 0.0,
    "buffer_overflow_ratio": 0.0,
    "buffer_peak_bytes": 74136.0,
    "channel_count_available": 16.0,
    "channel_count_required": 1.0,
    "chip_nre": 105167037.83035699,
    "collective_pressure": 0.0,
    "compute_array_area": 36.12672,
    "compute_cycles": 684.0,
    "control_area": 9.191117605353085,
    "defect_die_cost": 0.23404005658322813,
    "distinct_chip_type_count": 2.0,
    "dram_channel_imbalance": 0.9093609735782595,
    "dram_channel_margin": 31.687568108216716,
    "dram_service_cycles": 5.0,
    "edge_margin": 1749.042166994055,
    "endpoint_latency_cycles": 38.0,
    "graph_layer_count": 5.0,
    "interposer_area": 102.32245086310407,
    "io_competition_score": 0.044945207326007326,
    "layout_locality_score": 0.015625,
    "locality_score": 0.6865981190233482,
    "memory_margin": 410.3824226737064,
    "module_nre": 203280602.38136676,
    "multicast_degree": 1.42,
    "noc_margin": 35.69221950445959,
    "noc_service_cycles": 7.0,
    "nop_service_cycles": 11.0,
    "overflow_core_count": 0.0,
    "package_area": 409.28980345241627,
    "package_defect_cost": 2.5348049339973118,
    "package_nre": 10158036.395449314,
    "peak_dram_channel_gbps": 0.3124318917832829,
    "peak_noc_link_gbps": 0.8617666362814437,
    "peak_nop_link_gbps": 0.8145381125307269,
    "peak_route_link_gbps": 0.8617666362814437,
    "peak_ubuf_bytes": 74136.0,
    "per_compute_die_area": 13.614355497458716,
    "phy_count": 320.0,
    "raw_die_cost": 13.80710992799242,
    "raw_package_cost": 6.539213649112578,
    "remote_weight_share": 0.75,
    "route_margin": 2703.69106419197,
    "schedule_tree_height": 2.0,
    "segment_count": 1.0,
    "segment_crossing_count": 1.0,
    "segment_stage_count_avg": 5.0,
    "segment_sync_cycles": 28.0,
    "serialization_ratio": 0.031455289000242824,
    "shortcut_input_count": 0.0,
    "spm_overflow_ratio": 0.0,
    "spm_residency": 0.9750000000000001,
    "total_interchip_bw": 8.27220313090958
  },
  "design_id": "paper_full_bootstrap_032",
  "die_area_breakdown": {
    "compute_die_area": 54.45742,
    "io_die_area": 38.56299,
    "total_die_area": 93.02041
  },
  "energy_breakdown": {
    "buf": 285.93055,
    "bus": 684.6952,
    "dram": 203253.01099,
    "mac": 37417582.41758,
    "noc": 2266134.63257,
    "nop": 9711696.37565,
    "ubuf": 153.96261
  },
  "execution_controls": {
    "proposal_budget": 512,
    "time_cap_minutes": 30.0
  },
  "legality_details": {
    "buffer_margin": 179816.0,
    "channel_count_available": 16,
    "channel_count_required": 1,
    "dram_channel_margin": 31.687568,
    "edge_margin": 1749.042167,
    "io_competition_score": 0.044945,
    "memory_margin": 410.382423,
    "memory_required_bw_gbps": 2.618106,
    "noc_margin": 35.69222,
    "peak_dram_channel_gbps": 0.312432,
    "peak_noc_link_gbps": 0.861767,
    "peak_nop_link_gbps": 0.814538,
    "peak_route_link_gbps": 0.861767,
    "reasons": [],
    "route_margin": 2703.691064,
    "total_interchip_bw": 8.272203
  },
  "legality_flags": {
    "buffer": "legal",
    "edge": "legal",
    "memory": "legal",
    "memory_channel": "legal",
    "noc": "legal",
    "overall": "legal",
    "route": "legal"
  },
  "memory_attachment": {
    "channel_count_available": 16,
    "channel_count_required": 1,
    "memory_bandwidth_gbps": 512,
    "memory_channel_bandwidth_gbps": 32.0,
    "memory_class": "GDDR6X",
    "noc_bandwidth": 32
  },
  "notes": {
    "chiplet_geometry": {
      "chiplet_count": 4,
      "per_die_exposed_edges": 16,
      "total_exposed_edge_slots": 64,
      "x_step": 4,
      "y_step": 4
    },
    "message": "This canonical design record is exported directly from the Python-native search summary and its derived evaluation terms.",
    "status": "exported_from_search_summary",
    "workload_ref": "workloads/cnn_inference.json",
    "workload_status": "runnable_binding"
  },
  "package_class": "SI",
  "paths": {
    "point_snapshot": "results/raw/20260405_205311_paper_full_bootstrap/paper_full_bootstrap_032/point_snapshot.json",
    "result_log": "results/raw/20260405_205311_paper_full_bootstrap/paper_full_bootstrap_032/result.log",
    "stderr_log": "results/raw/20260405_205311_paper_full_bootstrap/paper_full_bootstrap_032/stderr.log",
    "stdout_log": "results/raw/20260405_205311_paper_full_bootstrap/paper_full_bootstrap_032/stdout.log"
  },
  "per_edge_bandwidth": {
    "edge_capacity": 1751.110217,
    "edge_demand": 2.06805,
    "edge_margin": 1749.042167,
    "per_die_exposed_edges": 16,
    "route_budget": 2704.552831,
    "route_demand": 0.861767,
    "route_margin": 2703.691064,
    "total_exposed_edge_slots": 64
  },
  "phy_count": 320,
  "process_node": "7",
  "proposal_budget": 512,
  "schema_version": "python_native_v1",
  "seed": 21,
  "state_tuple": {
    "a": {
      "core_array": {
        "x": 8,
        "y": 8
      },
      "macs_per_core": 4096,
      "microarch": "polar",
      "ul3_kb": 2048
    },
    "b": {
      "memory_bandwidth_gbps": 512,
      "memory_class": "GDDR6X",
      "noc_bandwidth": 32
    },
    "i": {
      "interface_class": "USR",
      "nop_bandwidth": 32
    },
    "k": {
      "chiplet_count": 4,
      "chiplet_partition": {
        "x": 2,
        "y": 2
      }
    },
    "m": {
      "batch_size": 1,
      "search_rounds": 2,
      "workload": "cnn_inference",
      "workload_motif": "cnn_inference",
      "workload_ref": "workloads/cnn_inference.json",
      "workload_trace_ref": null,
      "workload_trace_summary": {}
    },
    "p": {
      "package_class": "SI"
    }
  },
  "surrogate_metrics": {
    "cost": 36614277262.38564,
    "cost_overall": 1062054.3254934982,
    "edp": 36108647866.313644,
    "energy": 49599791.0251561,
    "latency_cycles": 728
  },
  "time_cap_minutes": 30.0,
  "tops_target": 512,
  "trace_id": "cnn_inference",
  "traffic_matrix": [
    [
      0.0,
      0.951906,
      0.951906,
      0.164238
    ],
    [
      0.951906,
      0.0,
      0.164238,
      0.951906
    ],
    [
      0.951906,
      0.164238,
      0.0,
      0.951906
    ],
    [
      0.164238,
      0.951906,
      0.951906,
      0.0
    ]
  ],
  "workload": "cnn_inference",
  "workload_motif": "cnn_inference",
  "workload_trace": {
    "summary": {},
    "trace_ref": null
  }
}
