{
  "baseline_mode": "Architecture-first",
  "best_state": {
    "batch_cluster": true,
    "interleave": true,
    "mapping_tiling": 4,
    "memory_balance": 0.8029482339066832,
    "memory_prefetch": 2,
    "noc_balance": 0.9859941869234767,
    "pipeline_depth": 2,
    "placement_skew": -0.12768713284035227,
    "route_slack": 0.8438229027443256,
    "segment_span": 4,
    "spm_level": 3
  },
  "closure_terms": {
    "M1": 1749.231179,
    "M2": 408.552671,
    "Si": 0.92,
    "Sp": 1.65
  },
  "cost_breakdown": {
    "cost_chip": 13.74001,
    "cost_package": 13.04854,
    "cost_soc": 1045509.05955,
    "cost_system_package": 695845.38265
  },
  "derived_terms": {
    "amortized_nre_cost": 1045474.2710103118,
    "assembly_waste_cost": 4.196329612986045,
    "avg_mapped_utilization": 1.0,
    "avg_partition_utilization": 1.0,
    "boundary_count": 1.0,
    "buffer_area": 4.6431,
    "buffer_average_bytes": 74136.0,
    "buffer_capacity_bytes": 253952.0,
    "buffer_margin": 179816.0,
    "buffer_overflow_core_count": 0.0,
    "buffer_overflow_ratio": 0.0,
    "buffer_peak_bytes": 74136.0,
    "channel_count_available": 16.0,
    "channel_count_required": 1.0,
    "chip_nre": 104892581.06938767,
    "collective_pressure": 0.06,
    "compute_array_area": 36.12672,
    "compute_cycles": 636.0,
    "control_area": 8.33661227970421,
    "defect_die_cost": 0.22283334436357194,
    "distinct_chip_type_count": 2.0,
    "dram_channel_imbalance": 0.813409837582713,
    "dram_channel_margin": 31.710214253483304,
    "dram_service_cycles": 5.0,
    "edge_margin": 1749.231179136966,
    "endpoint_latency_cycles": 38.0,
    "graph_layer_count": 5.0,
    "interposer_area": 100.00150057765106,
    "io_competition_score": 0.043571612920412915,
    "layout_locality_score": 0.015625,
    "locality_score": 0.675096794769761,
    "memory_margin": 408.55267057477573,
    "module_nre": 198669647.81426677,
    "multicast_degree": 1.42,
    "noc_margin": 30.69035156120501,
    "noc_service_cycles": 6.0,
    "nop_service_cycles": 9.0,
    "overflow_core_count": 0.0,
    "package_area": 400.00600231060423,
    "package_defect_cost": 2.464041276720659,
    "package_nre": 10080052.419439087,
    "peak_dram_channel_gbps": 0.2897857465166956,
    "peak_noc_link_gbps": 0.8614624203462453,
    "peak_nop_link_gbps": 0.8553275846888776,
    "peak_route_link_gbps": 0.8614624203462453,
    "peak_ubuf_bytes": 74136.0,
    "per_compute_die_area": 13.381502796219397,
    "phy_count": 320.0,
    "raw_die_cost": 13.517175391489666,
    "raw_package_cost": 6.388164557362919,
    "remote_weight_share": 0.75,
    "route_margin": 2438.1454371393984,
    "schedule_tree_height": 2.0,
    "segment_count": 2.0,
    "segment_crossing_count": 1.0,
    "segment_stage_count_avg": 2.5,
    "segment_sync_cycles": 28.0,
    "serialization_ratio": 0.031951219691265825,
    "shortcut_input_count": 1.0,
    "spm_overflow_ratio": 0.0,
    "spm_residency": 0.925,
    "total_interchip_bw": 7.792021829807829
  },
  "design_id": "paper_full_bootstrap_028",
  "die_area_breakdown": {
    "compute_die_area": 53.52601,
    "io_die_area": 37.38444,
    "total_die_area": 90.91046
  },
  "energy_breakdown": {
    "buf": 285.93055,
    "bus": 684.6952,
    "dram": 180650.6712,
    "mac": 34780219.78022,
    "noc": 2562901.00846,
    "nop": 9837036.7193,
    "ubuf": 153.96261
  },
  "execution_controls": {
    "proposal_budget": 512,
    "time_cap_minutes": 30.0
  },
  "legality_details": {
    "buffer_margin": 179816.0,
    "channel_count_available": 16,
    "channel_count_required": 1,
    "dram_channel_margin": 31.710214,
    "edge_margin": 1749.231179,
    "io_competition_score": 0.043572,
    "memory_margin": 408.552671,
    "memory_required_bw_gbps": 2.556825,
    "noc_margin": 30.690352,
    "peak_dram_channel_gbps": 0.289786,
    "peak_noc_link_gbps": 0.861462,
    "peak_nop_link_gbps": 0.855328,
    "peak_route_link_gbps": 0.861462,
    "reasons": [],
    "route_margin": 2438.145437,
    "total_interchip_bw": 7.792022
  },
  "legality_flags": {
    "buffer": "legal",
    "edge": "legal",
    "memory": "legal",
    "memory_channel": "legal",
    "noc": "legal",
    "overall": "legal",
    "route": "legal"
  },
  "memory_attachment": {
    "channel_count_available": 16,
    "channel_count_required": 1,
    "memory_bandwidth_gbps": 512,
    "memory_channel_bandwidth_gbps": 32.0,
    "memory_class": "GDDR6X",
    "noc_bandwidth": 32
  },
  "notes": {
    "chiplet_geometry": {
      "chiplet_count": 4,
      "per_die_exposed_edges": 16,
      "total_exposed_edge_slots": 64,
      "x_step": 4,
      "y_step": 4
    },
    "message": "This canonical design record is exported directly from the Python-native search summary and its derived evaluation terms.",
    "status": "exported_from_search_summary",
    "workload_ref": "workloads/cnn_inference.json",
    "workload_status": "runnable_binding"
  },
  "package_class": "SI",
  "paths": {
    "point_snapshot": "results/raw/20260405_205311_paper_full_bootstrap/paper_full_bootstrap_028/point_snapshot.json",
    "result_log": "results/raw/20260405_205311_paper_full_bootstrap/paper_full_bootstrap_028/result.log",
    "stderr_log": "results/raw/20260405_205311_paper_full_bootstrap/paper_full_bootstrap_028/stderr.log",
    "stdout_log": "results/raw/20260405_205311_paper_full_bootstrap/paper_full_bootstrap_028/stdout.log"
  },
  "per_edge_bandwidth": {
    "edge_capacity": 1751.179184,
    "edge_demand": 1.948005,
    "edge_margin": 1749.231179,
    "per_die_exposed_edges": 16,
    "route_budget": 2439.0069,
    "route_demand": 0.861462,
    "route_margin": 2438.145437,
    "total_exposed_edge_slots": 64
  },
  "phy_count": 320,
  "process_node": "7",
  "proposal_budget": 512,
  "schema_version": "python_native_v1",
  "seed": 21,
  "state_tuple": {
    "a": {
      "core_array": {
        "x": 8,
        "y": 8
      },
      "macs_per_core": 4096,
      "microarch": "polar",
      "ul3_kb": 2048
    },
    "b": {
      "memory_bandwidth_gbps": 512,
      "memory_class": "GDDR6X",
      "noc_bandwidth": 32
    },
    "i": {
      "interface_class": "USR",
      "nop_bandwidth": 32
    },
    "k": {
      "chiplet_count": 4,
      "chiplet_partition": {
        "x": 2,
        "y": 2
      }
    },
    "m": {
      "batch_size": 1,
      "search_rounds": 2,
      "workload": "cnn_inference",
      "workload_motif": "cnn_inference",
      "workload_ref": "workloads/cnn_inference.json",
      "workload_trace_ref": null,
      "workload_trace_summary": {}
    },
    "p": {
      "package_class": "SI"
    }
  },
  "surrogate_metrics": {
    "cost": 32590421318.50707,
    "cost_overall": 1045509.0595544947,
    "edp": 32395562012.99888,
    "energy": 47361932.76754222,
    "latency_cycles": 684
  },
  "time_cap_minutes": 30.0,
  "tops_target": 512,
  "trace_id": "cnn_inference",
  "traffic_matrix": [
    [
      0.0,
      0.895614,
      0.895614,
      0.156777
    ],
    [
      0.895614,
      0.0,
      0.156777,
      0.895614
    ],
    [
      0.895614,
      0.156777,
      0.0,
      0.895614
    ],
    [
      0.156777,
      0.895614,
      0.895614,
      0.0
    ]
  ],
  "workload": "cnn_inference",
  "workload_motif": "cnn_inference",
  "workload_trace": {
    "summary": {},
    "trace_ref": null
  }
}
