{
  "baseline_mode": "Stage-wise",
  "best_state": {
    "batch_cluster": false,
    "interleave": true,
    "mapping_tiling": 4,
    "memory_balance": 1.0913465565612814,
    "memory_prefetch": 3,
    "noc_balance": 1.2257036403863883,
    "pipeline_depth": 1,
    "placement_skew": -0.2957092795674621,
    "route_slack": 1.00070438353949,
    "segment_span": 4,
    "spm_level": 3
  },
  "closure_terms": {
    "M1": 1749.498588,
    "M2": 556.521672,
    "Si": 0.92,
    "Sp": 1.65
  },
  "cost_breakdown": {
    "cost_chip": 13.74367,
    "cost_package": 13.07043,
    "cost_soc": 1047216.32027,
    "cost_system_package": 697311.60321
  },
  "derived_terms": {
    "amortized_nre_cost": 1047181.5061715659,
    "assembly_waste_cost": 4.197447970341071,
    "avg_mapped_utilization": 1.0,
    "avg_partition_utilization": 1.0,
    "boundary_count": 0.0,
    "buffer_area": 4.6431,
    "buffer_average_bytes": 74136.0,
    "buffer_capacity_bytes": 253952.0,
    "buffer_margin": 179816.0,
    "buffer_overflow_core_count": 0.0,
    "buffer_overflow_ratio": 0.0,
    "buffer_peak_bytes": 74136.0,
    "channel_count_available": 16.0,
    "channel_count_required": 1.0,
    "chip_nre": 104964892.01844265,
    "collective_pressure": 0.0,
    "compute_array_area": 36.12672,
    "compute_cycles": 624.0,
    "control_area": 7.987425567740477,
    "defect_die_cost": 0.22502206433280403,
    "distinct_chip_type_count": 2.0,
    "dram_channel_imbalance": 0.9093609735782593,
    "dram_channel_margin": 31.73176282116329,
    "dram_service_cycles": 5.0,
    "edge_margin": 1749.4985880242825,
    "endpoint_latency_cycles": 38.0,
    "graph_layer_count": 5.0,
    "interposer_area": 100.21922411000655,
    "io_competition_score": 0.044245906626706626,
    "layout_locality_score": 0.015625,
    "locality_score": 0.6317699562645642,
    "memory_margin": 556.5216719108718,
    "module_nre": 199102191.89854637,
    "multicast_degree": 1.42,
    "noc_margin": 38.44883061245058,
    "noc_service_cycles": 5.0,
    "nop_service_cycles": 9.0,
    "overflow_core_count": 0.0,
    "package_area": 400.8768964400262,
    "package_defect_cost": 2.4706520723471455,
    "package_nre": 10087367.934480703,
    "peak_dram_channel_gbps": 0.268237178836709,
    "peak_noc_link_gbps": 0.7736858799138515,
    "peak_nop_link_gbps": 0.7145476379530844,
    "peak_route_link_gbps": 0.7736858799138515,
    "peak_ubuf_bytes": 74136.0,
    "per_compute_die_area": 13.286349417209278,
    "phy_count": 320.0,
    "raw_die_cost": 13.51864850012901,
    "raw_package_cost": 6.402328324411201,
    "remote_weight_share": 0.75,
    "route_margin": 2891.9530007304747,
    "schedule_tree_height": 2.0,
    "segment_count": 1.0,
    "segment_crossing_count": 1.0,
    "segment_stage_count_avg": 5.0,
    "segment_sync_cycles": 16.0,
    "serialization_ratio": 0.02731932669776237,
    "shortcut_input_count": 0.0,
    "spm_overflow_ratio": 0.0,
    "spm_residency": 0.9750000000000001,
    "total_interchip_bw": 7.10206764723787
  },
  "design_id": "paper_full_bootstrap_026",
  "die_area_breakdown": {
    "compute_die_area": 53.1454,
    "io_die_area": 37.96299,
    "total_die_area": 91.10839
  },
  "energy_breakdown": {
    "buf": 285.93055,
    "bus": 684.6952,
    "dram": 172248.3144,
    "mac": 34120879.12088,
    "noc": 2112573.18872,
    "nop": 9711696.37565,
    "ubuf": 153.96261
  },
  "execution_controls": {
    "proposal_budget": 512,
    "time_cap_minutes": 30.0
  },
  "legality_details": {
    "buffer_margin": 179816.0,
    "channel_count_available": 16,
    "channel_count_required": 1,
    "dram_channel_margin": 31.731763,
    "edge_margin": 1749.498588,
    "io_competition_score": 0.044246,
    "memory_margin": 556.521672,
    "memory_required_bw_gbps": 2.247765,
    "noc_margin": 38.448831,
    "peak_dram_channel_gbps": 0.268237,
    "peak_noc_link_gbps": 0.773686,
    "peak_nop_link_gbps": 0.714548,
    "peak_route_link_gbps": 0.773686,
    "reasons": [],
    "route_margin": 2891.953001,
    "total_interchip_bw": 7.102068
  },
  "legality_flags": {
    "buffer": "legal",
    "edge": "legal",
    "memory": "legal",
    "memory_channel": "legal",
    "noc": "legal",
    "overall": "legal",
    "route": "legal"
  },
  "memory_attachment": {
    "channel_count_available": 16,
    "channel_count_required": 1,
    "memory_bandwidth_gbps": 512,
    "memory_channel_bandwidth_gbps": 32.0,
    "memory_class": "GDDR6X",
    "noc_bandwidth": 32
  },
  "notes": {
    "chiplet_geometry": {
      "chiplet_count": 4,
      "per_die_exposed_edges": 16,
      "total_exposed_edge_slots": 64,
      "x_step": 4,
      "y_step": 4
    },
    "message": "This canonical design record is exported directly from the Python-native search summary and its derived evaluation terms.",
    "status": "exported_from_search_summary",
    "workload_ref": "workloads/cnn_inference.json",
    "workload_status": "runnable_binding"
  },
  "package_class": "SI",
  "paths": {
    "point_snapshot": "results/raw/20260405_205311_paper_full_bootstrap/paper_full_bootstrap_026/point_snapshot.json",
    "result_log": "results/raw/20260405_205311_paper_full_bootstrap/paper_full_bootstrap_026/result.log",
    "stderr_log": "results/raw/20260405_205311_paper_full_bootstrap/paper_full_bootstrap_026/stderr.log",
    "stdout_log": "results/raw/20260405_205311_paper_full_bootstrap/paper_full_bootstrap_026/stdout.log"
  },
  "per_edge_bandwidth": {
    "edge_capacity": 1751.274104,
    "edge_demand": 1.775516,
    "edge_margin": 1749.498588,
    "per_die_exposed_edges": 16,
    "route_budget": 2892.726687,
    "route_demand": 0.773686,
    "route_margin": 2891.953001,
    "total_exposed_edge_slots": 64
  },
  "phy_count": 320,
  "process_node": "7",
  "proposal_budget": 512,
  "schema_version": "python_native_v1",
  "seed": 21,
  "state_tuple": {
    "a": {
      "core_array": {
        "x": 8,
        "y": 8
      },
      "macs_per_core": 4096,
      "microarch": "polar",
      "ul3_kb": 2048
    },
    "b": {
      "memory_bandwidth_gbps": 512,
      "memory_class": "GDDR6X",
      "noc_bandwidth": 32
    },
    "i": {
      "interface_class": "USR",
      "nop_bandwidth": 32
    },
    "k": {
      "chiplet_count": 4,
      "chiplet_partition": {
        "x": 2,
        "y": 2
      }
    },
    "m": {
      "batch_size": 1,
      "search_rounds": 2,
      "workload": "cnn_inference",
      "workload_motif": "cnn_inference",
      "workload_ref": "workloads/cnn_inference.json",
      "workload_trace_ref": null,
      "workload_trace_summary": {}
    },
    "p": {
      "package_class": "SI"
    }
  },
  "surrogate_metrics": {
    "cost": 30499161573.03385,
    "cost_overall": 1047216.3202704974,
    "edp": 30438224248.089172,
    "energy": 46118521.588013895,
    "latency_cycles": 660
  },
  "time_cap_minutes": 30.0,
  "tops_target": 512,
  "trace_id": "cnn_inference",
  "traffic_matrix": [
    [
      0.0,
      0.81261,
      0.81261,
      0.150296
    ],
    [
      0.81261,
      0.0,
      0.150296,
      0.81261
    ],
    [
      0.81261,
      0.150296,
      0.0,
      0.81261
    ],
    [
      0.150296,
      0.81261,
      0.81261,
      0.0
    ]
  ],
  "workload": "cnn_inference",
  "workload_motif": "cnn_inference",
  "workload_trace": {
    "summary": {},
    "trace_ref": null
  }
}
