{
  "baseline_mode": "Architecture-first",
  "best_state": {
    "batch_cluster": false,
    "interleave": true,
    "mapping_tiling": 1,
    "memory_balance": 0.7934890874793344,
    "memory_prefetch": 3,
    "noc_balance": 1.2319933654253408,
    "pipeline_depth": 1,
    "placement_skew": -0.2420039684125228,
    "route_slack": 0.6983665285483376,
    "segment_span": 4,
    "spm_level": 3
  },
  "closure_terms": {
    "M1": 2805.968686,
    "M2": 274.890651,
    "Si": 1.0,
    "Sp": 1.35
  },
  "cost_breakdown": {
    "cost_chip": 13.86609,
    "cost_package": 9.02215,
    "cost_soc": 3639016.99878,
    "cost_system_package": 3305739.05967
  },
  "derived_terms": {
    "amortized_nre_cost": 3638986.110535281,
    "assembly_waste_cost": 2.932938311738499,
    "avg_mapped_utilization": 1.0,
    "avg_partition_utilization": 1.0,
    "boundary_count": 2.0,
    "buffer_area": 18.5724,
    "buffer_average_bytes": 444506.0,
    "buffer_capacity_bytes": 1015808.0,
    "buffer_margin": 571302.0,
    "buffer_overflow_core_count": 0.0,
    "buffer_overflow_ratio": 0.0,
    "buffer_peak_bytes": 444506.0,
    "channel_count_available": 16.0,
    "channel_count_required": 5.0,
    "chip_nre": 99976821.90262717,
    "collective_pressure": 1.6,
    "compute_array_area": 31.28832,
    "compute_cycles": 66232426.0,
    "control_area": 7.350404762095027,
    "defect_die_cost": 0.11494989295502345,
    "distinct_chip_type_count": 2.0,
    "dram_channel_imbalance": 1.3333238982139397,
    "dram_channel_margin": 12.841112231182798,
    "dram_service_cycles": 15454658.0,
    "edge_margin": 2805.968685922267,
    "endpoint_latency_cycles": 44.0,
    "graph_layer_count": 12.0,
    "interposer_area": 103.74761164964913,
    "io_competition_score": 0.02008261314596655,
    "layout_locality_score": 0.0,
    "locality_score": 0.5513749880920987,
    "memory_margin": 274.8906511406742,
    "module_nre": 206111921.81063628,
    "multicast_degree": 5.0,
    "noc_margin": 18.211335559174326,
    "noc_service_cycles": 15110160.0,
    "nop_service_cycles": 28597743.0,
    "overflow_core_count": 0.0,
    "package_area": 414.9904465985965,
    "package_defect_cost": 1.3150728780122556,
    "package_nre": 785607089.4473207,
    "peak_dram_channel_gbps": 19.158887768817202,
    "peak_noc_link_gbps": 21.212452134436578,
    "peak_nop_link_gbps": 19.15939118853605,
    "peak_route_link_gbps": 21.212452134436578,
    "peak_ubuf_bytes": 2641108.0,
    "per_compute_die_area": 8.653182620266872,
    "phy_count": 384.0,
    "raw_die_cost": 13.751144335611757,
    "raw_package_cost": 4.7741365241668134,
    "remote_weight_share": 0.875,
    "route_margin": 2656.2214022257,
    "schedule_tree_height": 2.0,
    "segment_count": 3.0,
    "segment_crossing_count": 2.0,
    "segment_stage_count_avg": 4.0,
    "segment_sync_cycles": 49.0,
    "serialization_ratio": 0.8635571357932629,
    "shortcut_input_count": 2.0,
    "spm_overflow_ratio": 0.0,
    "spm_residency": 0.9625,
    "total_interchip_bw": 113.59561631944518
  },
  "design_id": "paper_full_bootstrap_060",
  "die_area_breakdown": {
    "compute_die_area": 69.22546,
    "io_die_area": 17.23088,
    "total_die_area": 86.45634
  },
  "energy_breakdown": {
    "buf": 22244359.66771,
    "bus": 6074904.08448,
    "dram": 14943269179.88347,
    "mac": 964083295.38714,
    "noc": 31720360506.72399,
    "nop": 104181330220.15483,
    "ubuf": 11977732.12877
  },
  "execution_controls": {
    "proposal_budget": 512,
    "time_cap_minutes": 30.0
  },
  "legality_details": {
    "buffer_margin": 571302.0,
    "channel_count_available": 16,
    "channel_count_required": 5,
    "dram_channel_margin": 12.841112,
    "edge_margin": 2805.968686,
    "io_competition_score": 0.020083,
    "memory_margin": 274.890651,
    "memory_required_bw_gbps": 131.375762,
    "noc_margin": 18.211336,
    "peak_dram_channel_gbps": 19.158888,
    "peak_noc_link_gbps": 21.212452,
    "peak_nop_link_gbps": 19.159391,
    "peak_route_link_gbps": 21.212452,
    "reasons": [],
    "route_margin": 2656.221402,
    "total_interchip_bw": 113.595616
  },
  "legality_flags": {
    "buffer": "legal",
    "edge": "legal",
    "memory": "legal",
    "memory_channel": "legal",
    "noc": "legal",
    "overall": "legal",
    "route": "legal"
  },
  "memory_attachment": {
    "channel_count_available": 16,
    "channel_count_required": 5,
    "memory_bandwidth_gbps": 512,
    "memory_channel_bandwidth_gbps": 32.0,
    "memory_class": "GDDR6X",
    "noc_bandwidth": 32
  },
  "notes": {
    "chiplet_geometry": {
      "chiplet_count": 8,
      "per_die_exposed_edges": 12,
      "total_exposed_edge_slots": 96,
      "x_step": 2,
      "y_step": 4
    },
    "message": "This canonical design record is exported directly from the Python-native search summary and its derived evaluation terms.",
    "status": "exported_from_search_summary",
    "workload_ref": "workloads/megatron_collective_trace.json",
    "workload_status": "runnable_trace_binding"
  },
  "package_class": "FO",
  "paths": {
    "point_snapshot": "results/raw/20260405_205311_paper_full_bootstrap/paper_full_bootstrap_060/point_snapshot.json",
    "result_log": "results/raw/20260405_205311_paper_full_bootstrap/paper_full_bootstrap_060/result.log",
    "stderr_log": "results/raw/20260405_205311_paper_full_bootstrap/paper_full_bootstrap_060/stderr.log",
    "stdout_log": "results/raw/20260405_205311_paper_full_bootstrap/paper_full_bootstrap_060/stdout.log"
  },
  "per_edge_bandwidth": {
    "edge_capacity": 2822.264937,
    "edge_demand": 16.296251,
    "edge_margin": 2805.968686,
    "per_die_exposed_edges": 12,
    "route_budget": 2677.433854,
    "route_demand": 21.212452,
    "route_margin": 2656.221402,
    "total_exposed_edge_slots": 96
  },
  "phy_count": 384,
  "process_node": "7",
  "proposal_budget": 512,
  "schema_version": "python_native_v1",
  "seed": 61,
  "state_tuple": {
    "a": {
      "core_array": {
        "x": 8,
        "y": 8
      },
      "macs_per_core": 4096,
      "microarch": "polar",
      "ul3_kb": 4096
    },
    "b": {
      "memory_bandwidth_gbps": 512,
      "memory_class": "GDDR6X",
      "noc_bandwidth": 32
    },
    "i": {
      "interface_class": "UCIe",
      "nop_bandwidth": 32
    },
    "k": {
      "chiplet_count": 8,
      "chiplet_partition": {
        "x": 4,
        "y": 2
      }
    },
    "m": {
      "batch_size": 1,
      "search_rounds": 2,
      "workload": "megatron_collective_trace",
      "workload_motif": "megatron_collective_trace",
      "workload_ref": "workloads/megatron_collective_trace.json",
      "workload_trace_ref": "workloads/generated/megatron_collective_trace.json",
      "workload_trace_summary": {
        "all_gather_count": 3,
        "all_reduce_count": 3,
        "bucket_size_mb": 128,
        "high_memory_phase_count": 2,
        "high_route_phase_count": 3,
        "phase_count": 6,
        "trace_type": "megatron_collective_trace"
      }
    },
    "p": {
      "package_class": "FO"
    }
  },
  "surrogate_metrics": {
    "cost": 1.2651681178714808e+19,
    "cost_overall": 3639016.9987772224,
    "edp": 1.2576036320248513e+19,
    "energy": 151849340198.0304,
    "latency_cycles": 82819170
  },
  "time_cap_minutes": 30.0,
  "tops_target": 512,
  "trace_id": "megatron_collective_trace",