{
  "baseline_mode": "Cost-interface-first",
  "best_state": {
    "batch_cluster": false,
    "interleave": true,
    "mapping_tiling": 1,
    "memory_balance": 1.0563961433276048,
    "memory_prefetch": 3,
    "noc_balance": 1.1357873807253822,
    "pipeline_depth": 3,
    "placement_skew": -0.044222155366065996,
    "route_slack": 1.1731545857616799,
    "segment_span": 3,
    "spm_level": 3
  },
  "closure_terms": {
    "M1": 1900.105334,
    "M2": 533.103996,
    "Si": 1.0,
    "Sp": 1.35
  },
  "cost_breakdown": {
    "cost_chip": 10.44648,
    "cost_package": 5.43474,
    "cost_soc": 2857837.74377,
    "cost_system_package": 2522463.28825
  },
  "derived_terms": {
    "amortized_nre_cost": 2857813.862547489,
    "assembly_waste_cost": 1.2271092659616174,
    "avg_mapped_utilization": 1.0,
    "avg_partition_utilization": 1.0,
    "boundary_count": 1.0,
    "buffer_area": 9.2862,
    "buffer_average_bytes": 484895.0,
    "buffer_capacity_bytes": 507904.0,
    "buffer_margin": 23009.0,
    "buffer_overflow_core_count": 0.0,
    "buffer_overflow_ratio": 0.0,
    "buffer_peak_bytes": 484895.0,
    "channel_count_available": 16.0,
    "channel_count_required": 1.0,
    "chip_nre": 100606802.70986766,
    "collective_pressure": 0.528,
    "compute_array_area": 31.28832,
    "compute_cycles": 32585786294.0,
    "control_area": 7.786533293219639,
    "defect_die_cost": 0.11732602878507237,
    "distinct_chip_type_count": 2.0,
    "dram_channel_imbalance": 0.7674348414869996,
    "dram_channel_margin": 31.14159779614325,
    "dram_service_cycles": 411277166.0,
    "edge_margin": 1900.1053338909212,
    "endpoint_latency_cycles": 34.0,
    "graph_layer_count": 5.0,
    "interposer_area": 78.97793617092273,
    "io_competition_score": 0.015269695477264414,
    "layout_locality_score": 0.0,
    "locality_score": 0.5736244013237518,
    "memory_margin": 533.1039956256461,
    "module_nre": 156902833.19289982,
    "multicast_degree": 1.8,
    "noc_margin": 34.87122708688382,
    "noc_service_cycles": 464007643.0,
    "nop_service_cycles": 1077138226.0,
    "overflow_core_count": 0.0,
    "package_area": 315.9117446836909,
    "package_defect_cost": 0.5871580532553906,
    "package_nre": 599834522.8614792,
    "peak_dram_channel_gbps": 0.8584022038567488,
    "peak_noc_link_gbps": 1.4739690963284102,
    "peak_nop_link_gbps": 1.2424393961974434,
    "peak_route_link_gbps": 1.4739690963284102,
    "peak_ubuf_bytes": 13340979.0,
    "per_compute_die_area": 13.178387022402353,
    "phy_count": 256.0,
    "raw_die_cost": 10.32915501476105,
    "raw_package_cost": 3.620470700253253,
    "remote_weight_share": 0.75,
    "route_margin": 3013.1301622986434,
    "schedule_tree_height": 2.0,
    "segment_count": 2.0,
    "segment_crossing_count": 1.0,
    "segment_stage_count_avg": 2.5,
    "segment_sync_cycles": 32.0,
    "serialization_ratio": 0.07777755799250714,
    "shortcut_input_count": 1.0,
    "spm_overflow_ratio": 0.0,
    "spm_residency": 0.9750000000000001,
    "total_interchip_bw": 5.466827679176257
  },
  "design_id": "paper_full_bootstrap_038",
  "die_area_breakdown": {
    "compute_die_area": 52.71355,
    "io_die_area": 13.1014,
    "total_die_area": 65.81495
  },
  "energy_breakdown": {
    "buf": 5783979617.40878,
    "bus": 13631102.96289,
    "dram": 210451138200.2073,
    "mac": 2401600351.9019,
    "noc": 606478225611.2185,
    "nop": 872040248648.8837,
    "ubuf": 3114450563.22011
  },
  "execution_controls": {
    "proposal_budget": 512,
    "time_cap_minutes": 30.0
  },
  "legality_details": {
    "buffer_margin": 23009.0,
    "channel_count_available": 16,
    "channel_count_required": 1,
    "dram_channel_margin": 31.141598,
    "edge_margin": 1900.105334,
    "io_competition_score": 0.01527,
    "memory_margin": 533.103996,
    "memory_required_bw_gbps": 7.77083,
    "noc_margin": 34.871227,
    "peak_dram_channel_gbps": 0.858402,
    "peak_noc_link_gbps": 1.473969,
    "peak_nop_link_gbps": 1.242439,
    "peak_route_link_gbps": 1.473969,
    "reasons": [],
    "route_margin": 3013.130162,
    "total_interchip_bw": 5.466828
  },
  "legality_flags": {
    "buffer": "legal",
    "edge": "legal",
    "memory": "legal",
    "memory_channel": "legal",
    "noc": "legal",
    "overall": "legal",
    "route": "legal"
  },
  "memory_attachment": {
    "channel_count_available": 16,
    "channel_count_required": 1,
    "memory_bandwidth_gbps": 512,
    "memory_channel_bandwidth_gbps": 32.0,
    "memory_class": "GDDR6X",
    "noc_bandwidth": 32
  },
  "notes": {
    "chiplet_geometry": {
      "chiplet_count": 4,
      "per_die_exposed_edges": 16,
      "total_exposed_edge_slots": 64,
      "x_step": 4,
      "y_step": 4
    },
    "message": "This canonical design record is exported directly from the Python-native search summary and its derived evaluation terms.",
    "status": "exported_from_search_summary",
    "workload_ref": "workloads/long_context_prefill.json",
    "workload_status": "runnable_binding"
  },
  "package_class": "FO",
  "paths": {
    "point_snapshot": "results/raw/20260405_205311_paper_full_bootstrap/paper_full_bootstrap_038/point_snapshot.json",
    "result_log": "results/raw/20260405_205311_paper_full_bootstrap/paper_full_bootstrap_038/result.log",
    "stderr_log": "results/raw/20260405_205311_paper_full_bootstrap/paper_full_bootstrap_038/stderr.log",
    "stdout_log": "results/raw/20260405_205311_paper_full_bootstrap/paper_full_bootstrap_038/stdout.log"
  },
  "per_edge_bandwidth": {
    "edge_capacity": 1901.472041,
    "edge_demand": 1.366707,
    "edge_margin": 1900.105334,
    "per_die_exposed_edges": 16,
    "route_budget": 3014.604131,
    "route_demand": 1.473969,
    "route_margin": 3013.130162,
    "total_exposed_edge_slots": 64
  },
  "phy_count": 256,
  "process_node": "7",
  "proposal_budget": 512,
  "schema_version": "python_native_v1",
  "seed": 31,
  "state_tuple": {
    "a": {
      "core_array": {
        "x": 8,
        "y": 8
      },
      "macs_per_core": 4096,
      "microarch": "polar",
      "ul3_kb": 4096
    },
    "b": {
      "memory_bandwidth_gbps": 512,
      "memory_class": "GDDR6X",
      "noc_bandwidth": 32
    },
    "i": {
      "interface_class": "UCIe",
      "nop_bandwidth": 32
    },
    "k": {
      "chiplet_count": 4,
      "chiplet_partition": {
        "x": 2,
        "y": 2
      }
    },
    "m": {
      "batch_size": 1,
      "search_rounds": 2,
      "workload": "long_context_prefill",
      "workload_motif": "long_context_prefill",
      "workload_ref": "workloads/long_context_prefill.json",
      "workload_trace_ref": null,
      "workload_trace_summary": {}
    },
    "p": {
      "package_class": "FO"
    }
  },
  "surrogate_metrics": {
    "cost": 5.703214516624416e+22,
    "cost_overall": 2857837.743766552,
    "edp": 5.646730273696628e+22,
    "energy": 1700283274095.803,
    "latency_cycles": 33210526503
  },
  "time_cap_minutes": 30.0,
  "tops_target": 512,
  "trace_id": "long_context_prefill",
  "traffic_matrix": [
    [
      0.0,
      0.621393,
      0.621393,
      0.123921
    ],
    [
      0.621393,
      0.0,
      0.123921,
      0.621393
    ],
    [
      0.621393,
      0.123921,
      0.0,
      0.621393
    ],
    [
      0.123921,
      0.621393,
      0.621393,
      0.0
    ]
  ],
  "workload": "long_context_prefill",
  "workload_motif": "long_context_prefill",
  "workload_trace": {
    "summary": {},
    "trace_ref": null
  }
}
