{
  "baseline_mode": "Stage-wise",
  "best_state": {
    "batch_cluster": true,
    "interleave": true,
    "mapping_tiling": 4,
    "memory_balance": 1.0384922568547568,
    "memory_prefetch": 3,
    "noc_balance": 1.25,
    "pipeline_depth": 2,
    "placement_skew": -0.03259356879931394,
    "route_slack": 1.0179748478779052,
    "segment_span": 4,
    "spm_level": 3
  },
  "closure_terms": {
    "M1": 1385.803242,
    "M2": 196.249954,
    "Si": 1.0,
    "Sp": 1.65
  },
  "cost_breakdown": {
    "cost_chip": 4.78516,
    "cost_package": 4.17272,
    "cost_soc": 563751.68112,
    "cost_system_package": 239012.06465
  },
  "derived_terms": {
    "amortized_nre_cost": 563738.7232363462,
    "assembly_waste_cost": 1.4614337456000985,
    "avg_mapped_utilization": 1.0,
    "avg_partition_utilization": 1.0,
    "boundary_count": 1.0,
    "buffer_area": 4.6431,
    "buffer_average_bytes": 132096.0,
    "buffer_capacity_bytes": 507904.0,
    "buffer_margin": 375808.0,
    "buffer_overflow_core_count": 0.0,
    "buffer_overflow_ratio": 0.0,
    "buffer_peak_bytes": 132096.0,
    "channel_count_available": 8.0,
    "channel_count_required": 3.0,
    "chip_nre": 97419249.39037374,
    "collective_pressure": 0.28,
    "compute_array_area": 9.03168,
    "compute_cycles": 30932.0,
    "control_area": 5.399556141279588,
    "defect_die_cost": 0.02284412129522906,
    "distinct_chip_type_count": 2.0,
    "dram_channel_imbalance": 0.7742111982491346,
    "dram_channel_margin": 16.563461321378465,
    "dram_service_cycles": 5193.0,
    "edge_margin": 1385.8032416158262,
    "endpoint_latency_cycles": 33.0,
    "graph_layer_count": 6.0,
    "interposer_area": 32.16524234617142,
    "io_competition_score": 0.009848604908642923,
    "layout_locality_score": 0.03125,
    "locality_score": 0.6617713140044403,
    "memory_margin": 196.24995395968466,
    "module_nre": 63901614.79439389,
    "multicast_degree": 2.0866666666666664,
    "noc_margin": 27.302984567254185,
    "noc_service_cycles": 3351.0,
    "nop_service_cycles": 8074.0,
    "overflow_core_count": 0.0,
    "package_area": 128.66096938468567,
    "package_defect_cost": 0.6739598296648216,
    "package_nre": 7800752.786136206,
    "peak_dram_channel_gbps": 15.436538678621535,
    "peak_noc_link_gbps": 12.697015432745813,
    "peak_nop_link_gbps": 13.459677799100188,
    "peak_route_link_gbps": 13.459677799100188,
    "peak_ubuf_bytes": 132096.0,
    "per_compute_die_area": 5.197756598498688,
    "phy_count": 192.0,
    "raw_die_cost": 4.762316789152739,
    "raw_package_cost": 2.0373247954393676,
    "remote_weight_share": 0.75,
    "route_margin": 2366.9317874661656,
    "schedule_tree_height": 3.0,
    "segment_count": 2.0,
    "segment_crossing_count": 1.0,
    "segment_stage_count_avg": 2.5,
    "segment_sync_cycles": 28.0,
    "serialization_ratio": 0.614143658774128,
    "shortcut_input_count": 1.0,
    "spm_overflow_ratio": 0.0,
    "spm_residency": 0.9750000000000001,
    "total_interchip_bw": 53.20493667252582
  },
  "design_id": "paper_full_bootstrap_018",
  "die_area_breakdown": {
    "compute_die_area": 20.79103,
    "io_die_area": 8.4501,
    "total_die_area": 29.24113
  },
  "energy_breakdown": {
    "buf": 20236.58291,
    "bus": 9605.12,
    "dram": 6712581.61152,
    "mac": 11692087.91209,
    "noc": 14477580.82867,
    "nop": 14184299.81,
    "ubuf": 10896.62157
  },
  "execution_controls": {
    "proposal_budget": 512,
    "time_cap_minutes": 30.0
  },
  "legality_details": {
    "buffer_margin": 375808.0,
    "channel_count_available": 8,
    "channel_count_required": 3,
    "dram_channel_margin": 16.563461,
    "edge_margin": 1385.803242,
    "io_competition_score": 0.009849,
    "memory_margin": 196.249954,
    "memory_required_bw_gbps": 69.604064,
    "noc_margin": 27.302985,
    "peak_dram_channel_gbps": 15.436539,
    "peak_noc_link_gbps": 12.697015,
    "peak_nop_link_gbps": 13.459678,
    "peak_route_link_gbps": 13.459678,
    "reasons": [],
    "route_margin": 2366.931787,
    "total_interchip_bw": 53.204937
  },
  "legality_flags": {
    "buffer": "legal",
    "edge": "legal",
    "memory": "legal",
    "memory_channel": "legal",
    "noc": "legal",
    "overall": "legal",
    "route": "legal"
  },
  "memory_attachment": {
    "channel_count_available": 8,
    "channel_count_required": 3,
    "memory_bandwidth_gbps": 256,
    "memory_channel_bandwidth_gbps": 32.0,
    "memory_class": "GDDR6X",
    "noc_bandwidth": 32
  },
  "notes": {
    "chiplet_geometry": {
      "chiplet_count": 4,
      "per_die_exposed_edges": 12,
      "total_exposed_edge_slots": 48,
      "x_step": 4,
      "y_step": 2
    },
    "message": "This canonical design record is exported directly from the Python-native search summary and its derived evaluation terms.",
    "status": "exported_from_search_summary",
    "workload_ref": "workloads/kv_heavy_decode.json",
    "workload_status": "runnable_binding"
  },
  "package_class": "SI",
  "paths": {
    "point_snapshot": "results/raw/20260405_205311_paper_full_bootstrap/paper_full_bootstrap_018/point_snapshot.json",
    "result_log": "results/raw/20260405_205311_paper_full_bootstrap/paper_full_bootstrap_018/result.log",
    "stderr_log": "results/raw/20260405_205311_paper_full_bootstrap/paper_full_bootstrap_018/stderr.log",
    "stdout_log": "results/raw/20260405_205311_paper_full_bootstrap/paper_full_bootstrap_018/stdout.log"
  },
  "per_edge_bandwidth": {
    "edge_capacity": 1399.104477,
    "edge_demand": 13.301235,
    "edge_margin": 1385.803242,
    "per_die_exposed_edges": 12,
    "route_budget": 2380.391465,
    "route_demand": 13.459678,
    "route_margin": 2366.931787,
    "total_exposed_edge_slots": 48
  },
  "phy_count": 192,
  "process_node": "7",
  "proposal_budget": 512,
  "schema_version": "python_native_v1",
  "seed": 11,
  "state_tuple": {
    "a": {
      "core_array": {
        "x": 8,
        "y": 4
      },
      "macs_per_core": 2048,
      "microarch": "polar",
      "ul3_kb": 2048
    },
    "b": {
      "memory_bandwidth_gbps": 256,
      "memory_class": "GDDR6X",
      "noc_bandwidth": 32
    },
    "i": {
      "interface_class": "UCIe",
      "nop_bandwidth": 32
    },
    "k": {
      "chiplet_count": 4,
      "chiplet_partition": {
        "x": 2,
        "y": 2
      }
    },
    "m": {
      "batch_size": 1,
      "search_rounds": 3,
      "workload": "kv_heavy_decode",
      "workload_motif": "kv_heavy_decode",
      "workload_ref": "workloads/kv_heavy_decode.json",
      "workload_trace_ref": null,
      "workload_trace_summary": {}
    },
    "p": {
      "package_class": "SI"
    }
  },
  "surrogate_metrics": {
    "cost": 1682736942971.6523,
    "cost_overall": 563751.6811156273,
    "edp": 1679374834552.8774,
    "energy": 47107288.48675673,
    "latency_cycles": 35650
  },
  "time_cap_minutes": 30.0,
  "tops_target": 128,
  "trace_id": "kv_heavy_decode",
  "traffic_matrix": [
    [
      0.0,
      6.107024,
      6.107024,
      1.087187
    ],
    [
      6.107024,
      0.0,
      1.087187,
      6.107024
    ],
    [
      6.107024,
      1.087187,
      0.0,
      6.107024
    ],
    [
      1.087187,
      6.107024,
      6.107024,
      0.0
    ]
  ],
  "workload": "kv_heavy_decode",
  "workload_motif": "kv_heavy_decode",
  "workload_trace": {
    "summary": {},
    "trace_ref": null
  }
}
