{
  "baseline_mode": "Package-oblivious",
  "best_state": {
    "batch_cluster": false,
    "interleave": false,
    "mapping_tiling": 2,
    "memory_balance": 0.7,
    "memory_prefetch": 3,
    "noc_balance": 1.25,
    "pipeline_depth": 2,
    "placement_skew": -0.3115146866773759,
    "route_slack": 1.1186644035325384,
    "segment_span": 2,
    "spm_level": 3
  },
  "closure_terms": {
    "M1": 1797.953815,
    "M2": 350.62917,
    "Si": 1.0,
    "Sp": 1.35
  },
  "cost_breakdown": {
    "cost_chip": 10.67473,
    "cost_package": 5.54874,
    "cost_soc": 2907301.55123,
    "cost_system_package": 2571671.17174
  },
  "derived_terms": {
    "amortized_nre_cost": 2907277.3277625632,
    "assembly_waste_cost": 1.2539211939066148,
    "avg_mapped_utilization": 1.0,
    "avg_partition_utilization": 1.0,
    "boundary_count": 2.0,
    "buffer_area": 9.2862,
    "buffer_average_bytes": 484895.0,
    "buffer_capacity_bytes": 507904.0,
    "buffer_margin": 23009.0,
    "buffer_overflow_core_count": 0.0,
    "buffer_overflow_ratio": 0.0,
    "buffer_peak_bytes": 484895.0,
    "channel_count_available": 16.0,
    "channel_count_required": 1.0,
    "chip_nre": 100683511.42787075,
    "collective_pressure": 0.5880000000000001,
    "compute_array_area": 32.90112,
    "compute_cycles": 33034214546.0,
    "control_area": 7.546908812006425,
    "defect_die_cost": 0.12273237968959383,
    "distinct_chip_type_count": 2.0,
    "dram_channel_imbalance": 0.4883661823048422,
    "dram_channel_margin": 31.277134986225896,
    "dram_service_cycles": 360468869.0,
    "edge_margin": 1797.9538148909212,
    "endpoint_latency_cycles": 34.0,
    "graph_layer_count": 5.0,
    "interposer_area": 80.53404974949585,
    "io_competition_score": 0.015036595244164182,
    "layout_locality_score": 0.0,
    "locality_score": 0.5583320092037879,
    "memory_margin": 350.6291702419124,
    "module_nre": 159994312.16899842,
    "multicast_degree": 1.94,
    "noc_margin": 38.192823309614404,
    "noc_service_cycles": 502742337.0,
    "nop_service_cycles": 1290502014.0,
    "overflow_core_count": 0.0,
    "package_area": 322.1361989979834,
    "package_defect_cost": 0.6021610286847288,
    "package_nre": 611505374.7318999,
    "peak_dram_channel_gbps": 0.7228650137741044,
    "peak_noc_link_gbps": 1.8071766903855986,
    "peak_nop_link_gbps": 1.8071807661187123,
    "peak_route_link_gbps": 1.8071807661187123,
    "peak_ubuf_bytes": 13340979.0,
    "per_compute_die_area": 13.55257735127175,
    "phy_count": 256.0,
    "raw_die_cost": 10.55200078841273,
    "raw_package_cost": 3.6926538583886828,
    "remote_weight_share": 0.75,
    "route_margin": 2717.8126098651533,
    "schedule_tree_height": 2.0,
    "segment_count": 3.0,
    "segment_crossing_count": 2.0,
    "segment_stage_count_avg": 1.6666666666666667,
    "segment_sync_cycles": 62.0,
    "serialization_ratio": 0.09085027488883282,
    "shortcut_input_count": 2.0,
    "spm_overflow_ratio": 0.0,
    "spm_residency": 0.9750000000000001,
    "total_interchip_bw": 5.828260457029307
  },
  "design_id": "paper_full_bootstrap_035",
  "die_area_breakdown": {
    "compute_die_area": 54.21031,
    "io_die_area": 12.9014,
    "total_die_area": 67.11171
  },
  "energy_breakdown": {
    "buf": 5783979617.40878,
    "bus": 13631102.96289,
    "dram": 210451138200.2073,
    "mac": 2183273047.18355,
    "noc": 599401364363.988,
    "nop": 914577480784.9752,
    "ubuf": 3114450563.22011
  },
  "execution_controls": {
    "proposal_budget": 512,
    "time_cap_minutes": 30.0
  },
  "legality_details": {
    "buffer_margin": 23009.0,
    "channel_count_available": 16,
    "channel_count_required": 1,
    "dram_channel_margin": 31.277135,
    "edge_margin": 1797.953815,
    "io_competition_score": 0.015037,
    "memory_margin": 350.62917,
    "memory_required_bw_gbps": 7.77083,
    "noc_margin": 38.192823,
    "peak_dram_channel_gbps": 0.722865,
    "peak_noc_link_gbps": 1.807177,
    "peak_nop_link_gbps": 1.807181,
    "peak_route_link_gbps": 1.807181,
    "reasons": [],
    "route_margin": 2717.81261,
    "total_interchip_bw": 5.82826
  },
  "legality_flags": {
    "buffer": "legal",
    "edge": "legal",
    "memory": "legal",
    "memory_channel": "legal",
    "noc": "legal",
    "overall": "legal",
    "route": "legal"
  },
  "memory_attachment": {
    "channel_count_available": 16,
    "channel_count_required": 1,
    "memory_bandwidth_gbps": 512,
    "memory_channel_bandwidth_gbps": 32.0,
    "memory_class": "GDDR6X",
    "noc_bandwidth": 32
  },
  "notes": {
    "chiplet_geometry": {
      "chiplet_count": 4,
      "per_die_exposed_edges": 16,
      "total_exposed_edge_slots": 64,
      "x_step": 4,
      "y_step": 4
    },
    "message": "This canonical design record is exported directly from the Python-native search summary and its derived evaluation terms.",
    "status": "exported_from_search_summary",
    "workload_ref": "workloads/long_context_prefill.json",
    "workload_status": "runnable_binding"
  },
  "package_class": "FO",
  "paths": {
    "point_snapshot": "results/raw/20260405_205311_paper_full_bootstrap/paper_full_bootstrap_035/point_snapshot.json",
    "result_log": "results/raw/20260405_205311_paper_full_bootstrap/paper_full_bootstrap_035/result.log",
    "stderr_log": "results/raw/20260405_205311_paper_full_bootstrap/paper_full_bootstrap_035/stderr.log",
    "stdout_log": "results/raw/20260405_205311_paper_full_bootstrap/paper_full_bootstrap_035/stdout.log"
  },
  "per_edge_bandwidth": {
    "edge_capacity": 1799.41088,
    "edge_demand": 1.457065,
    "edge_margin": 1797.953815,
    "per_die_exposed_edges": 16,
    "route_budget": 2719.619791,
    "route_demand": 1.807181,
    "route_margin": 2717.81261,
    "total_exposed_edge_slots": 64
  },
  "phy_count": 256,
  "process_node": "7",
  "proposal_budget": 512,
  "schema_version": "python_native_v1",
  "seed": 31,
  "state_tuple": {
    "a": {
      "core_array": {
        "x": 8,
        "y": 8
      },
      "macs_per_core": 4096,
      "microarch": "polar",
      "ul3_kb": 4096
    },
    "b": {
      "memory_bandwidth_gbps": 512,
      "memory_class": "GDDR6X",
      "noc_bandwidth": 32
    },
    "i": {
      "interface_class": "UCIe",
      "nop_bandwidth": 32
    },
    "k": {
      "chiplet_count": 4,
      "chiplet_partition": {
        "x": 2,
        "y": 2
      }
    },
    "m": {
      "batch_size": 1,
      "search_rounds": 2,
      "workload": "long_context_prefill",
      "workload_motif": "long_context_prefill",
      "workload_ref": "workloads/long_context_prefill.json",
      "workload_trace_ref": null,
      "workload_trace_summary": {}
    },
    "p": {
      "package_class": "FO"
    }
  },
  "surrogate_metrics": {
    "cost": 5.897828444864971e+22,
    "cost_overall": 2907301.5512318118,
    "edp": 5.874272611692085e+22,
    "energy": 1735525317679.946,
    "latency_cycles": 33847230875
  },
  "time_cap_minutes": 30.0,
  "tops_target": 512,
  "trace_id": "long_context_prefill",
  "traffic_matrix": [
    [
      0.0,
      0.661257,
      0.661257,
      0.134551
    ],
    [
      0.661257,
      0.0,
      0.134551,
      0.661257
    ],
    [
      0.661257,
      0.134551,
      0.0,
      0.661257
    ],
    [
      0.134551,
      0.661257,
      0.661257,
      0.0
    ]
  ],
  "workload": "long_context_prefill",
  "workload_motif": "long_context_prefill",
  "workload_trace": {
    "summary": {},
    "trace_ref": null
  }
}
