{
  "baseline_mode": "Partition-first",
  "best_state": {
    "batch_cluster": false,
    "interleave": false,
    "mapping_tiling": 4,
    "memory_balance": 1.25,
    "memory_prefetch": 3,
    "noc_balance": 1.25,
    "pipeline_depth": 3,
    "placement_skew": -0.10171734786251657,
    "route_slack": 1.1164900471486086,
    "segment_span": 1,
    "spm_level": 3
  },
  "closure_terms": {
    "M1": 0.0,
    "M2": 70.449154,
    "Si": 0.82,
    "Sp": 1.0
  },
  "cost_breakdown": {
    "cost_chip": 1.62363,
    "cost_package": 0.31248,
    "cost_soc": 182759.88761,
    "cost_system_package": 58256.62797
  },
  "derived_terms": {
    "amortized_nre_cost": 182756.82649469317,
    "assembly_waste_cost": 0.01640033980848586,
    "avg_mapped_utilization": 0.9409639040129057,
    "avg_partition_utilization": 0.9409639040129057,
    "boundary_count": 4.0,
    "buffer_area": 0.8291038513183594,
    "buffer_average_bytes": 26340.0,
    "buffer_capacity_bytes": 112863.0,
    "buffer_margin": 86523.0,
    "buffer_overflow_core_count": 0.0,
    "buffer_overflow_ratio": 0.0,
    "buffer_peak_bytes": 26340.0,
    "channel_count_available": 3.0,
    "channel_count_required": 1.0,
    "chip_nre": 37350153.3009086,
    "collective_pressure": 0.24,
    "compute_array_area": 7.2576,
    "compute_cycles": 12818.0,
    "control_area": 3.9852576021793773,
    "defect_die_cost": 0.018060975662461676,
    "distinct_chip_type_count": 1.0,
    "dram_channel_imbalance": 0.0015480984168090295,
    "dram_channel_margin": 25.472962436926817,
    "dram_service_cycles": 911.0,
    "edge_margin": 0.0,
    "endpoint_latency_cycles": 21.0,
    "graph_layer_count": 5.0,
    "interposer_area": 0.0,
    "io_competition_score": 0.0030117622377622373,
    "layout_locality_score": 0.05555555555555555,
    "locality_score": 0.7017898884260144,
    "memory_margin": 70.44915394460608,
    "module_nre": 17001022.006057374,
    "multicast_degree": 1.0,
    "noc_margin": 3.5177414563459948,
    "noc_service_cycles": 3271.0,
    "nop_service_cycles": 100.0,
    "overflow_core_count": 0.0,
    "package_area": 58.62421381399095,
    "package_defect_cost": 0.0029608188794945116,
    "package_nre": 475872.6414419728,
    "peak_dram_channel_gbps": 6.527037563073183,
    "peak_noc_link_gbps": 16.482258543654005,
    "peak_nop_link_gbps": 0.0,
    "peak_route_link_gbps": 16.482258543654005,
    "peak_ubuf_bytes": 42405.0,
    "per_compute_die_area": 12.071961453497737,
    "phy_count": 0.0,
    "raw_die_cost": 1.6055726653776283,
    "raw_package_cost": 0.2931210690699548,
    "remote_weight_share": 0.0,
    "route_margin": 0.0,
    "schedule_tree_height": 1.0,
    "segment_count": 5.0,
    "segment_crossing_count": 4.0,
    "segment_stage_count_avg": 1.0,
    "segment_sync_cycles": 140.0,
    "serialization_ratio": 0.0,
    "shortcut_input_count": 4.0,
    "spm_overflow_ratio": 0.0,
    "spm_residency": 0.98,
    "total_interchip_bw": 0.0
  },
  "design_id": "paper_full_bootstrap_005",
  "die_area_breakdown": {
    "compute_die_area": 12.07196,
    "io_die_area": 2.58409,
    "total_die_area": 14.65605
  },
  "energy_breakdown": {
    "buf": 12798.28576,
    "bus": 3265.24,
    "dram": 1651078.1461,
    "mac": 4918567.46058,
    "noc": 4097632.6176,
    "nop": 0.0,
    "ubuf": 6891.38464
  },
  "execution_controls": {
    "proposal_budget": 512,
    "time_cap_minutes": 30.0
  },
  "legality_details": {
    "buffer_margin": 86523.0,
    "channel_count_available": 3,
    "channel_count_required": 1,
    "dram_channel_margin": 25.472962,
    "edge_margin": 0.0,
    "io_competition_score": 0.003012,
    "memory_margin": 70.449154,
    "memory_required_bw_gbps": 19.550846,
    "noc_margin": 3.517741,
    "peak_dram_channel_gbps": 6.527038,
    "peak_noc_link_gbps": 16.482259,
    "peak_nop_link_gbps": 0.0,
    "peak_route_link_gbps": 16.482259,
    "reasons": [],
    "route_margin": 0.0,
    "total_interchip_bw": 0.0
  },
  "legality_flags": {
    "buffer": "legal",
    "edge": "legal",
    "memory": "legal",
    "memory_channel": "legal",
    "noc": "legal",
    "overall": "legal",
    "route": "legal"
  },
  "memory_attachment": {
    "channel_count_available": 3,
    "channel_count_required": 1,
    "memory_bandwidth_gbps": 72,
    "memory_channel_bandwidth_gbps": 32.0,
    "memory_class": "GDDR6X",
    "noc_bandwidth": 16
  },
  "notes": {
    "chiplet_geometry": {
      "chiplet_count": 1,
      "per_die_exposed_edges": 0,
      "total_exposed_edge_slots": 0,
      "x_step": 6,
      "y_step": 3
    },
    "message": "This canonical design record is exported directly from the Python-native search summary and its derived evaluation terms.",
    "status": "exported_from_search_summary",
    "workload_ref": "workloads/cnn_inference.json",
    "workload_status": "runnable_binding"
  },
  "package_class": "OS",
  "paths": {
    "point_snapshot": "results/raw/20260405_205311_paper_full_bootstrap/paper_full_bootstrap_005/point_snapshot.json",
    "result_log": "results/raw/20260405_205311_paper_full_bootstrap/paper_full_bootstrap_005/result.log",
    "stderr_log": "results/raw/20260405_205311_paper_full_bootstrap/paper_full_bootstrap_005/stderr.log",
    "stdout_log": "results/raw/20260405_205311_paper_full_bootstrap/paper_full_bootstrap_005/stdout.log"
  },
  "per_edge_bandwidth": {
    "edge_capacity": 0.0,
    "edge_demand": 0.0,
    "edge_margin": 0.0,
    "per_die_exposed_edges": 0,
    "route_budget": 16.482259,
    "route_demand": 16.482259,
    "route_margin": 0.0,
    "total_exposed_edge_slots": 0
  },
  "phy_count": 0,
  "process_node": "12",
  "proposal_budget": 512,
  "schema_version": "python_native_v1",
  "seed": 1,
  "state_tuple": {
    "a": {
      "core_array": {
        "x": 6,
        "y": 3
      },
      "macs_per_core": 2048,
      "microarch": "polar",
      "ul3_kb": 1024
    },
    "b": {
      "memory_bandwidth_gbps": 72,
      "memory_class": "GDDR6X",
      "noc_bandwidth": 16
    },
    "i": {
      "interface_class": "XSR",
      "nop_bandwidth": 16
    },
    "k": {
      "chiplet_count": 1,
      "chiplet_partition": {
        "x": 1,
        "y": 1
      }
    },
    "m": {
      "batch_size": 1,
      "search_rounds": 4,
      "workload": "cnn_inference",
      "workload_motif": "cnn_inference",
      "workload_ref": "workloads/cnn_inference.json",
      "workload_trace_ref": null,
      "workload_trace_summary": {}
    },
    "p": {
      "package_class": "OS"
    }
  },
  "surrogate_metrics": {
    "cost": 161423211991.68475,
    "cost_overall": 182759.88761056197,
    "edp": 160139692357.43985,
    "energy": 10690233.134675557,
    "latency_cycles": 14980
  },
  "time_cap_minutes": 30.0,
  "tops_target": 72,
  "trace_id": "cnn_inference",
  "traffic_matrix": [
    [
      0.0
    ]
  ],
  "workload": "cnn_inference",
  "workload_motif": "cnn_inference",
  "workload_trace": {
    "summary": {},
    "trace_ref": null
  }
}
