{
  "baseline_mode": "Partition-first",
  "best_state": {
    "batch_cluster": true,
    "interleave": true,
    "mapping_tiling": 3,
    "memory_balance": 0.9150878937733633,
    "memory_prefetch": 3,
    "noc_balance": 1.14428839099094,
    "pipeline_depth": 1,
    "placement_skew": 0.05445916982015406,
    "route_slack": 0.8276058294367661,
    "segment_span": 4,
    "spm_level": 3
  },
  "closure_terms": {
    "M1": 2804.601669,
    "M2": 337.14924,
    "Si": 1.0,
    "Sp": 1.35
  },
  "cost_breakdown": {
    "cost_chip": 14.56893,
    "cost_package": 9.49028,
    "cost_soc": 3800273.31226,
    "cost_system_package": 3466468.74242
  },
  "derived_terms": {
    "amortized_nre_cost": 3800241.2530511324,
    "assembly_waste_cost": 3.0816001696132505,
    "avg_mapped_utilization": 1.0,
    "avg_partition_utilization": 1.0,
    "boundary_count": 2.0,
    "buffer_area": 18.5724,
    "buffer_average_bytes": 444506.0,
    "buffer_capacity_bytes": 1015808.0,
    "buffer_margin": 571302.0,
    "buffer_overflow_core_count": 0.0,
    "buffer_overflow_ratio": 0.0,
    "buffer_peak_bytes": 444506.0,
    "channel_count_available": 16.0,
    "channel_count_required": 5.0,
    "chip_nre": 100134600.2731057,
    "collective_pressure": 1.6,
    "compute_array_area": 34.51392,
    "compute_cycles": 67488017.0,
    "control_area": 7.625351003784185,
    "defect_die_cost": 0.12604407098928272,
    "distinct_chip_type_count": 2.0,
    "dram_channel_imbalance": 1.3333238982139397,
    "dram_channel_margin": 12.841112231182798,
    "dram_service_cycles": 15747638.0,
    "edge_margin": 2804.601668922267,
    "endpoint_latency_cycles": 44.0,
    "graph_layer_count": 12.0,
    "interposer_area": 108.83040479258179,
    "io_competition_score": 0.02008261314596655,
    "layout_locality_score": 0.8181818181818182,
    "locality_score": 0.7687247387405913,
    "memory_margin": 337.1492399632169,
    "module_nre": 216209737.5212625,
    "multicast_degree": 5.28,
    "noc_margin": 14.72097952677505,
    "noc_service_cycles": 17111055.0,
    "nop_service_cycles": 28872321.0,
    "overflow_core_count": 0.0,
    "package_area": 435.32161917032715,
    "package_defect_cost": 1.3965996413353126,
    "package_nre": 823728038.1209714,
    "peak_dram_channel_gbps": 19.158887768817202,
    "peak_noc_link_gbps": 21.89624898493503,
    "peak_nop_link_gbps": 18.816855153729843,
    "peak_route_link_gbps": 21.89624898493503,
    "peak_ubuf_bytes": 2641108.0,
    "per_compute_die_area": 9.182640239322357,
    "phy_count": 384.0,
    "raw_die_cost": 14.442880940357663,
    "raw_package_cost": 5.012079486007117,
    "remote_weight_share": 0.875,
    "route_margin": 3155.0264808998827,
    "schedule_tree_height": 2.0,
    "segment_count": 3.0,
    "segment_crossing_count": 2.0,
    "segment_stage_count_avg": 4.0,
    "segment_sync_cycles": 49.0,
    "serialization_ratio": 0.8556280609134895,
    "shortcut_input_count": 2.0,
    "spm_overflow_ratio": 0.0,
    "spm_residency": 0.9625,
    "total_interchip_bw": 114.95869875672118
  },
  "design_id": "paper_full_bootstrap_061",
  "die_area_breakdown": {
    "compute_die_area": 73.46112,
    "io_die_area": 17.23088,
    "total_die_area": 90.692
  },
  "energy_breakdown": {
    "buf": 22244359.66771,
    "bus": 6074904.08448,
    "dram": 14943269179.88347,
    "mac": 802923102.72541,
    "noc": 34934293352.84803,
    "nop": 106882380123.34074,
    "ubuf": 11977732.12877
  },
  "execution_controls": {
    "proposal_budget": 512,
    "time_cap_minutes": 30.0
  },
  "legality_details": {
    "buffer_margin": 571302.0,
    "channel_count_available": 16,
    "channel_count_required": 5,
    "dram_channel_margin": 12.841112,
    "edge_margin": 2804.601669,
    "io_competition_score": 0.020083,
    "memory_margin": 337.14924,
    "memory_required_bw_gbps": 131.375762,
    "noc_margin": 14.72098,
    "peak_dram_channel_gbps": 19.158888,
    "peak_noc_link_gbps": 21.896249,
    "peak_nop_link_gbps": 18.816855,
    "peak_route_link_gbps": 21.896249,
    "reasons": [],
    "route_margin": 3155.026481,
    "total_interchip_bw": 114.958699
  },
  "legality_flags": {
    "buffer": "legal",
    "edge": "legal",
    "memory": "legal",
    "memory_channel": "legal",
    "noc": "legal",
    "overall": "legal",
    "route": "legal"
  },
  "memory_attachment": {
    "channel_count_available": 16,
    "channel_count_required": 5,
    "memory_bandwidth_gbps": 512,
    "memory_channel_bandwidth_gbps": 32.0,
    "memory_class": "GDDR6X",
    "noc_bandwidth": 32
  },
  "notes": {
    "chiplet_geometry": {
      "chiplet_count": 8,
      "per_die_exposed_edges": 12,
      "total_exposed_edge_slots": 96,
      "x_step": 2,
      "y_step": 4
    },
    "message": "This canonical design record is exported directly from the Python-native search summary and its derived evaluation terms.",
    "status": "exported_from_search_summary",
    "workload_ref": "workloads/megatron_collective_trace.json",
    "workload_status": "runnable_trace_binding"
  },
  "package_class": "FO",
  "paths": {
    "point_snapshot": "results/raw/20260405_205311_paper_full_bootstrap/paper_full_bootstrap_061/point_snapshot.json",
    "result_log": "results/raw/20260405_205311_paper_full_bootstrap/paper_full_bootstrap_061/result.log",
    "stderr_log": "results/raw/20260405_205311_paper_full_bootstrap/paper_full_bootstrap_061/stderr.log",
    "stdout_log": "results/raw/20260405_205311_paper_full_bootstrap/paper_full_bootstrap_061/stdout.log"
  },
  "per_edge_bandwidth": {
    "edge_capacity": 2821.240462,
    "edge_demand": 16.638793,
    "edge_margin": 2804.601669,
    "per_die_exposed_edges": 12,
    "route_budget": 3176.92273,
    "route_demand": 21.896249,
    "route_margin": 3155.026481,
    "total_exposed_edge_slots": 96
  },
  "phy_count": 384,
  "process_node": "7",
  "proposal_budget": 512,
  "schema_version": "python_native_v1",
  "seed": 61,
  "state_tuple": {
    "a": {
      "core_array": {
        "x": 8,
        "y": 8
      },
      "macs_per_core": 4096,
      "microarch": "polar",
      "ul3_kb": 4096
    },
    "b": {
      "memory_bandwidth_gbps": 512,
      "memory_class": "GDDR6X",
      "noc_bandwidth": 32
    },
    "i": {
      "interface_class": "UCIe",
      "nop_bandwidth": 32
    },
    "k": {
      "chiplet_count": 8,
      "chiplet_partition": {
        "x": 4,
        "y": 2
      }
    },
    "m": {
      "batch_size": 1,
      "search_rounds": 2,
      "workload": "megatron_collective_trace",
      "workload_motif": "megatron_collective_trace",
      "workload_ref": "workloads/megatron_collective_trace.json",
      "workload_trace_ref": "workloads/generated/megatron_collective_trace.json",
      "workload_trace_summary": {
        "all_gather_count": 3,
        "all_reduce_count": 3,
        "bucket_size_mb": 128,
        "high_memory_phase_count": 2,
        "high_route_phase_count": 3,
        "phase_count": 6,
        "trace_type": "megatron_collective_trace"
      }
    },
    "p": {
      "package_class": "FO"
    }
  },
  "surrogate_metrics": {
    "cost": 1.3381951003869575e+19,
    "cost_overall": 3800273.3122554407,
    "edp": 1.3275547490731362e+19,
    "energy": 157603162754.6786,
    "latency_cycles": 84234017
  },
  "time_cap_minutes": 30.0,
  "tops_target": 512,
  "trace_id": "megatron_collective_trace",