{
  "baseline_mode": "Joint",
  "best_state": {
    "batch_cluster": false,
    "interleave": true,
    "mapping_tiling": 2,
    "memory_balance": 1.0227071752087713,
    "memory_prefetch": 2,
    "noc_balance": 1.25,
    "pipeline_depth": 1,
    "placement_skew": -0.22718247975279843,
    "route_slack": 0.7092410331049609,
    "segment_span": 4,
    "spm_level": 3
  },
  "closure_terms": {
    "M1": 2823.350087,
    "M2": 464.705065,
    "Si": 1.0,
    "Sp": 1.65
  },
  "cost_breakdown": {
    "cost_chip": 14.46199,
    "cost_package": 19.05405,
    "cost_soc": 997699.7949,
    "cost_system_package": 665251.40953
  },
  "derived_terms": {
    "amortized_nre_cost": 997658.2788670164,
    "assembly_waste_cost": 8.716245716764478,
    "avg_mapped_utilization": 0.9147727272727273,
    "avg_partition_utilization": 1.0,
    "boundary_count": 1.0,
    "buffer_area": 18.5724,
    "buffer_average_bytes": 837722.0,
    "buffer_capacity_bytes": 1015808.0,
    "buffer_margin": 178086.0,
    "buffer_overflow_core_count": 0.0,
    "buffer_overflow_ratio": 0.0,
    "buffer_peak_bytes": 837722.0,
    "channel_count_available": 16.0,
    "channel_count_required": 2.0,
    "chip_nre": 99727777.01602462,
    "collective_pressure": 1.2103693181818183,
    "compute_array_area": 32.90112,
    "compute_cycles": 96180562.0,
    "control_area": 7.582618975703358,
    "defect_die_cost": 0.11555806684551628,
    "distinct_chip_type_count": 2.0,
    "dram_channel_imbalance": 2.9697169453267134,
    "dram_channel_margin": 17.381267162812307,
    "dram_service_cycles": 19966063.0,
    "edge_margin": 2823.350087268942,
    "endpoint_latency_cycles": 41.0,
    "graph_layer_count": 11.0,
    "interposer_area": 95.45754920221553,
    "io_competition_score": 0.017857414945490976,
    "layout_locality_score": 0.015624551224976305,
    "locality_score": 0.5004448789640716,
    "memory_margin": 464.70506532860895,
    "module_nre": 189642331.08173487,
    "multicast_degree": 3.001818181818182,
    "noc_margin": 29.59417763232535,
    "noc_service_cycles": 9468296.0,
    "nop_service_cycles": 22109788.0,
    "overflow_core_count": 0.0,
    "package_area": 381.8301968088621,
    "package_defect_cost": 4.2449610309315124,
    "package_nre": 9927375.562345427,
    "peak_dram_channel_gbps": 14.618732837187693,
    "peak_noc_link_gbps": 10.405822367674649,
    "peak_nop_link_gbps": 8.023543954516155,
    "peak_route_link_gbps": 10.405822367674649,
    "peak_ubuf_bytes": 2618170.0,
    "per_compute_die_area": 8.93224102007513,
    "phy_count": 384.0,
    "raw_die_cost": 14.346428436731026,
    "raw_package_cost": 6.092839867834648,
    "remote_weight_share": 0.777946273830156,
    "route_margin": 3327.274651514681,
    "schedule_tree_height": 3.0,
    "segment_count": 2.0,
    "segment_crossing_count": 12.0,
    "segment_stage_count_avg": 2.5,
    "segment_sync_cycles": 206.0,
    "serialization_ratio": 0.3044740660146666,
    "shortcut_input_count": 3.0,
    "spm_overflow_ratio": 0.0,
    "spm_residency": 0.9170917362533482,
    "total_interchip_bw": 51.69440497570288
  },
  "design_id": "paper_full_bootstrap_049",
  "die_area_breakdown": {
    "compute_die_area": 71.45793,
    "io_die_area": 15.32166,
    "total_die_area": 86.77959
  },
  "energy_breakdown": {
    "buf": 36419975.50464,
    "bus": 1429532.08832,
    "dram": 2762659563.56187,
    "mac": 330841323.60301,
    "noc": 4709831427.52719,
    "nop": 8965768959.82925,
    "ubuf": 19610756.04096
  },
  "execution_controls": {
    "proposal_budget": 512,
    "time_cap_minutes": 30.0
  },
  "legality_details": {
    "buffer_margin": 178086.0,
    "channel_count_available": 16,
    "channel_count_required": 2,
    "dram_channel_margin": 17.381267,
    "edge_margin": 2823.350087,
    "io_competition_score": 0.017857,
    "memory_margin": 464.705065,
    "memory_required_bw_gbps": 58.921008,
    "noc_margin": 29.594178,
    "peak_dram_channel_gbps": 14.618733,
    "peak_noc_link_gbps": 10.405822,
    "peak_nop_link_gbps": 8.023544,
    "peak_route_link_gbps": 10.405822,
    "reasons": [],
    "route_margin": 3327.274652,
    "total_interchip_bw": 51.694405
  },
  "legality_flags": {
    "buffer": "legal",
    "edge": "legal",
    "memory": "legal",
    "memory_channel": "legal",
    "noc": "legal",
    "overall": "legal",
    "route": "legal"
  },
  "memory_attachment": {
    "channel_count_available": 16,
    "channel_count_required": 2,
    "memory_bandwidth_gbps": 512,
    "memory_channel_bandwidth_gbps": 32.0,
    "memory_class": "GDDR6X",
    "noc_bandwidth": 32
  },
  "notes": {
    "chiplet_geometry": {
      "chiplet_count": 8,
      "per_die_exposed_edges": 12,
      "total_exposed_edge_slots": 96,
      "x_step": 2,
      "y_step": 4
    },
    "message": "This canonical design record is exported directly from the Python-native search summary and its derived evaluation terms.",
    "status": "exported_from_search_summary",
    "workload_ref": "workloads/mixtral_moe_trace.json",
    "workload_status": "runnable_trace_binding"
  },
  "package_class": "SI",
  "paths": {
    "point_snapshot": "results/raw/20260405_205311_paper_full_bootstrap/paper_full_bootstrap_049/point_snapshot.json",
    "result_log": "results/raw/20260405_205311_paper_full_bootstrap/paper_full_bootstrap_049/result.log",
    "stderr_log": "results/raw/20260405_205311_paper_full_bootstrap/paper_full_bootstrap_049/stderr.log",
    "stdout_log": "results/raw/20260405_205311_paper_full_bootstrap/paper_full_bootstrap_049/stdout.log"
  },
  "per_edge_bandwidth": {
    "edge_capacity": 2830.748121,
    "edge_demand": 7.398034,
    "edge_margin": 2823.350087,
    "per_die_exposed_edges": 12,
    "route_budget": 3337.680474,
    "route_demand": 10.405822,
    "route_margin": 3327.274652,
    "total_exposed_edge_slots": 96
  },
  "phy_count": 384,
  "process_node": "7",
  "proposal_budget": 512,
  "schema_version": "python_native_v1",
  "seed": 51,
  "state_tuple": {
    "a": {
      "core_array": {
        "x": 8,
        "y": 8
      },
      "macs_per_core": 4096,
      "microarch": "polar",
      "ul3_kb": 4096
    },
    "b": {
      "memory_bandwidth_gbps": 512,
      "memory_class": "GDDR6X",
      "noc_bandwidth": 32
    },
    "i": {
      "interface_class": "UCIe",
      "nop_bandwidth": 32
    },
    "k": {
      "chiplet_count": 8,
      "chiplet_partition": {
        "x": 4,
        "y": 2
      }
    },
    "m": {
      "batch_size": 1,
      "search_rounds": 2,
      "workload": "mixtral_moe_trace",
      "workload_motif": "mixtral_moe_trace",
      "workload_ref": "workloads/mixtral_moe_trace.json",
      "workload_trace_ref": "workloads/generated/mixtral_moe_trace.json",
      "workload_trace_summary": {
        "expert_count": 8,
        "load_imbalance_factor": 1.35,
        "locality_probability": 0.34375,
        "token_count": 64,
        "top_k": 2,
        "trace_type": "mixtral_moe_trace"
      }
    },
    "p": {
      "package_class": "SI"
    }
  },
  "surrogate_metrics": {
    "cost": 1.860231906923199e+18,
    "cost_overall": 997699.7949001354,
    "edp": 1.8602114445973084e+18,
    "energy": 16826561538.15525,
    "latency_cycles": 110552084
  },
  "time_cap_minutes": 30.0,
  "tops_target": 512,
  "trace_id": "mixtral_moe_trace",