{
  "baseline_mode": "Stage-wise",
  "best_state": {
    "batch_cluster": false,
    "interleave": true,
    "mapping_tiling": 3,
    "memory_balance": 0.8839800258466317,
    "memory_prefetch": 2,
    "noc_balance": 1.2453278093643594,
    "pipeline_depth": 2,
    "placement_skew": 0.022579303234244147,
    "route_slack": 0.7639657861664467,
    "segment_span": 3,
    "spm_level": 3
  },
  "closure_terms": {
    "M1": 1899.884133,
    "M2": 444.447879,
    "Si": 1.0,
    "Sp": 1.35
  },
  "cost_breakdown": {
    "cost_chip": 10.93453,
    "cost_package": 5.66555,
    "cost_soc": 2955969.37684,
    "cost_system_package": 2620278.85348
  },
  "derived_terms": {
    "amortized_nre_cost": 2955944.7767529264,
    "assembly_waste_cost": 1.2844390253077587,
    "avg_mapped_utilization": 1.0,
    "avg_partition_utilization": 1.0,
    "boundary_count": 1.0,
    "buffer_area": 9.2862,
    "buffer_average_bytes": 484895.0,
    "buffer_capacity_bytes": 507904.0,
    "buffer_margin": 23009.0,
    "buffer_overflow_core_count": 0.0,
    "buffer_overflow_ratio": 0.0,
    "buffer_peak_bytes": 484895.0,
    "channel_count_available": 16.0,
    "channel_count_required": 1.0,
    "chip_nre": 100701476.64718324,
    "collective_pressure": 0.528,
    "compute_array_area": 34.51392,
    "compute_cycles": 30941549371.0,
    "control_area": 7.823547581940546,
    "defect_die_cost": 0.12941144579968222,
    "distinct_chip_type_count": 2.0,
    "dram_channel_imbalance": 0.7674348414869943,
    "dram_channel_margin": 31.099724517906335,
    "dram_service_cycles": 409574632.0,
    "edge_margin": 1899.8841327148687,
    "endpoint_latency_cycles": 34.0,
    "graph_layer_count": 5.0,
    "interposer_area": 82.07118286056968,
    "io_competition_score": 0.014129201304770243,
    "layout_locality_score": 0.0,
    "locality_score": 0.5740529297959619,
    "memory_margin": 444.44787860913965,
    "module_nre": 163048083.28299844,
    "multicast_degree": 2.08,
    "noc_margin": 38.304619471175705,
    "noc_service_cycles": 421441258.0,
    "nop_service_cycles": 1030307217.0,
    "overflow_core_count": 0.0,
    "package_area": 328.2847314422787,
    "package_defect_cost": 0.6171156816231171,
    "package_nre": 623033873.0956963,
    "peak_dram_channel_gbps": 0.900275482093664,
    "peak_noc_link_gbps": 1.5458704284837936,
    "peak_nop_link_gbps": 1.1638484164954315,
    "peak_route_link_gbps": 1.5458704284837936,
    "peak_ubuf_bytes": 13340979.0,
    "per_compute_die_area": 14.0674494160788,
    "phy_count": 256.0,
    "raw_die_cost": 10.805122504568233,
    "raw_package_cost": 3.76399594286136,
    "remote_weight_share": 0.75,
    "route_margin": 1960.9730284998554,
    "schedule_tree_height": 2.0,
    "segment_count": 2.0,
    "segment_crossing_count": 1.0,
    "segment_stage_count_avg": 2.5,
    "segment_sync_cycles": 28.0,
    "serialization_ratio": 0.07834941438951233,
    "shortcut_input_count": 1.0,
    "spm_overflow_ratio": 0.0,
    "spm_residency": 0.925,
    "total_interchip_bw": 5.733495474867896
  },
  "design_id": "paper_full_bootstrap_034",
  "die_area_breakdown": {
    "compute_die_area": 56.2698,
    "io_die_area": 12.12285,
    "total_die_area": 68.39265
  },
  "energy_breakdown": {
    "buf": 5783979617.40878,
    "bus": 13631102.96289,
    "dram": 220717047380.70602,
    "mac": 2001333626.58492,
    "noc": 580113215272.7811,
    "nop": 914577610117.1747,
    "ubuf": 3114450563.22011
  },
  "execution_controls": {
    "proposal_budget": 512,
    "time_cap_minutes": 30.0
  },
  "legality_details": {
    "buffer_margin": 23009.0,
    "channel_count_available": 16,
    "channel_count_required": 1,
    "dram_channel_margin": 31.099725,
    "edge_margin": 1899.884133,
    "io_competition_score": 0.014129,
    "memory_margin": 444.447879,
    "memory_required_bw_gbps": 8.149895,
    "noc_margin": 38.304619,
    "peak_dram_channel_gbps": 0.900275,
    "peak_noc_link_gbps": 1.54587,
    "peak_nop_link_gbps": 1.163848,
    "peak_route_link_gbps": 1.54587,
    "reasons": [],
    "route_margin": 1960.973028,
    "total_interchip_bw": 5.733495
  },
  "legality_flags": {
    "buffer": "legal",
    "edge": "legal",
    "memory": "legal",
    "memory_channel": "legal",
    "noc": "legal",
    "overall": "legal",
    "route": "legal"
  },
  "memory_attachment": {
    "channel_count_available": 16,
    "channel_count_required": 1,
    "memory_bandwidth_gbps": 512,
    "memory_channel_bandwidth_gbps": 32.0,
    "memory_class": "GDDR6X",
    "noc_bandwidth": 32
  },
  "notes": {
    "chiplet_geometry": {
      "chiplet_count": 4,
      "per_die_exposed_edges": 16,
      "total_exposed_edge_slots": 64,
      "x_step": 4,
      "y_step": 4
    },
    "message": "This canonical design record is exported directly from the Python-native search summary and its derived evaluation terms.",
    "status": "exported_from_search_summary",
    "workload_ref": "workloads/long_context_prefill.json",
    "workload_status": "runnable_binding"
  },
  "package_class": "FO",
  "paths": {
    "point_snapshot": "results/raw/20260405_205311_paper_full_bootstrap/paper_full_bootstrap_034/point_snapshot.json",
    "result_log": "results/raw/20260405_205311_paper_full_bootstrap/paper_full_bootstrap_034/result.log",
    "stderr_log": "results/raw/20260405_205311_paper_full_bootstrap/paper_full_bootstrap_034/stderr.log",
    "stdout_log": "results/raw/20260405_205311_paper_full_bootstrap/paper_full_bootstrap_034/stdout.log"
  },
  "per_edge_bandwidth": {
    "edge_capacity": 1901.317506,
    "edge_demand": 1.433373,
    "edge_margin": 1899.884133,
    "per_die_exposed_edges": 16,
    "route_budget": 1962.518899,
    "route_demand": 1.54587,
    "route_margin": 1960.973028,
    "total_exposed_edge_slots": 64
  },
  "phy_count": 256,
  "process_node": "7",
  "proposal_budget": 512,
  "schema_version": "python_native_v1",
  "seed": 31,
  "state_tuple": {
    "a": {
      "core_array": {
        "x": 8,
        "y": 8
      },
      "macs_per_core": 4096,
      "microarch": "polar",
      "ul3_kb": 4096
    },
    "b": {
      "memory_bandwidth_gbps": 512,
      "memory_class": "GDDR6X",
      "noc_bandwidth": 32
    },
    "i": {
      "interface_class": "UCIe",
      "nop_bandwidth": 32
    },
    "k": {
      "chiplet_count": 4,
      "chiplet_partition": {
        "x": 2,
        "y": 2
      }
    },
    "m": {
      "batch_size": 1,
      "search_rounds": 2,
      "workload": "long_context_prefill",
      "workload_motif": "long_context_prefill",
      "workload_ref": "workloads/long_context_prefill.json",
      "workload_trace_ref": null,
      "workload_trace_summary": {}
    },
    "p": {
      "package_class": "FO"
    }
  },
  "surrogate_metrics": {
    "cost": 5.4680423108328146e+22,
    "cost_overall": 2955969.376837527,
    "edp": 5.4571171622739415e+22,
    "energy": 1726321267680.8386,
    "latency_cycles": 31611249102
  },
  "time_cap_minutes": 30.0,
  "tops_target": 512,
  "trace_id": "long_context_prefill",
  "traffic_matrix": [
    [
      0.0,
      0.651737,
      0.651737,
      0.129899
    ],
    [
      0.651737,
      0.0,
      0.129899,
      0.651737
    ],
    [
      0.651737,
      0.129899,
      0.0,
      0.651737
    ],
    [
      0.129899,
      0.651737,
      0.651737,
      0.0
    ]
  ],
  "workload": "long_context_prefill",
  "workload_motif": "long_context_prefill",
  "workload_trace": {
    "summary": {},
    "trace_ref": null
  }
}
