{
  "baseline_mode": "Cost-interface-first",
  "best_state": {
    "batch_cluster": false,
    "interleave": true,
    "mapping_tiling": 4,
    "memory_balance": 0.7283429492124053,
    "memory_prefetch": 3,
    "noc_balance": 1.25,
    "pipeline_depth": 4,
    "placement_skew": -0.08123981177782956,
    "route_slack": 0.7585086660988447,
    "segment_span": 4,
    "spm_level": 3
  },
  "closure_terms": {
    "M1": 573.803392,
    "M2": 100.863028,
    "Si": 0.82,
    "Sp": 1.0
  },
  "cost_breakdown": {
    "cost_chip": 4.60126,
    "cost_package": 1.52419,
    "cost_soc": 404614.16618,
    "cost_system_package": 161206.93168
  },
  "derived_terms": {
    "amortized_nre_cost": 404605.5407356431,
    "assembly_waste_cost": 0.23712926392041203,
    "avg_mapped_utilization": 1.0,
    "avg_partition_utilization": 1.0,
    "boundary_count": 0.0,
    "buffer_area": 6.633,
    "buffer_average_bytes": 251222.0,
    "buffer_capacity_bytes": 507904.0,
    "buffer_margin": 256682.0,
    "buffer_overflow_core_count": 0.0,
    "buffer_overflow_ratio": 0.0,
    "buffer_peak_bytes": 251222.0,
    "channel_count_available": 5.0,
    "channel_count_required": 1.0,
    "chip_nre": 73020039.97261861,
    "collective_pressure": 0.276,
    "compute_array_area": 12.9024,
    "compute_cycles": 7214859.0,
    "control_area": 6.328743887066698,
    "defect_die_cost": 0.030616575262328638,
    "distinct_chip_type_count": 2.0,
    "dram_channel_imbalance": 0.647239760401491,
    "dram_channel_margin": 26.836943069306933,
    "dram_service_cycles": 443121.0,
    "edge_margin": 573.803392493812,
    "endpoint_latency_cycles": 36.0,
    "graph_layer_count": 5.0,
    "interposer_area": 0.0,
    "io_competition_score": 0.01469396612151582,
    "layout_locality_score": 0.03125,
    "locality_score": 0.609141451726799,
    "memory_margin": 100.86302781457893,
    "module_nre": 47327234.13222939,
    "multicast_degree": 2.22,
    "noc_margin": 34.82564467821783,
    "noc_service_cycles": 364961.0,
    "nop_service_cycles": 2084381.0,
    "overflow_core_count": 0.0,
    "package_area": 163.19735907665307,
    "package_defect_cost": 0.06307869171953691,
    "package_nre": 1034388.1158449388,
    "peak_dram_channel_gbps": 5.163056930693068,
    "peak_noc_link_gbps": 5.1743553217821745,
    "peak_nop_link_gbps": 3.3101858601485254,
    "peak_route_link_gbps": 5.1743553217821745,
    "peak_ubuf_bytes": 883098.0,
    "per_compute_die_area": 7.047979209225675,
    "phy_count": 96.0,
    "raw_die_cost": 4.570644394567202,
    "raw_package_cost": 1.223980193074898,
    "remote_weight_share": 0.75,
    "route_margin": 436.6601649667033,
    "schedule_tree_height": 2.0,
    "segment_count": 1.0,
    "segment_crossing_count": 1.0,
    "segment_stage_count_avg": 5.0,
    "segment_sync_cycles": 28.0,
    "serialization_ratio": 0.5778020858488292,
    "shortcut_input_count": 0.0,
    "spm_overflow_ratio": 0.0,
    "spm_residency": 0.9750000000000001,
    "total_interchip_bw": 12.110967450495028
  },
  "design_id": "paper_full_bootstrap_046",
  "die_area_breakdown": {
    "compute_die_area": 28.19192,
    "io_die_area": 12.60742,
    "total_die_area": 40.79934
  },
  "energy_breakdown": {
    "buf": 708462.51008,
    "bus": 212284.2112,
    "dram": 161327221.30944,
    "mac": 67256356.00879,
    "noc": 437353975.48687,
    "nop": 1788225196.69346,
    "ubuf": 381479.81312
  },
  "execution_controls": {
    "proposal_budget": 512,
    "time_cap_minutes": 30.0
  },
  "legality_details": {
    "buffer_margin": 256682.0,
    "channel_count_available": 5,
    "channel_count_required": 1,
    "dram_channel_margin": 26.836943,
    "edge_margin": 573.803392,
    "io_competition_score": 0.014694,
    "memory_margin": 100.863028,
    "memory_required_bw_gbps": 15.671844,
    "noc_margin": 34.825645,
    "peak_dram_channel_gbps": 5.163057,
    "peak_noc_link_gbps": 5.174355,
    "peak_nop_link_gbps": 3.310186,
    "peak_route_link_gbps": 5.174355,
    "reasons": [],
    "route_margin": 436.660165,
    "total_interchip_bw": 12.110967
  },
  "legality_flags": {
    "buffer": "legal",
    "edge": "legal",
    "memory": "legal",
    "memory_channel": "legal",
    "noc": "legal",
    "overall": "legal",
    "route": "legal"
  },
  "memory_attachment": {
    "channel_count_available": 5,
    "channel_count_required": 1,
    "memory_bandwidth_gbps": 160,
    "memory_channel_bandwidth_gbps": 32.0,
    "memory_class": "GDDR6X",
    "noc_bandwidth": 32
  },
  "notes": {
    "chiplet_geometry": {
      "chiplet_count": 4,
      "per_die_exposed_edges": 12,
      "total_exposed_edge_slots": 48,
      "x_step": 4,
      "y_step": 2
    },
    "message": "This canonical design record is exported directly from the Python-native search summary and its derived evaluation terms.",
    "status": "exported_from_search_summary",
    "workload_ref": "workloads/dense_decoder_block.json",
    "workload_status": "runnable_binding"
  },
  "package_class": "OS",
  "paths": {
    "point_snapshot": "results/raw/20260405_205311_paper_full_bootstrap/paper_full_bootstrap_046/point_snapshot.json",
    "result_log": "results/raw/20260405_205311_paper_full_bootstrap/paper_full_bootstrap_046/result.log",
    "stderr_log": "results/raw/20260405_205311_paper_full_bootstrap/paper_full_bootstrap_046/stderr.log",
    "stdout_log": "results/raw/20260405_205311_paper_full_bootstrap/paper_full_bootstrap_046/stdout.log"
  },
  "per_edge_bandwidth": {
    "edge_capacity": 576.831135,
    "edge_demand": 3.027743,
    "edge_margin": 573.803392,
    "per_die_exposed_edges": 12,
    "route_budget": 441.83452,
    "route_demand": 5.174355,
    "route_margin": 436.660165,
    "total_exposed_edge_slots": 48
  },
  "phy_count": 96,
  "process_node": "12",
  "proposal_budget": 512,
  "schema_version": "python_native_v1",
  "seed": 41,
  "state_tuple": {
    "a": {
      "core_array": {
        "x": 8,
        "y": 4
      },
      "macs_per_core": 2048,
      "microarch": "polar",
      "ul3_kb": 2048
    },
    "b": {
      "memory_bandwidth_gbps": 160,
      "memory_class": "GDDR6X",
      "noc_bandwidth": 32
    },
    "i": {
      "interface_class": "XSR",
      "nop_bandwidth": 16
    },
    "k": {
      "chiplet_count": 4,
      "chiplet_partition": {
        "x": 2,
        "y": 2
      }
    },
    "m": {
      "batch_size": 1,
      "search_rounds": 3,
      "workload": "dense_decoder_block",
      "workload_motif": "dense_decoder_block",
      "workload_ref": "workloads/dense_decoder_block.json",
      "workload_trace_ref": null,
      "workload_trace_summary": {}
    },
    "p": {
      "package_class": "OS"
    }
  },
  "surrogate_metrics": {
    "cost": 2.089134313779388e+16,
    "cost_overall": 404614.1661847616,
    "edp": 2.0684436717310624e+16,
    "energy": 2455464976.0329676,
    "latency_cycles": 8423837
  },
  "time_cap_minutes": 30.0,
  "tops_target": 128,
  "trace_id": "dense_decoder_block",
  "traffic_matrix": [
    [
      0.0,
      1.382268,
      1.382268,
      0.263207
    ],
    [
      1.382268,
      0.0,
      0.263207,
      1.382268
    ],
    [
      1.382268,
      0.263207,
      0.0,
      1.382268
    ],
    [
      0.263207,
      1.382268,
      1.382268,
      0.0
    ]
  ],
  "workload": "dense_decoder_block",
  "workload_motif": "dense_decoder_block",
  "workload_trace": {
    "summary": {},
    "trace_ref": null
  }
}
