{
  "baseline_mode": "Cost-interface-first",
  "best_state": {
    "batch_cluster": false,
    "interleave": true,
    "mapping_tiling": 3,
    "memory_balance": 0.8869199081171868,
    "memory_prefetch": 1,
    "noc_balance": 1.1785736137481435,
    "pipeline_depth": 3,
    "placement_skew": -0.20140721634083314,
    "route_slack": 0.9257709632948083,
    "segment_span": 4,
    "spm_level": 3
  },
  "closure_terms": {
    "M1": 1749.347265,
    "M2": 451.624768,
    "Si": 0.92,
    "Sp": 1.65
  },
  "cost_breakdown": {
    "cost_chip": 13.41448,
    "cost_package": 12.73223,
    "cost_soc": 1029466.49267,
    "cost_system_package": 680509.14535
  },
  "derived_terms": {
    "amortized_nre_cost": 1029432.3459561504,
    "assembly_waste_cost": 4.096909445680701,
    "avg_mapped_utilization": 1.0,
    "avg_partition_utilization": 1.0,
    "boundary_count": 0.0,
    "buffer_area": 4.6431,
    "buffer_average_bytes": 74136.0,
    "buffer_capacity_bytes": 253952.0,
    "buffer_margin": 179816.0,
    "buffer_overflow_core_count": 0.0,
    "buffer_overflow_ratio": 0.0,
    "buffer_peak_bytes": 74136.0,
    "channel_count_available": 16.0,
    "channel_count_required": 1.0,
    "chip_nre": 104680779.85301606,
    "collective_pressure": 0.0,
    "compute_array_area": 34.51392,
    "compute_cycles": 657.0,
    "control_area": 8.5808443298045,
    "defect_die_cost": 0.21347643235384162,
    "distinct_chip_type_count": 2.0,
    "dram_channel_imbalance": 0.9093609735782693,
    "dram_channel_margin": 31.704260911889424,
    "dram_service_cycles": 5.0,
    "edge_margin": 1749.3472647858293,
    "endpoint_latency_cycles": 38.0,
    "graph_layer_count": 5.0,
    "interposer_area": 97.72418920572133,
    "io_competition_score": 0.04289731921411922,
    "layout_locality_score": 0.015625,
    "locality_score": 0.6336371371164515,
    "memory_margin": 451.6247683168412,
    "module_nre": 194145389.22203305,
    "multicast_degree": 1.28,
    "noc_margin": 36.8959705030578,
    "noc_service_cycles": 6.0,
    "nop_service_cycles": 10.0,
    "overflow_core_count": 0.0,
    "package_area": 390.8967568228853,
    "package_defect_cost": 2.395234093322846,
    "package_nre": 10003534.711796021,
    "peak_dram_channel_gbps": 0.29573908811057636,
    "peak_noc_link_gbps": 0.8183851368827938,
    "peak_nop_link_gbps": 0.74360070053208,
    "peak_route_link_gbps": 0.8183851368827938,
    "peak_ubuf_bytes": 74136.0,
    "per_compute_die_area": 13.008568029871725,
    "phy_count": 320.0,
    "raw_die_cost": 13.20100163901869,
    "raw_package_cost": 6.240089196873904,
    "remote_weight_share": 0.75,
    "route_margin": 2675.21038171557,
    "schedule_tree_height": 2.0,
    "segment_count": 1.0,
    "segment_crossing_count": 1.0,
    "segment_stage_count_avg": 5.0,
    "segment_sync_cycles": 24.0,
    "serialization_ratio": 0.02921024610307057,
    "shortcut_input_count": 0.0,
    "spm_overflow_ratio": 0.0,
    "spm_residency": 0.8750000000000002,
    "total_interchip_bw": 7.2994252273097935
  },
  "design_id": "paper_full_bootstrap_030",
  "die_area_breakdown": {
    "compute_die_area": 52.03427,
    "io_die_area": 36.8059,
    "total_die_area": 88.84017
  },
  "energy_breakdown": {
    "buf": 285.93055,
    "bus": 684.6952,
    "dram": 189053.028,
    "mac": 38928571.42857,
    "noc": 2251158.79827,
    "nop": 9936601.11304,
    "ubuf": 153.96261
  },
  "execution_controls": {
    "proposal_budget": 512,
    "time_cap_minutes": 30.0
  },
  "legality_details": {
    "buffer_margin": 179816.0,
    "channel_count_available": 16,
    "channel_count_required": 1,
    "dram_channel_margin": 31.704261,
    "edge_margin": 1749.347265,
    "io_competition_score": 0.042897,
    "memory_margin": 451.624768,
    "memory_required_bw_gbps": 2.478225,
    "noc_margin": 36.895971,
    "peak_dram_channel_gbps": 0.295739,
    "peak_noc_link_gbps": 0.818385,
    "peak_nop_link_gbps": 0.743601,
    "peak_route_link_gbps": 0.818385,
    "reasons": [],
    "route_margin": 2675.210382,
    "total_interchip_bw": 7.299425
  },
  "legality_flags": {
    "buffer": "legal",
    "edge": "legal",
    "memory": "legal",
    "memory_channel": "legal",
    "noc": "legal",
    "overall": "legal",
    "route": "legal"
  },
  "memory_attachment": {
    "channel_count_available": 16,
    "channel_count_required": 1,
    "memory_bandwidth_gbps": 512,
    "memory_channel_bandwidth_gbps": 32.0,
    "memory_class": "GDDR6X",
    "noc_bandwidth": 32
  },
  "notes": {
    "chiplet_geometry": {
      "chiplet_count": 4,
      "per_die_exposed_edges": 16,
      "total_exposed_edge_slots": 64,
      "x_step": 4,
      "y_step": 4
    },
    "message": "This canonical design record is exported directly from the Python-native search summary and its derived evaluation terms.",
    "status": "exported_from_search_summary",
    "workload_ref": "workloads/cnn_inference.json",
    "workload_status": "runnable_binding"
  },
  "package_class": "SI",
  "paths": {
    "point_snapshot": "results/raw/20260405_205311_paper_full_bootstrap/paper_full_bootstrap_030/point_snapshot.json",
    "result_log": "results/raw/20260405_205311_paper_full_bootstrap/paper_full_bootstrap_030/result.log",
    "stderr_log": "results/raw/20260405_205311_paper_full_bootstrap/paper_full_bootstrap_030/stderr.log",
    "stdout_log": "results/raw/20260405_205311_paper_full_bootstrap/paper_full_bootstrap_030/stdout.log"
  },
  "per_edge_bandwidth": {
    "edge_capacity": 1751.172122,
    "edge_demand": 1.824857,
    "edge_margin": 1749.347265,
    "per_die_exposed_edges": 16,
    "route_budget": 2676.028767,
    "route_demand": 0.818385,
    "route_margin": 2675.210382,
    "total_exposed_edge_slots": 64
  },
  "phy_count": 320,
  "process_node": "7",
  "proposal_budget": 512,
  "schema_version": "python_native_v1",
  "seed": 21,
  "state_tuple": {
    "a": {
      "core_array": {
        "x": 8,
        "y": 8
      },
      "macs_per_core": 4096,
      "microarch": "polar",
      "ul3_kb": 2048
    },
    "b": {
      "memory_bandwidth_gbps": 512,
      "memory_class": "GDDR6X",
      "noc_bandwidth": 32
    },
    "i": {
      "interface_class": "USR",
      "nop_bandwidth": 32
    },
    "k": {
      "chiplet_count": 4,
      "chiplet_partition": {
        "x": 2,
        "y": 2
      }
    },
    "m": {
      "batch_size": 1,
      "search_rounds": 2,
      "workload": "cnn_inference",
      "workload_motif": "cnn_inference",
      "workload_ref": "workloads/cnn_inference.json",
      "workload_trace_ref": null,
      "workload_trace_summary": {}
    },
    "p": {
      "package_class": "SI"
    }
  },
  "surrogate_metrics": {
    "cost": 36688367399.45784,
    "cost_overall": 1029466.4926669577,
    "edp": 36325008341.02259,
    "energy": 51306508.9562466,
    "latency_cycles": 708
  },
  "time_cap_minutes": 30.0,
  "tops_target": 512,
  "trace_id": "cnn_inference",
  "traffic_matrix": [
    [
      0.0,
      0.835361,
      0.835361,
      0.154135
    ],
    [
      0.835361,
      0.0,
      0.154135,
      0.835361
    ],
    [
      0.835361,
      0.154135,
      0.0,
      0.835361
    ],
    [
      0.154135,
      0.835361,
      0.835361,
      0.0
    ]
  ],
  "workload": "cnn_inference",
  "workload_motif": "cnn_inference",
  "workload_trace": {
    "summary": {},
    "trace_ref": null
  }
}
