{
  "baseline_mode": "Joint",
  "best_state": {
    "batch_cluster": false,
    "interleave": true,
    "mapping_tiling": 4,
    "memory_balance": 1.068979725985252,
    "memory_prefetch": 3,
    "noc_balance": 1.25,
    "pipeline_depth": 4,
    "placement_skew": -0.050644109801189524,
    "route_slack": 0.8120296174793452,
    "segment_span": 3,
    "spm_level": 3
  },
  "closure_terms": {
    "M1": 1384.337544,
    "M2": 201.664254,
    "Si": 1.0,
    "Sp": 1.65
  },
  "cost_breakdown": {
    "cost_chip": 4.96299,
    "cost_package": 4.3379,
    "cost_soc": 572878.97227,
    "cost_system_package": 247714.76805
  },
  "derived_terms": {
    "amortized_nre_cost": 572865.6713743955,
    "assembly_waste_cost": 1.5157447754339264,
    "avg_mapped_utilization": 1.0,
    "avg_partition_utilization": 1.0,
    "boundary_count": 1.0,
    "buffer_area": 4.6431,
    "buffer_average_bytes": 132096.0,
    "buffer_capacity_bytes": 507904.0,
    "buffer_margin": 375808.0,
    "buffer_overflow_core_count": 0.0,
    "buffer_overflow_ratio": 0.0,
    "buffer_peak_bytes": 132096.0,
    "channel_count_available": 8.0,
    "channel_count_required": 3.0,
    "chip_nre": 97546572.36688295,
    "collective_pressure": 0.28,
    "compute_array_area": 9.03168,
    "compute_cycles": 29886.0,
    "control_area": 6.110386465880714,
    "defect_die_cost": 0.024649210713533543,
    "distinct_chip_type_count": 2.0,
    "dram_channel_imbalance": 0.7742111982491342,
    "dram_channel_margin": 16.03330664531626,
    "dram_service_cycles": 5190.0,
    "edge_margin": 1384.3375435868695,
    "endpoint_latency_cycles": 33.0,
    "graph_layer_count": 6.0,
    "interposer_area": 33.45752790536817,
    "io_competition_score": 0.010314805374843387,
    "layout_locality_score": 0.03125,
    "locality_score": 0.6114139132926031,
    "memory_margin": 201.66425420770895,
    "module_nre": 66468955.438664764,
    "multicast_degree": 2.0866666666666664,
    "noc_margin": 26.866916466506527,
    "noc_service_cycles": 3348.0,
    "nop_service_cycles": 8069.0,
    "overflow_core_count": 0.0,
    "package_area": 133.83011162147267,
    "package_defect_cost": 0.7031578429257503,
    "package_nre": 7844173.606770929,
    "peak_dram_channel_gbps": 15.966693354683743,
    "peak_noc_link_gbps": 13.133083533493473,
    "peak_nop_link_gbps": 13.921938884440918,
    "peak_route_link_gbps": 13.921938884440918,
    "peak_ubuf_bytes": 132096.0,
    "per_compute_die_area": 5.391457861952495,
    "phy_count": 192.0,
    "raw_die_cost": 4.938341873527424,
    "raw_package_cost": 2.118997350898841,
    "remote_weight_share": 0.75,
    "route_margin": 1880.4068568643052,
    "schedule_tree_height": 3.0,
    "segment_count": 2.0,
    "segment_crossing_count": 1.0,
    "segment_stage_count_avg": 2.5,
    "segment_sync_cycles": 36.0,
    "serialization_ratio": 0.6352358957873374,
    "shortcut_input_count": 1.0,
    "spm_overflow_ratio": 0.0,
    "spm_residency": 0.9750000000000001,
    "total_interchip_bw": 55.163903923138456
  },
  "design_id": "paper_full_bootstrap_017",
  "die_area_breakdown": {
    "compute_die_area": 21.56583,
    "io_die_area": 8.8501,
    "total_die_area": 30.41593
  },
  "energy_breakdown": {
    "buf": 20236.58291,
    "bus": 9605.12,
    "dram": 6712581.61152,
    "mac": 11296703.2967,
    "noc": 15739992.93235,
    "nop": 15572953.12404,
    "ubuf": 10896.62157
  },
  "execution_controls": {
    "proposal_budget": 512,
    "time_cap_minutes": 30.0
  },
  "legality_details": {
    "buffer_margin": 375808.0,
    "channel_count_available": 8,
    "channel_count_required": 3,
    "dram_channel_margin": 16.033307,
    "edge_margin": 1384.337544,
    "io_competition_score": 0.010315,
    "memory_margin": 201.664254,
    "memory_required_bw_gbps": 71.994556,
    "noc_margin": 26.866916,
    "peak_dram_channel_gbps": 15.966693,
    "peak_noc_link_gbps": 13.133084,
    "peak_nop_link_gbps": 13.921939,
    "peak_route_link_gbps": 13.921939,
    "reasons": [],
    "route_margin": 1880.406857,
    "total_interchip_bw": 55.163904
  },
  "legality_flags": {
    "buffer": "legal",
    "edge": "legal",
    "memory": "legal",
    "memory_channel": "legal",
    "noc": "legal",
    "overall": "legal",
    "route": "legal"
  },
  "memory_attachment": {
    "channel_count_available": 8,
    "channel_count_required": 3,
    "memory_bandwidth_gbps": 256,
    "memory_channel_bandwidth_gbps": 32.0,
    "memory_class": "GDDR6X",
    "noc_bandwidth": 32
  },
  "notes": {
    "chiplet_geometry": {
      "chiplet_count": 4,
      "per_die_exposed_edges": 12,
      "total_exposed_edge_slots": 48,
      "x_step": 4,
      "y_step": 2
    },
    "message": "This canonical design record is exported directly from the Python-native search summary and its derived evaluation terms.",
    "status": "exported_from_search_summary",
    "workload_ref": "workloads/kv_heavy_decode.json",
    "workload_status": "runnable_binding"
  },
  "package_class": "SI",
  "paths": {
    "point_snapshot": "results/raw/20260405_205311_paper_full_bootstrap/paper_full_bootstrap_017/point_snapshot.json",
    "result_log": "results/raw/20260405_205311_paper_full_bootstrap/paper_full_bootstrap_017/result.log",
    "stderr_log": "results/raw/20260405_205311_paper_full_bootstrap/paper_full_bootstrap_017/stderr.log",
    "stdout_log": "results/raw/20260405_205311_paper_full_bootstrap/paper_full_bootstrap_017/stdout.log"
  },
  "per_edge_bandwidth": {
    "edge_capacity": 1398.128521,
    "edge_demand": 13.790977,
    "edge_margin": 1384.337544,
    "per_die_exposed_edges": 12,
    "route_budget": 1894.328796,
    "route_demand": 13.921939,
    "route_margin": 1880.406857,
    "total_exposed_edge_slots": 48
  },
  "phy_count": 192,
  "process_node": "7",
  "proposal_budget": 512,
  "schema_version": "python_native_v1",
  "seed": 11,
  "state_tuple": {
    "a": {
      "core_array": {
        "x": 8,
        "y": 4
      },
      "macs_per_core": 2048,
      "microarch": "polar",
      "ul3_kb": 2048
    },
    "b": {
      "memory_bandwidth_gbps": 256,
      "memory_class": "GDDR6X",
      "noc_bandwidth": 32
    },
    "i": {
      "interface_class": "UCIe",
      "nop_bandwidth": 32
    },
    "k": {
      "chiplet_count": 4,
      "chiplet_partition": {
        "x": 2,
        "y": 2
      }
    },
    "m": {
      "batch_size": 1,
      "search_rounds": 3,
      "workload": "kv_heavy_decode",
      "workload_motif": "kv_heavy_decode",
      "workload_ref": "workloads/kv_heavy_decode.json",
      "workload_trace_ref": null,
      "workload_trace_summary": {}
    },
    "p": {
      "package_class": "SI"
    }
  },
  "surrogate_metrics": {
    "cost": 1708273706022.6653,
    "cost_overall": 572878.972265449,
    "edp": 1708254915218.598,
    "energy": 49362969.289100096,
    "latency_cycles": 34606
  },
  "time_cap_minutes": 30.0,
  "tops_target": 128,
  "trace_id": "kv_heavy_decode",
  "traffic_matrix": [
    [
      0.0,
      6.297656,
      6.297656,
      1.195665
    ],
    [
      6.297656,
      0.0,
      1.195665,
      6.297656
    ],
    [
      6.297656,
      1.195665,
      0.0,
      6.297656
    ],
    [
      1.195665,
      6.297656,
      6.297656,
      0.0
    ]
  ],
  "workload": "kv_heavy_decode",
  "workload_motif": "kv_heavy_decode",
  "workload_trace": {
    "summary": {},
    "trace_ref": null
  }
}
