{
  "baseline_mode": "Joint",
  "best_state": {
    "batch_cluster": false,
    "interleave": true,
    "mapping_tiling": 4,
    "memory_balance": 0.8341730248953484,
    "memory_prefetch": 3,
    "noc_balance": 1.2169740655340557,
    "pipeline_depth": 1,
    "placement_skew": 0.35,
    "route_slack": 0.65,
    "segment_span": 3,
    "spm_level": 3
  },
  "closure_terms": {
    "M1": 1749.547932,
    "M2": 424.854648,
    "Si": 0.92,
    "Sp": 1.65
  },
  "cost_breakdown": {
    "cost_chip": 13.71229,
    "cost_package": 13.04169,
    "cost_soc": 1045819.09113,
    "cost_system_package": 695959.72476
  },
  "derived_terms": {
    "amortized_nre_cost": 1045784.337153785,
    "assembly_waste_cost": 4.187863404754989,
    "avg_mapped_utilization": 1.0,
    "avg_partition_utilization": 1.0,
    "boundary_count": 1.0,
    "buffer_area": 4.6431,
    "buffer_average_bytes": 74136.0,
    "buffer_capacity_bytes": 253952.0,
    "buffer_margin": 179816.0,
    "buffer_overflow_core_count": 0.0,
    "buffer_overflow_ratio": 0.0,
    "buffer_peak_bytes": 74136.0,
    "channel_count_available": 16.0,
    "channel_count_required": 1.0,
    "chip_nre": 104951296.22521427,
    "collective_pressure": 0.06,
    "compute_array_area": 36.12672,
    "compute_cycles": 603.0,
    "control_area": 7.82,
    "defect_die_cost": 0.2243155796932692,
    "distinct_chip_type_count": 2.0,
    "dram_channel_imbalance": 0.8134098375827019,
    "dram_channel_margin": 31.74590262033926,
    "dram_service_cycles": 5.0,
    "edge_margin": 1749.5479320459597,
    "endpoint_latency_cycles": 38.0,
    "graph_layer_count": 5.0,
    "interposer_area": 100.01848085428571,
    "io_competition_score": 0.044245906626706626,
    "layout_locality_score": 0.015625,
    "locality_score": 0.620695,
    "memory_margin": 424.85464763067404,
    "module_nre": 198703381.96384764,
    "multicast_degree": 1.42,
    "noc_margin": 38.21301298838213,
    "noc_service_cycles": 5.0,
    "nop_service_cycles": 8.0,
    "overflow_core_count": 0.0,
    "package_area": 400.07392341714285,
    "package_defect_cost": 2.464556649455717,
    "package_nre": 10080622.957073618,
    "peak_dram_channel_gbps": 0.2540973796607424,
    "peak_noc_link_gbps": 0.7301571087076482,
    "peak_nop_link_gbps": 0.7493305401350212,
    "peak_route_link_gbps": 0.7493305401350212,
    "peak_ubuf_bytes": 74136.0,
    "per_compute_die_area": 13.24072595,
    "phy_count": 320.0,
    "raw_die_cost": 13.487972317764841,
    "raw_package_cost": 6.389269147240401,
    "remote_weight_share": 0.75,
    "route_margin": 1877.9480285058246,
    "schedule_tree_height": 2.0,
    "segment_count": 2.0,
    "segment_crossing_count": 1.0,
    "segment_stage_count_avg": 2.5,
    "segment_sync_cycles": 24.0,
    "serialization_ratio": 0.028002706978247426,
    "shortcut_input_count": 1.0,
    "spm_overflow_ratio": 0.0,
    "spm_residency": 0.9750000000000001,
    "total_interchip_bw": 7.071715340472024
  },
  "design_id": "paper_full_bootstrap_025",
  "die_area_breakdown": {
    "compute_die_area": 52.9629,
    "io_die_area": 37.96299,
    "total_die_area": 90.92589
  },
  "energy_breakdown": {
    "buf": 285.93055,
    "bus": 684.6952,
    "dram": 172248.3144,
    "mac": 32967032.96703,
    "noc": 2050143.8368,
    "nop": 9699407.84139,
    "ubuf": 153.96261
  },
  "execution_controls": {
    "proposal_budget": 512,
    "time_cap_minutes": 30.0
  },
  "legality_details": {
    "buffer_margin": 179816.0,
    "channel_count_available": 16,
    "channel_count_required": 1,
    "dram_channel_margin": 31.745903,
    "edge_margin": 1749.547932,
    "io_competition_score": 0.044246,
    "memory_margin": 424.854648,
    "memory_required_bw_gbps": 2.241941,
    "noc_margin": 38.213013,
    "peak_dram_channel_gbps": 0.254097,
    "peak_noc_link_gbps": 0.730157,
    "peak_nop_link_gbps": 0.749331,
    "peak_route_link_gbps": 0.749331,
    "reasons": [],
    "route_margin": 1877.948029,
    "total_interchip_bw": 7.071715
  },
  "legality_flags": {
    "buffer": "legal",
    "edge": "legal",
    "memory": "legal",
    "memory_channel": "legal",
    "noc": "legal",
    "overall": "legal",
    "route": "legal"
  },
  "memory_attachment": {
    "channel_count_available": 16,
    "channel_count_required": 1,
    "memory_bandwidth_gbps": 512,
    "memory_channel_bandwidth_gbps": 32.0,
    "memory_class": "GDDR6X",
    "noc_bandwidth": 32
  },
  "notes": {
    "chiplet_geometry": {
      "chiplet_count": 4,
      "per_die_exposed_edges": 16,
      "total_exposed_edge_slots": 64,
      "x_step": 4,
      "y_step": 4
    },
    "message": "This canonical design record is exported directly from the Python-native search summary and its derived evaluation terms.",
    "status": "exported_from_search_summary",
    "workload_ref": "workloads/cnn_inference.json",
    "workload_status": "runnable_binding"
  },
  "package_class": "SI",
  "paths": {
    "point_snapshot": "results/raw/20260405_205311_paper_full_bootstrap/paper_full_bootstrap_025/point_snapshot.json",
    "result_log": "results/raw/20260405_205311_paper_full_bootstrap/paper_full_bootstrap_025/result.log",
    "stderr_log": "results/raw/20260405_205311_paper_full_bootstrap/paper_full_bootstrap_025/stderr.log",
    "stdout_log": "results/raw/20260405_205311_paper_full_bootstrap/paper_full_bootstrap_025/stdout.log"
  },
  "per_edge_bandwidth": {
    "edge_capacity": 1751.31586,
    "edge_demand": 1.767928,
    "edge_margin": 1749.547932,
    "per_die_exposed_edges": 16,
    "route_budget": 1878.697359,
    "route_demand": 0.749331,
    "route_margin": 1877.948029,
    "total_exposed_edge_slots": 64
  },
  "phy_count": 320,
  "process_node": "7",
  "proposal_budget": 512,
  "schema_version": "python_native_v1",
  "seed": 21,
  "state_tuple": {
    "a": {
      "core_array": {
        "x": 8,
        "y": 8
      },
      "macs_per_core": 4096,
      "microarch": "polar",
      "ul3_kb": 2048
    },
    "b": {
      "memory_bandwidth_gbps": 512,
      "memory_class": "GDDR6X",
      "noc_bandwidth": 32
    },
    "i": {
      "interface_class": "USR",
      "nop_bandwidth": 32
    },
    "k": {
      "chiplet_count": 4,
      "chiplet_partition": {
        "x": 2,
        "y": 2
      }
    },
    "m": {
      "batch_size": 1,
      "search_rounds": 2,
      "workload": "cnn_inference",
      "workload_motif": "cnn_inference",
      "workload_ref": "workloads/cnn_inference.json",
      "workload_trace_ref": null,
      "workload_trace_summary": {}
    },
    "p": {
      "package_class": "SI"
    }
  },
  "surrogate_metrics": {
    "cost": 28864560210.02356,
    "cost_overall": 1045819.0911308841,
    "edp": 28864242703.35383,
    "energy": 44889957.54798418,
    "latency_cycles": 643
  },
  "time_cap_minutes": 30.0,
  "tops_target": 512,
  "trace_id": "cnn_inference",
  "traffic_matrix": [
    [
      0.0,
      0.808158,
      0.808158,
      0.151612
    ],
    [
      0.808158,
      0.0,
      0.151612,
      0.808158
    ],
    [
      0.808158,
      0.151612,
      0.0,
      0.808158
    ],
    [
      0.151612,
      0.808158,
      0.808158,
      0.0
    ]
  ],
  "workload": "cnn_inference",
  "workload_motif": "cnn_inference",
  "workload_trace": {
    "summary": {},
    "trace_ref": null
  }
}
