{
  "baseline_mode": "Package-oblivious",
  "best_state": {
    "batch_cluster": false,
    "interleave": true,
    "mapping_tiling": 3,
    "memory_balance": 1.25,
    "memory_prefetch": 3,
    "noc_balance": 1.25,
    "pipeline_depth": 1,
    "placement_skew": -0.13882081657291473,
    "route_slack": 0.9255196947513078,
    "segment_span": 1,
    "spm_level": 3
  },
  "closure_terms": {
    "M1": 0.0,
    "M2": 72.782471,
    "Si": 0.82,
    "Sp": 1.0
  },
  "cost_breakdown": {
    "cost_chip": 1.42063,
    "cost_package": 0.27269,
    "cost_soc": 174376.60211,
    "cost_system_package": 50957.23748
  },
  "derived_terms": {
    "amortized_nre_cost": 174373.78379580192,
    "assembly_waste_cost": 0.014349807585412485,
    "avg_mapped_utilization": 0.9409639040129057,
    "avg_partition_utilization": 0.9409639040129057,
    "boundary_count": 4.0,
    "buffer_area": 0.8291038513183594,
    "buffer_average_bytes": 26340.0,
    "buffer_capacity_bytes": 112863.0,
    "buffer_margin": 86523.0,
    "buffer_overflow_core_count": 0.0,
    "buffer_overflow_ratio": 0.0,
    "buffer_peak_bytes": 26340.0,
    "channel_count_available": 3.0,
    "channel_count_required": 1.0,
    "chip_nre": 37025045.70144194,
    "collective_pressure": 0.24,
    "compute_array_area": 6.9336,
    "compute_cycles": 13175.0,
    "control_area": 2.8408231224859373,
    "defect_die_cost": 0.013801324074256272,
    "distinct_chip_type_count": 1.0,
    "dram_channel_imbalance": 0.0015480984168088074,
    "dram_channel_margin": 26.25193892817178,
    "dram_service_cycles": 825.0,
    "edge_margin": 0.0,
    "endpoint_latency_cycles": 21.0,
    "graph_layer_count": 5.0,
    "interposer_area": 0.0,
    "io_competition_score": 0.002545561771561771,
    "layout_locality_score": 0.05555555555555555,
    "locality_score": 0.7010552397455485,
    "memory_margin": 72.78247121357097,
    "module_nre": 14833638.009612983,
    "multicast_degree": 1.0,
    "noc_margin": 5.484834766911012,
    "noc_service_cycles": 2961.0,
    "nop_service_cycles": 103.0,
    "overflow_core_count": 0.0,
    "package_area": 51.150475895217184,
    "package_defect_cost": 0.002583357368445329,
    "package_nre": 453451.4276856516,
    "peak_dram_channel_gbps": 5.7480610718282215,
    "peak_noc_link_gbps": 14.515165233088988,
    "peak_nop_link_gbps": 0.0,
    "peak_route_link_gbps": 14.515165233088988,
    "peak_ubuf_bytes": 42405.0,
    "per_compute_die_area": 10.603526973804296,
    "phy_count": 0.0,
    "raw_die_cost": 1.4068296268815705,
    "raw_package_cost": 0.2557523794760859,
    "remote_weight_share": 0.0,
    "route_margin": 0.0,
    "schedule_tree_height": 1.0,
    "segment_count": 5.0,
    "segment_crossing_count": 4.0,
    "segment_stage_count_avg": 1.0,
    "segment_sync_cycles": 98.0,
    "serialization_ratio": 0.0,
    "shortcut_input_count": 4.0,
    "spm_overflow_ratio": 0.0,
    "spm_residency": 0.98,
    "total_interchip_bw": 0.0
  },
  "design_id": "paper_full_bootstrap_003",
  "die_area_breakdown": {
    "compute_die_area": 10.60353,
    "io_die_area": 2.18409,
    "total_die_area": 12.78762
  },
  "energy_breakdown": {
    "buf": 12798.28576,
    "bus": 3265.24,
    "dram": 1651078.1461,
    "mac": 5471191.39065,
    "noc": 4097632.6176,
    "nop": 0.0,
    "ubuf": 6891.38464
  },
  "execution_controls": {
    "proposal_budget": 512,
    "time_cap_minutes": 30.0
  },
  "legality_details": {
    "buffer_margin": 86523.0,
    "channel_count_available": 3,
    "channel_count_required": 1,
    "dram_channel_margin": 26.251939,
    "edge_margin": 0.0,
    "io_competition_score": 0.002546,
    "memory_margin": 72.782471,
    "memory_required_bw_gbps": 17.217529,
    "noc_margin": 5.484835,
    "peak_dram_channel_gbps": 5.748061,
    "peak_noc_link_gbps": 14.515165,
    "peak_nop_link_gbps": 0.0,
    "peak_route_link_gbps": 14.515165,
    "reasons": [],
    "route_margin": 0.0,
    "total_interchip_bw": 0.0
  },
  "legality_flags": {
    "buffer": "legal",
    "edge": "legal",
    "memory": "legal",
    "memory_channel": "legal",
    "noc": "legal",
    "overall": "legal",
    "route": "legal"
  },
  "memory_attachment": {
    "channel_count_available": 3,
    "channel_count_required": 1,
    "memory_bandwidth_gbps": 72,
    "memory_channel_bandwidth_gbps": 32.0,
    "memory_class": "GDDR6X",
    "noc_bandwidth": 16
  },
  "notes": {
    "chiplet_geometry": {
      "chiplet_count": 1,
      "per_die_exposed_edges": 0,
      "total_exposed_edge_slots": 0,
      "x_step": 6,
      "y_step": 3
    },
    "message": "This canonical design record is exported directly from the Python-native search summary and its derived evaluation terms.",
    "status": "exported_from_search_summary",
    "workload_ref": "workloads/cnn_inference.json",
    "workload_status": "runnable_binding"
  },
  "package_class": "OS",
  "paths": {
    "point_snapshot": "results/raw/20260405_205311_paper_full_bootstrap/paper_full_bootstrap_003/point_snapshot.json",
    "result_log": "results/raw/20260405_205311_paper_full_bootstrap/paper_full_bootstrap_003/result.log",
    "stderr_log": "results/raw/20260405_205311_paper_full_bootstrap/paper_full_bootstrap_003/stderr.log",
    "stdout_log": "results/raw/20260405_205311_paper_full_bootstrap/paper_full_bootstrap_003/stdout.log"
  },
  "per_edge_bandwidth": {
    "edge_capacity": 0.0,
    "edge_demand": 0.0,
    "edge_margin": 0.0,
    "per_die_exposed_edges": 0,
    "route_budget": 14.515165,
    "route_demand": 14.515165,
    "route_margin": 0.0,
    "total_exposed_edge_slots": 0
  },
  "phy_count": 0,
  "process_node": "12",
  "proposal_budget": 512,
  "schema_version": "python_native_v1",
  "seed": 1,
  "state_tuple": {
    "a": {
      "core_array": {
        "x": 6,
        "y": 3
      },
      "macs_per_core": 2048,
      "microarch": "polar",
      "ul3_kb": 1024
    },
    "b": {
      "memory_bandwidth_gbps": 72,
      "memory_class": "GDDR6X",
      "noc_bandwidth": 16
    },
    "i": {
      "interface_class": "XSR",
      "nop_bandwidth": 16
    },
    "k": {
      "chiplet_count": 1,
      "chiplet_partition": {
        "x": 1,
        "y": 1
      }
    },
    "m": {
      "batch_size": 1,
      "search_rounds": 4,
      "workload": "cnn_inference",
      "workload_motif": "cnn_inference",
      "workload_ref": "workloads/cnn_inference.json",
      "workload_trace_ref": null,
      "workload_trace_summary": {}
    },
    "p": {
      "package_class": "OS"
    }
  },
  "surrogate_metrics": {
    "cost": 168878884127.68176,
    "cost_overall": 174376.60211229732,
    "edp": 168204384545.6537,
    "energy": 11242857.06474525,
    "latency_cycles": 14961
  },
  "time_cap_minutes": 30.0,
  "tops_target": 72,
  "trace_id": "cnn_inference",
  "traffic_matrix": [
    [
      0.0
    ]
  ],
  "workload": "cnn_inference",
  "workload_motif": "cnn_inference",
  "workload_trace": {
    "summary": {},
    "trace_ref": null
  }
}
