{
  "baseline_mode": "Stage-wise",
  "best_state": {
    "batch_cluster": false,
    "interleave": true,
    "mapping_tiling": 1,
    "memory_balance": 1.2358551595268352,
    "memory_prefetch": 3,
    "noc_balance": 1.25,
    "pipeline_depth": 1,
    "placement_skew": 0.35,
    "route_slack": 0.7978122718356871,
    "segment_span": 2,
    "spm_level": 3
  },
  "closure_terms": {
    "M1": 575.632174,
    "M2": 182.064981,
    "Si": 0.82,
    "Sp": 1.0
  },
  "cost_breakdown": {
    "cost_chip": 4.05741,
    "cost_package": 1.3374,
    "cost_soc": 383860.75171,
    "cost_system_package": 141444.80994
  },
  "derived_terms": {
    "amortized_nre_cost": 383852.8569113877,
    "assembly_waste_cost": 0.2091013447648389,
    "avg_mapped_utilization": 1.0,
    "avg_partition_utilization": 1.0,
    "boundary_count": 2.0,
    "buffer_area": 6.633,
    "buffer_average_bytes": 251222.0,
    "buffer_capacity_bytes": 507904.0,
    "buffer_margin": 256682.0,
    "buffer_overflow_core_count": 0.0,
    "buffer_overflow_ratio": 0.0,
    "buffer_peak_bytes": 251222.0,
    "channel_count_available": 5.0,
    "channel_count_required": 1.0,
    "chip_nre": 72722815.31121334,
    "collective_pressure": 0.396,
    "compute_array_area": 11.1744,
    "compute_cycles": 6850806.0,
    "control_area": 3.9899999999999998,
    "defect_die_cost": 0.024527446923134022,
    "distinct_chip_type_count": 2.0,
    "dram_channel_imbalance": 1.411870649182453,
    "dram_channel_margin": 24.440307858910895,
    "dram_service_cycles": 637118.0,
    "edge_margin": 575.6321744938119,
    "endpoint_latency_cycles": 37.0,
    "graph_layer_count": 5.0,
    "interposer_area": 0.0,
    "io_competition_score": 0.013994665422215117,
    "layout_locality_score": 0.03125,
    "locality_score": 0.58382,
    "memory_margin": 182.06498146488772,
    "module_nre": 41489243.16142227,
    "multicast_degree": 1.8,
    "noc_margin": 35.73155114480198,
    "noc_service_cycles": 240645.0,
    "nop_service_cycles": 1624315.0,
    "overflow_core_count": 0.0,
    "package_area": 143.0663557290423,
    "package_defect_cost": 0.055297699665783955,
    "package_nre": 943798.6007806903,
    "peak_dram_channel_gbps": 7.559692141089106,
    "peak_noc_link_gbps": 4.268448855198019,
    "peak_nop_link_gbps": 2.9636796101485294,
    "peak_route_link_gbps": 4.268448855198019,
    "peak_ubuf_bytes": 883098.0,
    "per_compute_die_area": 5.9397915,
    "phy_count": 96.0,
    "raw_die_cost": 4.03287922021957,
    "raw_package_cost": 1.0729976679678173,
    "remote_weight_share": 0.75,
    "route_margin": 460.02588125311877,
    "schedule_tree_height": 2.0,
    "segment_count": 3.0,
    "segment_crossing_count": 2.0,
    "segment_stage_count_avg": 1.6666666666666667,
    "segment_sync_cycles": 49.0,
    "serialization_ratio": 0.5513915485012686,
    "shortcut_input_count": 2.0,
    "spm_overflow_ratio": 0.0,
    "spm_residency": 0.9750000000000001,
    "total_interchip_bw": 12.157914232673244
  },
  "design_id": "paper_full_bootstrap_042",
  "die_area_breakdown": {
    "compute_die_area": 23.75917,
    "io_die_area": 12.00742,
    "total_die_area": 35.76659
  },
  "energy_breakdown": {
    "buf": 708462.51008,
    "bus": 212284.2112,
    "dram": 161327221.30944,
    "mac": 87433262.81143,
    "noc": 396290639.16093,
    "nop": 1798337606.75861,
    "ubuf": 381479.81312
  },
  "execution_controls": {
    "proposal_budget": 512,
    "time_cap_minutes": 30.0
  },
  "legality_details": {
    "buffer_margin": 256682.0,
    "channel_count_available": 5,
    "channel_count_required": 1,
    "dram_channel_margin": 24.440308,
    "edge_margin": 575.632174,
    "io_competition_score": 0.013995,
    "memory_margin": 182.064981,
    "memory_required_bw_gbps": 15.671844,
    "noc_margin": 35.731551,
    "peak_dram_channel_gbps": 7.559692,
    "peak_noc_link_gbps": 4.268449,
    "peak_nop_link_gbps": 2.96368,
    "peak_route_link_gbps": 4.268449,
    "reasons": [],
    "route_margin": 460.025881,
    "total_interchip_bw": 12.157914
  },
  "legality_flags": {
    "buffer": "legal",
    "edge": "legal",
    "memory": "legal",
    "memory_channel": "legal",
    "noc": "legal",
    "overall": "legal",
    "route": "legal"
  },
  "memory_attachment": {
    "channel_count_available": 5,
    "channel_count_required": 1,
    "memory_bandwidth_gbps": 160,
    "memory_channel_bandwidth_gbps": 32.0,
    "memory_class": "GDDR6X",
    "noc_bandwidth": 32
  },
  "notes": {
    "chiplet_geometry": {
      "chiplet_count": 4,
      "per_die_exposed_edges": 12,
      "total_exposed_edge_slots": 48,
      "x_step": 4,
      "y_step": 2
    },
    "message": "This canonical design record is exported directly from the Python-native search summary and its derived evaluation terms.",
    "status": "exported_from_search_summary",
    "workload_ref": "workloads/dense_decoder_block.json",
    "workload_status": "runnable_binding"
  },
  "package_class": "OS",
  "paths": {
    "point_snapshot": "results/raw/20260405_205311_paper_full_bootstrap/paper_full_bootstrap_042/point_snapshot.json",
    "result_log": "results/raw/20260405_205311_paper_full_bootstrap/paper_full_bootstrap_042/result.log",
    "stderr_log": "results/raw/20260405_205311_paper_full_bootstrap/paper_full_bootstrap_042/stderr.log",
    "stdout_log": "results/raw/20260405_205311_paper_full_bootstrap/paper_full_bootstrap_042/stdout.log"
  },
  "per_edge_bandwidth": {
    "edge_capacity": 578.671653,
    "edge_demand": 3.039479,
    "edge_margin": 575.632174,
    "per_die_exposed_edges": 12,
    "route_budget": 464.29433,
    "route_demand": 4.268449,
    "route_margin": 460.025881,
    "total_exposed_edge_slots": 48
  },
  "phy_count": 96,
  "process_node": "12",
  "proposal_budget": 512,
  "schema_version": "python_native_v1",
  "seed": 41,
  "state_tuple": {
    "a": {
      "core_array": {
        "x": 8,
        "y": 4
      },
      "macs_per_core": 2048,
      "microarch": "polar",
      "ul3_kb": 2048
    },
    "b": {
      "memory_bandwidth_gbps": 160,
      "memory_class": "GDDR6X",
      "noc_bandwidth": 32
    },
    "i": {
      "interface_class": "XSR",
      "nop_bandwidth": 16
    },
    "k": {
      "chiplet_count": 4,
      "chiplet_partition": {
        "x": 2,
        "y": 2
      }
    },
    "m": {
      "batch_size": 1,
      "search_rounds": 3,
      "workload": "dense_decoder_block",
      "workload_motif": "dense_decoder_block",
      "workload_ref": "workloads/dense_decoder_block.json",
      "workload_trace_ref": null,
      "workload_trace_summary": {}
    },
    "p": {
      "package_class": "OS"
    }
  },
  "surrogate_metrics": {
    "cost": 1.9089514798210356e+16,
    "cost_overall": 383860.7517147672,
    "edp": 1.9051373947567324e+16,
    "energy": 2444690956.5748105,
    "latency_cycles": 7792958
  },
  "time_cap_minutes": 30.0,
  "tops_target": 128,
  "trace_id": "dense_decoder_block",
  "traffic_matrix": [
    [
      0.0,
      1.383605,
      1.383605,
      0.272269
    ],
    [
      1.383605,
      0.0,
      0.272269,
      1.383605
    ],
    [
      1.383605,
      0.272269,
      0.0,
      1.383605
    ],
    [
      0.272269,
      1.383605,
      1.383605,
      0.0
    ]
  ],
  "workload": "dense_decoder_block",
  "workload_motif": "dense_decoder_block",
  "workload_trace": {
    "summary": {},
    "trace_ref": null
  }
}
