{
  "baseline_mode": "Memory-off",
  "best_state": {
    "batch_cluster": false,
    "interleave": true,
    "mapping_tiling": 2,
    "memory_balance": 0.9314609207711774,
    "memory_prefetch": 1,
    "noc_balance": 0.9588125962614964,
    "pipeline_depth": 4,
    "placement_skew": -0.15356262431833603,
    "route_slack": 0.7022076982320253,
    "segment_span": 3,
    "spm_level": 3
  },
  "closure_terms": {
    "M1": 1899.662932,
    "M2": 468.379032,
    "Si": 1.0,
    "Sp": 1.35
  },
  "cost_breakdown": {
    "cost_chip": 10.73239,
    "cost_package": 5.55138,
    "cost_soc": 2904573.10457,
    "cost_system_package": 2569341.67978
  },
  "derived_terms": {
    "amortized_nre_cost": 2904548.820797393,
    "assembly_waste_cost": 1.2606942535358792,
    "avg_mapped_utilization": 1.0,
    "avg_partition_utilization": 1.0,
    "boundary_count": 1.0,
    "buffer_area": 9.2862,
    "buffer_average_bytes": 484895.0,
    "buffer_capacity_bytes": 507904.0,
    "buffer_margin": 23009.0,
    "buffer_overflow_core_count": 0.0,
    "buffer_overflow_ratio": 0.0,
    "buffer_peak_bytes": 484895.0,
    "channel_count_available": 16.0,
    "channel_count_required": 1.0,
    "chip_nre": 100563807.71753642,
    "collective_pressure": 0.528,
    "compute_array_area": 32.90112,
    "compute_cycles": 33931071049.0,
    "control_area": 8.552137574591,
    "defect_die_cost": 0.12473789627911591,
    "distinct_chip_type_count": 2.0,
    "dram_channel_imbalance": 0.7674348414869996,
    "dram_channel_margin": 31.05785123966942,
    "dram_service_cycles": 470037621.0,
    "edge_margin": 1899.6629315388159,
    "endpoint_latency_cycles": 34.0,
    "graph_layer_count": 5.0,
    "interposer_area": 80.46038337095648,
    "io_competition_score": 0.013688007831576771,
    "layout_locality_score": 0.0,
    "locality_score": 0.5714594600384969,
    "memory_margin": 468.3790319442589,
    "module_nre": 159847961.63030022,
    "multicast_degree": 1.94,
    "noc_margin": 29.06423233114691,
    "noc_service_cycles": 628183328.0,
    "nop_service_cycles": 1231031838.0,
    "overflow_core_count": 0.0,
    "package_area": 321.8415334838259,
    "package_defect_cost": 0.6014476964206128,
    "package_nre": 610952876.8913813,
    "peak_dram_channel_gbps": 0.942148760330578,
    "peak_noc_link_gbps": 1.617770749220973,
    "peak_nop_link_gbps": 1.3636515174095651,
    "peak_route_link_gbps": 1.617770749220973,
    "peak_ubuf_bytes": 13340979.0,
    "per_compute_die_area": 13.826502189076049,
    "phy_count": 256.0,
    "raw_die_cost": 10.607654879640178,
    "raw_package_cost": 3.689235804013115,
    "remote_weight_share": 0.75,
    "route_margin": 1801.8735820082768,
    "schedule_tree_height": 2.0,
    "segment_count": 2.0,
    "segment_crossing_count": 1.0,
    "segment_stage_count_avg": 2.5,
    "segment_sync_cycles": 36.0,
    "serialization_ratio": 0.08536557820818717,
    "shortcut_input_count": 1.0,
    "spm_overflow_ratio": 0.0,
    "spm_residency": 0.8750000000000002,
    "total_interchip_bw": 6.000163270559545
  },
  "design_id": "paper_full_bootstrap_040",
  "die_area_breakdown": {
    "compute_die_area": 55.30601,
    "io_die_area": 11.74431,
    "total_die_area": 67.05032
  },
  "energy_breakdown": {
    "buf": 5783979617.40878,
    "bus": 13631102.96289,
    "dram": 272559888742.2197,
    "mac": 2183273047.18355,
    "noc": 788508543517.0889,
    "nop": 957114971585.4694,
    "ubuf": 3114450563.22011
  },
  "execution_controls": {
    "proposal_budget": 512,
    "time_cap_minutes": 30.0
  },
  "legality_details": {
    "buffer_margin": 23009.0,
    "channel_count_available": 16,
    "channel_count_required": 1,
    "dram_channel_margin": 31.057851,
    "edge_margin": 1899.662932,
    "io_competition_score": 0.013688,
    "memory_margin": 468.379032,
    "memory_required_bw_gbps": 8.528959,
    "noc_margin": 29.064232,
    "peak_dram_channel_gbps": 0.942149,
    "peak_noc_link_gbps": 1.617771,
    "peak_nop_link_gbps": 1.363652,
    "peak_route_link_gbps": 1.617771,
    "reasons": [],
    "route_margin": 1801.873582,
    "total_interchip_bw": 6.000163
  },
  "legality_flags": {
    "buffer": "legal",
    "edge": "legal",
    "memory": "legal",
    "memory_channel": "legal",
    "noc": "legal",
    "overall": "legal",
    "route": "legal"
  },
  "memory_attachment": {
    "channel_count_available": 16,
    "channel_count_required": 1,
    "memory_bandwidth_gbps": 512,
    "memory_channel_bandwidth_gbps": 32.0,
    "memory_class": "GDDR6X",
    "noc_bandwidth": 32
  },
  "notes": {
    "chiplet_geometry": {
      "chiplet_count": 4,
      "per_die_exposed_edges": 16,
      "total_exposed_edge_slots": 64,
      "x_step": 4,
      "y_step": 4
    },
    "message": "This canonical design record is exported directly from the Python-native search summary and its derived evaluation terms.",
    "status": "exported_from_search_summary",
    "workload_ref": "workloads/long_context_prefill.json",
    "workload_status": "runnable_binding"
  },
  "package_class": "FO",
  "paths": {
    "point_snapshot": "results/raw/20260405_205311_paper_full_bootstrap/paper_full_bootstrap_040/point_snapshot.json",
    "result_log": "results/raw/20260405_205311_paper_full_bootstrap/paper_full_bootstrap_040/result.log",
    "stderr_log": "results/raw/20260405_205311_paper_full_bootstrap/paper_full_bootstrap_040/stderr.log",
    "stdout_log": "results/raw/20260405_205311_paper_full_bootstrap/paper_full_bootstrap_040/stdout.log"
  },
  "per_edge_bandwidth": {
    "edge_capacity": 1901.162972,
    "edge_demand": 1.50004,
    "edge_margin": 1899.662932,
    "per_die_exposed_edges": 16,
    "route_budget": 1803.491353,
    "route_demand": 1.617771,
    "route_margin": 1801.873582,
    "total_exposed_edge_slots": 64
  },
  "phy_count": 256,
  "process_node": "7",
  "proposal_budget": 512,
  "schema_version": "python_native_v1",
  "seed": 31,
  "state_tuple": {
    "a": {
      "core_array": {
        "x": 8,
        "y": 8
      },
      "macs_per_core": 4096,
      "microarch": "polar",
      "ul3_kb": 4096
    },
    "b": {
      "memory_bandwidth_gbps": 512,
      "memory_class": "GDDR6X",
      "noc_bandwidth": 32
    },
    "i": {
      "interface_class": "UCIe",
      "nop_bandwidth": 32
    },
    "k": {
      "chiplet_count": 4,
      "chiplet_partition": {
        "x": 2,
        "y": 2
      }
    },
    "m": {
      "batch_size": 1,
      "search_rounds": 2,
      "workload": "long_context_prefill",
      "workload_motif": "long_context_prefill",
      "workload_ref": "workloads/long_context_prefill.json",
      "workload_trace_ref": null,
      "workload_trace_summary": {}
    },
    "p": {
      "package_class": "FO"
    }
  },
  "surrogate_metrics": {
    "cost": 7.164360928771735e+22,
    "cost_overall": 2904573.104567923,
    "edp": 7.065423799309997e+22,
    "energy": 2029278738175.5532,
    "latency_cycles": 34817414022
  },
  "time_cap_minutes": 30.0,
  "tops_target": 512,
  "trace_id": "long_context_prefill",
  "traffic_matrix": [
    [
      0.0,
      0.681839,
      0.681839,
      0.136362
    ],
    [
      0.681839,
      0.0,
      0.136362,
      0.681839
    ],
    [
      0.681839,
      0.136362,
      0.0,
      0.681839
    ],
    [
      0.136362,
      0.681839,
      0.681839,
      0.0
    ]
  ],
  "workload": "long_context_prefill",
  "workload_motif": "long_context_prefill",
  "workload_trace": {
    "summary": {},
    "trace_ref": null
  }
}
