{
  "baseline_mode": "Package-oblivious",
  "best_state": {
    "batch_cluster": false,
    "interleave": true,
    "mapping_tiling": 3,
    "memory_balance": 1.0837690511737408,
    "memory_prefetch": 2,
    "noc_balance": 1.25,
    "pipeline_depth": 1,
    "placement_skew": 0.11019492481625298,
    "route_slack": 0.8270651151420408,
    "segment_span": 4,
    "spm_level": 3
  },
  "closure_terms": {
    "M1": 2823.097114,
    "M2": 495.968746,
    "Si": 1.0,
    "Sp": 1.65
  },
  "cost_breakdown": {
    "cost_chip": 14.81827,
    "cost_package": 19.53591,
    "cost_soc": 1013397.84697,
    "cost_system_package": 680690.32682
  },
  "derived_terms": {
    "amortized_nre_cost": 1013355.4927853385,
    "assembly_waste_cost": 8.930977454526932,
    "avg_mapped_utilization": 0.9147727272727273,
    "avg_partition_utilization": 1.0,
    "boundary_count": 1.0,
    "buffer_area": 18.5724,
    "buffer_average_bytes": 837722.0,
    "buffer_capacity_bytes": 1015808.0,
    "buffer_margin": 178086.0,
    "buffer_overflow_core_count": 0.0,
    "buffer_overflow_ratio": 0.0,
    "buffer_peak_bytes": 837722.0,
    "channel_count_available": 16.0,
    "channel_count_required": 2.0,
    "chip_nre": 99805410.56314078,
    "collective_pressure": 1.2103693181818183,
    "compute_array_area": 34.51392,
    "compute_cycles": 106279521.0,
    "control_area": 7.692233909779503,
    "defect_die_cost": 0.12110331124762164,
    "distinct_chip_type_count": 2.0,
    "dram_channel_imbalance": 2.9697169453267134,
    "dram_channel_margin": 17.381267162812307,
    "dram_service_cycles": 22062499.0,
    "edge_margin": 2823.097114268942,
    "endpoint_latency_cycles": 41.0,
    "graph_layer_count": 11.0,
    "interposer_area": 97.7500834794709,
    "io_competition_score": 0.017857414945490976,
    "layout_locality_score": 0.015624551224976305,
    "locality_score": 0.5027612325518154,
    "memory_margin": 495.9687458226733,
    "module_nre": 194196832.51254886,
    "multicast_degree": 3.1418181818181816,
    "noc_margin": 30.08831623495364,
    "noc_service_cycles": 9965639.0,
    "nop_service_cycles": 25918431.0,
    "overflow_core_count": 0.0,
    "package_area": 391.0003339178836,
    "package_defect_cost": 4.363161990958243,
    "package_nre": 10004404.759911891,
    "peak_dram_channel_gbps": 14.618732837187693,
    "peak_noc_link_gbps": 9.911683765046359,
    "peak_nop_link_gbps": 9.002091486517967,
    "peak_route_link_gbps": 9.911683765046359,
    "peak_ubuf_bytes": 2618170.0,
    "per_compute_die_area": 9.19275627885415,
    "phy_count": 384.0,
    "raw_die_cost": 14.69716588493788,
    "raw_package_cost": 6.241772147805549,
    "remote_weight_share": 0.777946273830156,
    "route_margin": 3881.7169415201615,
    "schedule_tree_height": 3.0,
    "segment_count": 2.0,
    "segment_crossing_count": 12.0,
    "segment_stage_count_avg": 2.5,
    "segment_sync_cycles": 206.0,
    "serialization_ratio": 0.3230071632116706,
    "shortcut_input_count": 3.0,
    "spm_overflow_ratio": 0.0,
    "spm_residency": 0.9170917362533482,
    "total_interchip_bw": 51.908616108617665
  },
  "design_id": "paper_full_bootstrap_051",
  "die_area_breakdown": {
    "compute_die_area": 73.54205,
    "io_die_area": 15.32166,
    "total_die_area": 88.86371
  },
  "energy_breakdown": {
    "buf": 36419975.50464,
    "bus": 1429532.08832,
    "dram": 2762659563.56187,
    "mac": 303112090.78004,
    "noc": 4745446670.23859,
    "nop": 9053543784.99954,
    "ubuf": 19610756.04096
  },
  "execution_controls": {
    "proposal_budget": 512,
    "time_cap_minutes": 30.0
  },
  "legality_details": {
    "buffer_margin": 178086.0,
    "channel_count_available": 16,
    "channel_count_required": 2,
    "dram_channel_margin": 17.381267,
    "edge_margin": 2823.097114,
    "io_competition_score": 0.017857,
    "memory_margin": 495.968746,
    "memory_required_bw_gbps": 58.921008,
    "noc_margin": 30.088316,
    "peak_dram_channel_gbps": 14.618733,
    "peak_noc_link_gbps": 9.911684,
    "peak_nop_link_gbps": 9.002091,
    "peak_route_link_gbps": 9.911684,
    "reasons": [],
    "route_margin": 3881.716942,
    "total_interchip_bw": 51.908616
  },
  "legality_flags": {
    "buffer": "legal",
    "edge": "legal",
    "memory": "legal",
    "memory_channel": "legal",
    "noc": "legal",
    "overall": "legal",
    "route": "legal"
  },
  "memory_attachment": {
    "channel_count_available": 16,
    "channel_count_required": 2,
    "memory_bandwidth_gbps": 512,
    "memory_channel_bandwidth_gbps": 32.0,
    "memory_class": "GDDR6X",
    "noc_bandwidth": 32
  },
  "notes": {
    "chiplet_geometry": {
      "chiplet_count": 8,
      "per_die_exposed_edges": 12,
      "total_exposed_edge_slots": 96,
      "x_step": 2,
      "y_step": 4
    },
    "message": "This canonical design record is exported directly from the Python-native search summary and its derived evaluation terms.",
    "status": "exported_from_search_summary",
    "workload_ref": "workloads/mixtral_moe_trace.json",
    "workload_status": "runnable_trace_binding"
  },
  "package_class": "SI",
  "paths": {
    "point_snapshot": "results/raw/20260405_205311_paper_full_bootstrap/paper_full_bootstrap_051/point_snapshot.json",
    "result_log": "results/raw/20260405_205311_paper_full_bootstrap/paper_full_bootstrap_051/result.log",
    "stderr_log": "results/raw/20260405_205311_paper_full_bootstrap/paper_full_bootstrap_051/stderr.log",
    "stdout_log": "results/raw/20260405_205311_paper_full_bootstrap/paper_full_bootstrap_051/stdout.log"
  },
  "per_edge_bandwidth": {
    "edge_capacity": 2830.526647,
    "edge_demand": 7.429533,
    "edge_margin": 2823.097114,
    "per_die_exposed_edges": 12,
    "route_budget": 3891.628625,
    "route_demand": 9.911684,
    "route_margin": 3881.716942,
    "total_exposed_edge_slots": 96
  },
  "phy_count": 384,
  "process_node": "7",
  "proposal_budget": 512,
  "schema_version": "python_native_v1",
  "seed": 51,
  "state_tuple": {
    "a": {
      "core_array": {
        "x": 8,
        "y": 8
      },
      "macs_per_core": 4096,
      "microarch": "polar",
      "ul3_kb": 4096
    },
    "b": {
      "memory_bandwidth_gbps": 512,
      "memory_class": "GDDR6X",
      "noc_bandwidth": 32
    },
    "i": {
      "interface_class": "UCIe",
      "nop_bandwidth": 32
    },
    "k": {
      "chiplet_count": 8,
      "chiplet_partition": {
        "x": 4,
        "y": 2
      }
    },
    "m": {
      "batch_size": 1,
      "search_rounds": 2,
      "workload": "mixtral_moe_trace",
      "workload_motif": "mixtral_moe_trace",
      "workload_ref": "workloads/mixtral_moe_trace.json",
      "workload_trace_ref": "workloads/generated/mixtral_moe_trace.json",
      "workload_trace_summary": {
        "expert_count": 8,
        "load_imbalance_factor": 1.35,
        "locality_probability": 0.34375,
        "token_count": 64,
        "top_k": 2,
        "trace_type": "mixtral_moe_trace"
      }
    },
    "p": {
      "package_class": "SI"
    }
  },
  "surrogate_metrics": {
    "cost": 2.0919318802307592e+18,
    "cost_overall": 1013397.8469661279,
    "edp": 2.0835767375133307e+18,
    "energy": 16922222373.213959,
    "latency_cycles": 123126661
  },
  "time_cap_minutes": 30.0,
  "tops_target": 512,
  "trace_id": "mixtral_moe_trace",