{
  "baseline_mode": "Outer-loop repair",
  "best_state": {
    "batch_cluster": true,
    "interleave": true,
    "mapping_tiling": 3,
    "memory_balance": 1.25,
    "memory_prefetch": 3,
    "noc_balance": 1.25,
    "pipeline_depth": 1,
    "placement_skew": -0.2251042085642905,
    "route_slack": 0.6925776016001262,
    "segment_span": 4,
    "spm_level": 3
  },
  "closure_terms": {
    "M1": 2805.969743,
    "M2": 508.624238,
    "Si": 1.0,
    "Sp": 1.35
  },
  "cost_breakdown": {
    "cost_chip": 14.61005,
    "cost_package": 9.51773,
    "cost_soc": 3809706.44235,
    "cost_system_package": 3475871.0658
  },
  "derived_terms": {
    "amortized_nre_cost": 3809674.3145709354,
    "assembly_waste_cost": 3.090298589890361,
    "avg_mapped_utilization": 1.0,
    "avg_partition_utilization": 1.0,
    "boundary_count": 2.0,
    "buffer_area": 18.5724,
    "buffer_average_bytes": 444506.0,
    "buffer_capacity_bytes": 1015808.0,
    "buffer_margin": 571302.0,
    "buffer_overflow_core_count": 0.0,
    "buffer_overflow_ratio": 0.0,
    "buffer_peak_bytes": 444506.0,
    "channel_count_available": 16.0,
    "channel_count_required": 5.0,
    "chip_nre": 100143829.95131625,
    "collective_pressure": 1.6,
    "compute_array_area": 34.51392,
    "compute_cycles": 65604630.0,
    "control_area": 7.8301250502771484,
    "defect_die_cost": 0.1267129761468202,
    "distinct_chip_type_count": 2.0,
    "dram_channel_imbalance": 1.3333238982139397,
    "dram_channel_margin": 12.841112231182798,
    "dram_service_cycles": 15308168.0,
    "edge_margin": 2805.969742922267,
    "endpoint_latency_cycles": 44.0,
    "graph_layer_count": 12.0,
    "interposer_area": 109.12773670808956,
    "io_competition_score": 0.02008261314596655,
    "layout_locality_score": 0.8181818181818182,
    "locality_score": 0.7653459669734574,
    "memory_margin": 508.6242383512549,
    "module_nre": 216800436.92673793,
    "multicast_degree": 5.28,
    "noc_margin": 18.44560118097561,
    "noc_service_cycles": 14989125.0,
    "nop_service_cycles": 28586233.0,
    "overflow_core_count": 0.0,
    "package_area": 436.51094683235823,
    "package_defect_cost": 1.4014200565082877,
    "package_nre": 825958027.4932264,
    "peak_dram_channel_gbps": 19.158887768817202,
    "peak_noc_link_gbps": 21.55439881902439,
    "peak_nop_link_gbps": 19.5012258659554,
    "peak_route_link_gbps": 21.55439881902439,
    "peak_ubuf_bytes": 2641108.0,
    "per_compute_die_area": 9.213612313854417,
    "phy_count": 384.0,
    "raw_die_cost": 14.48333568063084,
    "raw_package_cost": 5.026011066295947,
    "remote_weight_share": 0.875,
    "route_margin": 2633.552278357432,
    "schedule_tree_height": 2.0,
    "segment_count": 3.0,
    "segment_crossing_count": 2.0,
    "segment_stage_count_avg": 4.0,
    "segment_sync_cycles": 49.0,
    "serialization_ratio": 0.8714699755483404,
    "shortcut_input_count": 2.0,
    "spm_overflow_ratio": 0.0,
    "spm_residency": 0.9625,
    "total_interchip_bw": 113.59023997535917
  },
  "design_id": "paper_full_bootstrap_063",
  "die_area_breakdown": {
    "compute_die_area": 73.7089,
    "io_die_area": 17.23088,
    "total_die_area": 90.93978
  },
  "energy_breakdown": {
    "buf": 22244359.66771,
    "bus": 6074904.08448,
    "dram": 14943269179.88347,
    "mac": 802923102.72541,
    "noc": 31262506562.35517,
    "nop": 104176679575.87958,
    "ubuf": 11977732.12877
  },
  "execution_controls": {
    "proposal_budget": 512,
    "time_cap_minutes": 30.0
  },
  "legality_details": {
    "buffer_margin": 571302.0,
    "channel_count_available": 16,
    "channel_count_required": 5,
    "dram_channel_margin": 12.841112,
    "edge_margin": 2805.969743,
    "io_competition_score": 0.020083,
    "memory_margin": 508.624238,
    "memory_required_bw_gbps": 131.375762,
    "noc_margin": 18.445601,
    "peak_dram_channel_gbps": 19.158888,
    "peak_noc_link_gbps": 21.554399,
    "peak_nop_link_gbps": 19.501226,
    "peak_route_link_gbps": 21.554399,
    "reasons": [],
    "route_margin": 2633.552278,
    "total_interchip_bw": 113.59024
  },
  "legality_flags": {
    "buffer": "legal",
    "edge": "legal",
    "memory": "legal",
    "memory_channel": "legal",
    "noc": "legal",
    "overall": "legal",
    "route": "legal"
  },
  "memory_attachment": {
    "channel_count_available": 16,
    "channel_count_required": 5,
    "memory_bandwidth_gbps": 512,
    "memory_channel_bandwidth_gbps": 32.0,
    "memory_class": "GDDR6X",
    "noc_bandwidth": 32
  },
  "notes": {
    "chiplet_geometry": {
      "chiplet_count": 8,
      "per_die_exposed_edges": 12,
      "total_exposed_edge_slots": 96,
      "x_step": 2,
      "y_step": 4
    },
    "message": "This canonical design record is exported directly from the Python-native search summary and its derived evaluation terms.",
    "status": "exported_from_search_summary",
    "workload_ref": "workloads/megatron_collective_trace.json",
    "workload_status": "runnable_trace_binding"
  },
  "package_class": "FO",
  "paths": {
    "point_snapshot": "results/raw/20260405_205311_paper_full_bootstrap/paper_full_bootstrap_063/point_snapshot.json",
    "result_log": "results/raw/20260405_205311_paper_full_bootstrap/paper_full_bootstrap_063/result.log",
    "stderr_log": "results/raw/20260405_205311_paper_full_bootstrap/paper_full_bootstrap_063/stderr.log",
    "stdout_log": "results/raw/20260405_205311_paper_full_bootstrap/paper_full_bootstrap_063/stdout.log"
  },
  "per_edge_bandwidth": {
    "edge_capacity": 2822.408457,
    "edge_demand": 16.438714,
    "edge_margin": 2805.969743,
    "per_die_exposed_edges": 12,
    "route_budget": 2655.106677,
    "route_demand": 21.554399,
    "route_margin": 2633.552278,
    "total_exposed_edge_slots": 96
  },
  "phy_count": 384,
  "process_node": "7",
  "proposal_budget": 512,
  "schema_version": "python_native_v1",
  "seed": 61,
  "state_tuple": {
    "a": {
      "core_array": {
        "x": 8,
        "y": 8
      },
      "macs_per_core": 4096,
      "microarch": "polar",
      "ul3_kb": 4096
    },
    "b": {
      "memory_bandwidth_gbps": 512,
      "memory_class": "GDDR6X",
      "noc_bandwidth": 32
    },
    "i": {
      "interface_class": "UCIe",
      "nop_bandwidth": 32
    },
    "k": {
      "chiplet_count": 8,
      "chiplet_partition": {
        "x": 4,
        "y": 2
      }
    },
    "m": {
      "batch_size": 1,
      "search_rounds": 2,
      "workload": "megatron_collective_trace",
      "workload_motif": "megatron_collective_trace",
      "workload_ref": "workloads/megatron_collective_trace.json",
      "workload_trace_ref": "workloads/generated/megatron_collective_trace.json",
      "workload_trace_summary": {
        "all_gather_count": 3,
        "all_reduce_count": 3,
        "bucket_size_mb": 128,
        "high_memory_phase_count": 2,
        "high_route_phase_count": 3,
        "phase_count": 6,
        "trace_type": "megatron_collective_trace"
      }
    },
    "p": {
      "package_class": "FO"
    }
  },
  "surrogate_metrics": {
    "cost": 1.2577652425197242e+19,
    "cost_overall": 3809706.4423493044,
    "edp": 1.242843661519521e+19,
    "energy": 151225675416.72458,
    "latency_cycles": 82184699
  },
  "time_cap_minutes": 30.0,
  "tops_target": 512,
  "trace_id": "megatron_collective_trace",