{
  "baseline_mode": "Cost-interface-first",
  "best_state": {
    "batch_cluster": false,
    "interleave": true,
    "mapping_tiling": 4,
    "memory_balance": 0.9182933245588459,
    "memory_prefetch": 2,
    "noc_balance": 1.25,
    "pipeline_depth": 1,
    "placement_skew": -0.2535696144973192,
    "route_slack": 1.209745413717053,
    "segment_span": 4,
    "spm_level": 3
  },
  "closure_terms": {
    "M1": 2823.350087,
    "M2": 411.245174,
    "Si": 1.0,
    "Sp": 1.65
  },
  "cost_breakdown": {
    "cost_chip": 15.23929,
    "cost_package": 20.10645,
    "cost_soc": 1031943.42338,
    "cost_system_package": 698929.76301
  },
  "derived_terms": {
    "amortized_nre_cost": 1031900.0776379184,
    "assembly_waste_cost": 9.184724018710343,
    "avg_mapped_utilization": 0.9147727272727273,
    "avg_partition_utilization": 1.0,
    "boundary_count": 1.0,
    "buffer_area": 18.5724,
    "buffer_average_bytes": 837722.0,
    "buffer_capacity_bytes": 1015808.0,
    "buffer_margin": 178086.0,
    "buffer_overflow_core_count": 0.0,
    "buffer_overflow_ratio": 0.0,
    "buffer_peak_bytes": 837722.0,
    "channel_count_available": 16.0,
    "channel_count_required": 2.0,
    "chip_nre": 99897126.32298157,
    "collective_pressure": 1.2103693181818183,
    "compute_array_area": 36.12672,
    "compute_cycles": 104836812.0,
    "control_area": 8.114283537396783,
    "defect_die_cost": 0.12785522359121915,
    "distinct_chip_type_count": 2.0,
    "dram_channel_imbalance": 2.9697169453267134,
    "dram_channel_margin": 17.381267162812307,
    "dram_service_cycles": 21763008.0,
    "edge_margin": 2823.350087268942,
    "endpoint_latency_cycles": 41.0,
    "graph_layer_count": 11.0,
    "interposer_area": 100.4584683338295,
    "io_competition_score": 0.017857414945490976,
    "layout_locality_score": 0.015624551224976305,
    "locality_score": 0.4999224136961302,
    "memory_margin": 411.24517379584717,
    "module_nre": 199577490.42320794,
    "multicast_degree": 3.2818181818181817,
    "noc_margin": 29.59417763232535,
    "noc_service_cycles": 10320443.0,
    "nop_service_cycles": 24099669.0,
    "overflow_core_count": 0.0,
    "package_area": 401.833873335318,
    "package_defect_cost": 4.503835266735879,
    "package_nre": 10095406.545186037,
    "peak_dram_channel_gbps": 14.618732837187693,
    "peak_noc_link_gbps": 10.405822367674649,
    "peak_nop_link_gbps": 8.023543954516155,
    "peak_route_link_gbps": 10.405822367674649,
    "peak_ubuf_bytes": 2618170.0,
    "per_compute_die_area": 9.500527285031263,
    "phy_count": 384.0,
    "raw_die_cost": 15.111430027647812,
    "raw_package_cost": 6.417893491568856,
    "remote_weight_share": 0.777946273830156,
    "route_margin": 5686.644293649993,
    "schedule_tree_height": 3.0,
    "segment_count": 2.0,
    "segment_crossing_count": 12.0,
    "segment_stage_count_avg": 2.5,
    "segment_sync_cycles": 206.0,
    "serialization_ratio": 0.3044740660146666,
    "shortcut_input_count": 3.0,
    "spm_overflow_ratio": 0.0,
    "spm_residency": 0.9170917362533482,
    "total_interchip_bw": 51.69440497570288
  },
  "design_id": "paper_full_bootstrap_054",
  "die_area_breakdown": {
    "compute_die_area": 76.00422,
    "io_die_area": 15.32166,
    "total_die_area": 91.32588
  },
  "energy_breakdown": {
    "buf": 36419975.50464,
    "bus": 1429532.08832,
    "dram": 2762659563.56187,
    "mac": 279671611.39301,
    "noc": 4709831427.52719,
    "nop": 8965768959.82925,
    "ubuf": 19610756.04096
  },
  "execution_controls": {
    "proposal_budget": 512,
    "time_cap_minutes": 30.0
  },
  "legality_details": {
    "buffer_margin": 178086.0,
    "channel_count_available": 16,
    "channel_count_required": 2,
    "dram_channel_margin": 17.381267,
    "edge_margin": 2823.350087,
    "io_competition_score": 0.017857,
    "memory_margin": 411.245174,
    "memory_required_bw_gbps": 58.921008,
    "noc_margin": 29.594178,
    "peak_dram_channel_gbps": 14.618733,
    "peak_noc_link_gbps": 10.405822,
    "peak_nop_link_gbps": 8.023544,
    "peak_route_link_gbps": 10.405822,
    "reasons": [],
    "route_margin": 5686.644294,
    "total_interchip_bw": 51.694405
  },
  "legality_flags": {
    "buffer": "legal",
    "edge": "legal",
    "memory": "legal",
    "memory_channel": "legal",
    "noc": "legal",
    "overall": "legal",
    "route": "legal"
  },
  "memory_attachment": {
    "channel_count_available": 16,
    "channel_count_required": 2,
    "memory_bandwidth_gbps": 512,
    "memory_channel_bandwidth_gbps": 32.0,
    "memory_class": "GDDR6X",
    "noc_bandwidth": 32
  },
  "notes": {
    "chiplet_geometry": {
      "chiplet_count": 8,
      "per_die_exposed_edges": 12,
      "total_exposed_edge_slots": 96,
      "x_step": 2,
      "y_step": 4
    },
    "message": "This canonical design record is exported directly from the Python-native search summary and its derived evaluation terms.",
    "status": "exported_from_search_summary",
    "workload_ref": "workloads/mixtral_moe_trace.json",
    "workload_status": "runnable_trace_binding"
  },
  "package_class": "SI",
  "paths": {
    "point_snapshot": "results/raw/20260405_205311_paper_full_bootstrap/paper_full_bootstrap_054/point_snapshot.json",
    "result_log": "results/raw/20260405_205311_paper_full_bootstrap/paper_full_bootstrap_054/result.log",
    "stderr_log": "results/raw/20260405_205311_paper_full_bootstrap/paper_full_bootstrap_054/stderr.log",
    "stdout_log": "results/raw/20260405_205311_paper_full_bootstrap/paper_full_bootstrap_054/stdout.log"
  },
  "per_edge_bandwidth": {
    "edge_capacity": 2830.747931,
    "edge_demand": 7.397844,
    "edge_margin": 2823.350087,
    "per_die_exposed_edges": 12,
    "route_budget": 5697.050116,
    "route_demand": 10.405822,
    "route_margin": 5686.644294,
    "total_exposed_edge_slots": 96
  },
  "phy_count": 384,
  "process_node": "7",
  "proposal_budget": 512,
  "schema_version": "python_native_v1",
  "seed": 51,
  "state_tuple": {
    "a": {
      "core_array": {
        "x": 8,
        "y": 8
      },
      "macs_per_core": 4096,
      "microarch": "polar",
      "ul3_kb": 4096
    },
    "b": {
      "memory_bandwidth_gbps": 512,
      "memory_class": "GDDR6X",
      "noc_bandwidth": 32
    },
    "i": {
      "interface_class": "UCIe",
      "nop_bandwidth": 32
    },
    "k": {
      "chiplet_count": 8,
      "chiplet_partition": {
        "x": 4,
        "y": 2
      }
    },
    "m": {
      "batch_size": 1,
      "search_rounds": 2,
      "workload": "mixtral_moe_trace",
      "workload_motif": "mixtral_moe_trace",
      "workload_ref": "workloads/mixtral_moe_trace.json",
      "workload_trace_ref": "workloads/generated/mixtral_moe_trace.json",
      "workload_trace_summary": {
        "expert_count": 8,
        "load_imbalance_factor": 1.35,
        "locality_probability": 0.34375,
        "token_count": 64,
        "top_k": 2,
        "trace_type": "mixtral_moe_trace"
      }
    },
    "p": {
      "package_class": "SI"
    }
  },
  "surrogate_metrics": {
    "cost": 2.0416848956763072e+18,
    "cost_overall": 1031943.4233759468,
    "edp": 2.0214641893898406e+18,
    "energy": 16775391825.945248,
    "latency_cycles": 120501757
  },
  "time_cap_minutes": 30.0,
  "tops_target": 512,
  "trace_id": "mixtral_moe_trace",