{
  "baseline_mode": "Outer-loop repair",
  "best_state": {
    "batch_cluster": false,
    "interleave": true,
    "mapping_tiling": 4,
    "memory_balance": 0.9253054786667961,
    "memory_prefetch": 3,
    "noc_balance": 0.9588033122690058,
    "pipeline_depth": 1,
    "placement_skew": -0.2635722007608286,
    "route_slack": 0.9551465763889813,
    "segment_span": 3,
    "spm_level": 3
  },
  "closure_terms": {
    "M1": 1749.531154,
    "M2": 471.505168,
    "Si": 0.92,
    "Sp": 1.65
  },
  "cost_breakdown": {
    "cost_chip": 13.70257,
    "cost_package": 13.03279,
    "cost_soc": 1045386.3277,
    "cost_system_package": 695541.00778
  },
  "derived_terms": {
    "amortized_nre_cost": 1045351.5923406665,
    "assembly_waste_cost": 4.184894940019727,
    "avg_mapped_utilization": 1.0,
    "avg_partition_utilization": 1.0,
    "boundary_count": 1.0,
    "buffer_area": 4.6431,
    "buffer_average_bytes": 74136.0,
    "buffer_capacity_bytes": 253952.0,
    "buffer_margin": 179816.0,
    "buffer_overflow_core_count": 0.0,
    "buffer_overflow_ratio": 0.0,
    "buffer_peak_bytes": 74136.0,
    "channel_count_available": 16.0,
    "channel_count_required": 1.0,
    "chip_nre": 104947085.20355195,
    "collective_pressure": 0.06,
    "compute_array_area": 36.12672,
    "compute_cycles": 630.0,
    "control_area": 7.768143320456497,
    "defect_die_cost": 0.22409724926621433,
    "distinct_chip_type_count": 2.0,
    "dram_channel_imbalance": 0.8134098375827026,
    "dram_channel_margin": 31.74484900300825,
    "dram_service_cycles": 5.0,
    "edge_margin": 1749.5311538229298,
    "endpoint_latency_cycles": 38.0,
    "graph_layer_count": 5.0,
    "interposer_area": 99.95630469551307,
    "io_competition_score": 0.044245906626706626,
    "layout_locality_score": 0.015625,
    "locality_score": 0.6224062704249355,
    "memory_margin": 471.505167730353,
    "module_nre": 198579858.66175264,
    "multicast_degree": 1.42,
    "noc_margin": 29.84628846579053,
    "noc_service_cycles": 6.0,
    "nop_service_cycles": 8.0,
    "overflow_core_count": 0.0,
    "package_area": 399.8252187820523,
    "package_defect_cost": 2.46266969287489,
    "package_nre": 10078533.836895334,
    "peak_dram_channel_gbps": 0.25515099699174765,
    "peak_noc_link_gbps": 0.8354175268176574,
    "peak_nop_link_gbps": 0.768132160161499,
    "peak_route_link_gbps": 0.8354175268176574,
    "peak_ubuf_bytes": 74136.0,
    "per_compute_die_area": 13.226595004824395,
    "phy_count": 320.0,
    "raw_die_cost": 13.478471027676779,
    "raw_package_cost": 6.385224540199465,
    "remote_weight_share": 0.75,
    "route_margin": 2760.1797552975954,
    "schedule_tree_height": 2.0,
    "segment_count": 2.0,
    "segment_crossing_count": 1.0,
    "segment_stage_count_avg": 2.5,
    "segment_sync_cycles": 24.0,
    "serialization_ratio": 0.02844191241007305,
    "shortcut_input_count": 1.0,
    "spm_overflow_ratio": 0.0,
    "spm_residency": 0.9750000000000001,
    "total_interchip_bw": 7.113038766819765
  },
  "design_id": "paper_full_bootstrap_031",
  "die_area_breakdown": {
    "compute_die_area": 52.90638,
    "io_die_area": 37.96299,
    "total_die_area": 90.86937
  },
  "energy_breakdown": {
    "buf": 285.93055,
    "bus": 684.6952,
    "dram": 172248.3144,
    "mac": 34450549.45055,
    "noc": 2602172.77942,
    "nop": 9699407.84139,
    "ubuf": 153.96261
  },
  "execution_controls": {
    "proposal_budget": 512,
    "time_cap_minutes": 30.0
  },
  "legality_details": {
    "buffer_margin": 179816.0,
    "channel_count_available": 16,
    "channel_count_required": 1,
    "dram_channel_margin": 31.744849,
    "edge_margin": 1749.531154,
    "io_competition_score": 0.044246,
    "memory_margin": 471.505168,
    "memory_required_bw_gbps": 2.251237,
    "noc_margin": 29.846288,
    "peak_dram_channel_gbps": 0.255151,
    "peak_noc_link_gbps": 0.835418,
    "peak_nop_link_gbps": 0.768132,
    "peak_route_link_gbps": 0.835418,
    "reasons": [],
    "route_margin": 2760.179755,
    "total_interchip_bw": 7.113039
  },
  "legality_flags": {
    "buffer": "legal",
    "edge": "legal",
    "memory": "legal",
    "memory_channel": "legal",
    "noc": "legal",
    "overall": "legal",
    "route": "legal"
  },
  "memory_attachment": {
    "channel_count_available": 16,
    "channel_count_required": 1,
    "memory_bandwidth_gbps": 512,
    "memory_channel_bandwidth_gbps": 32.0,
    "memory_class": "GDDR6X",
    "noc_bandwidth": 32
  },
  "notes": {
    "chiplet_geometry": {
      "chiplet_count": 4,
      "per_die_exposed_edges": 16,
      "total_exposed_edge_slots": 64,
      "x_step": 4,
      "y_step": 4
    },
    "message": "This canonical design record is exported directly from the Python-native search summary and its derived evaluation terms.",
    "status": "exported_from_search_summary",
    "workload_ref": "workloads/cnn_inference.json",
    "workload_status": "runnable_binding"
  },
  "package_class": "SI",
  "paths": {
    "point_snapshot": "results/raw/20260405_205311_paper_full_bootstrap/paper_full_bootstrap_031/point_snapshot.json",
    "result_log": "results/raw/20260405_205311_paper_full_bootstrap/paper_full_bootstrap_031/result.log",
    "stderr_log": "results/raw/20260405_205311_paper_full_bootstrap/paper_full_bootstrap_031/stderr.log",
    "stdout_log": "results/raw/20260405_205311_paper_full_bootstrap/paper_full_bootstrap_031/stdout.log"
  },
  "per_edge_bandwidth": {
    "edge_capacity": 1751.309414,
    "edge_demand": 1.77826,
    "edge_margin": 1749.531154,
    "per_die_exposed_edges": 16,
    "route_budget": 2761.015173,
    "route_demand": 0.835418,
    "route_margin": 2760.179755,
    "total_exposed_edge_slots": 64
  },
  "phy_count": 320,
  "process_node": "7",
  "proposal_budget": 512,
  "schema_version": "python_native_v1",
  "seed": 21,
  "state_tuple": {
    "a": {
      "core_array": {
        "x": 8,
        "y": 8
      },
      "macs_per_core": 4096,
      "microarch": "polar",
      "ul3_kb": 2048
    },
    "b": {
      "memory_bandwidth_gbps": 512,
      "memory_class": "GDDR6X",
      "noc_bandwidth": 32
    },
    "i": {
      "interface_class": "USR",
      "nop_bandwidth": 32
    },
    "k": {
      "chiplet_count": 4,
      "chiplet_partition": {
        "x": 2,
        "y": 2
      }
    },
    "m": {
      "batch_size": 1,
      "search_rounds": 2,
      "workload": "cnn_inference",
      "workload_motif": "cnn_inference",
      "workload_ref": "workloads/cnn_inference.json",
      "workload_trace_ref": null,
      "workload_trace_summary": {}
    },
    "p": {
      "package_class": "SI"
    }
  },
  "surrogate_metrics": {
    "cost": 31817556677.09185,
    "cost_overall": 1045386.3276981164,
    "edp": 31440086992.657997,
    "energy": 46925502.974116415,
    "latency_cycles": 670
  },
  "time_cap_minutes": 30.0,
  "tops_target": 512,
  "trace_id": "cnn_inference",
  "traffic_matrix": [
    [
      0.0,
      0.813034,
      0.813034,
      0.152192
    ],
    [
      0.813034,
      0.0,
      0.152192,
      0.813034
    ],
    [
      0.813034,
      0.152192,
      0.0,
      0.813034
    ],
    [
      0.152192,
      0.813034,
      0.813034,
      0.0
    ]
  ],
  "workload": "cnn_inference",
  "workload_motif": "cnn_inference",
  "workload_trace": {
    "summary": {},
    "trace_ref": null
  }
}
