{
  "baseline_mode": "Partition-first",
  "best_state": {
    "batch_cluster": false,
    "interleave": true,
    "mapping_tiling": 1,
    "memory_balance": 0.9690392453626893,
    "memory_prefetch": 3,
    "noc_balance": 1.0770126926652601,
    "pipeline_depth": 1,
    "placement_skew": -0.01791859623814588,
    "route_slack": 0.7970546466805015,
    "segment_span": 4,
    "spm_level": 3
  },
  "closure_terms": {
    "M1": 573.803392,
    "M2": 139.374435,
    "Si": 0.82,
    "Sp": 1.0
  },
  "cost_breakdown": {
    "cost_chip": 4.08106,
    "cost_package": 1.34552,
    "cost_soc": 384751.74055,
    "cost_system_package": 142304.0464
  },
  "derived_terms": {
    "amortized_nre_cost": 384743.813970419,
    "assembly_waste_cost": 0.21032020490423572,
    "avg_mapped_utilization": 1.0,
    "avg_partition_utilization": 1.0,
    "boundary_count": 0.0,
    "buffer_area": 6.633,
    "buffer_average_bytes": 251222.0,
    "buffer_capacity_bytes": 507904.0,
    "buffer_margin": 256682.0,
    "buffer_overflow_core_count": 0.0,
    "buffer_overflow_ratio": 0.0,
    "buffer_peak_bytes": 251222.0,
    "channel_count_available": 5.0,
    "channel_count_required": 1.0,
    "chip_nre": 72732333.92735772,
    "collective_pressure": 0.276,
    "compute_array_area": 11.1744,
    "compute_cycles": 7115572.0,
    "control_area": 4.190751157742888,
    "defect_die_cost": 0.024748636582935912,
    "distinct_chip_type_count": 2.0,
    "dram_channel_imbalance": 0.647239760401491,
    "dram_channel_margin": 26.836943069306933,
    "dram_service_cycles": 437023.0,
    "edge_margin": 573.803392493812,
    "endpoint_latency_cycles": 36.0,
    "graph_layer_count": 5.0,
    "interposer_area": 0.0,
    "io_competition_score": 0.013994665422215117,
    "layout_locality_score": 0.03125,
    "locality_score": 0.6103952117944846,
    "memory_margin": 139.37443519862435,
    "module_nre": 41743072.92527237,
    "multicast_degree": 1.8,
    "noc_margin": 29.29005084350615,
    "noc_service_cycles": 417750.0,
    "nop_service_cycles": 2055697.0,
    "overflow_core_count": 0.0,
    "package_area": 143.94163077680128,
    "package_defect_cost": 0.055636009091988944,
    "package_nre": 947737.3384956057,
    "peak_dram_channel_gbps": 5.163056930693068,
    "peak_noc_link_gbps": 5.1743553217821745,
    "peak_nop_link_gbps": 3.3101858601485254,
    "peak_route_link_gbps": 5.1743553217821745,
    "peak_ubuf_bytes": 883098.0,
    "per_compute_die_area": 5.994496190484938,
    "phy_count": 96.0,
    "raw_die_cost": 4.056308817031108,
    "raw_package_cost": 1.0795622308260096,
    "remote_weight_share": 0.75,
    "route_margin": 459.2356515266302,
    "schedule_tree_height": 2.0,
    "segment_count": 1.0,
    "segment_crossing_count": 1.0,
    "segment_stage_count_avg": 5.0,
    "segment_sync_cycles": 16.0,
    "serialization_ratio": 0.5778020858488292,
    "shortcut_input_count": 0.0,
    "spm_overflow_ratio": 0.0,
    "spm_residency": 0.9750000000000001,
    "total_interchip_bw": 12.110967450495028
  },
  "design_id": "paper_full_bootstrap_045",
  "die_area_breakdown": {
    "compute_die_area": 23.97798,
    "io_die_area": 12.00742,
    "total_die_area": 35.98541
  },
  "energy_breakdown": {
    "buf": 708462.51008,
    "bus": 212284.2112,
    "dram": 161327221.30944,
    "mac": 87433262.81143,
    "noc": 507600767.45772,
    "nop": 1788225196.69346,
    "ubuf": 381479.81312
  },
  "execution_controls": {
    "proposal_budget": 512,
    "time_cap_minutes": 30.0
  },
  "legality_details": {
    "buffer_margin": 256682.0,
    "channel_count_available": 5,
    "channel_count_required": 1,
    "dram_channel_margin": 26.836943,
    "edge_margin": 573.803392,
    "io_competition_score": 0.013995,
    "memory_margin": 139.374435,
    "memory_required_bw_gbps": 15.671844,
    "noc_margin": 29.290051,
    "peak_dram_channel_gbps": 5.163057,
    "peak_noc_link_gbps": 5.174355,
    "peak_nop_link_gbps": 3.310186,
    "peak_route_link_gbps": 5.174355,
    "reasons": [],
    "route_margin": 459.235652,
    "total_interchip_bw": 12.110967
  },
  "legality_flags": {
    "buffer": "legal",
    "edge": "legal",
    "memory": "legal",
    "memory_channel": "legal",
    "noc": "legal",
    "overall": "legal",
    "route": "legal"
  },
  "memory_attachment": {
    "channel_count_available": 5,
    "channel_count_required": 1,
    "memory_bandwidth_gbps": 160,
    "memory_channel_bandwidth_gbps": 32.0,
    "memory_class": "GDDR6X",
    "noc_bandwidth": 32
  },
  "notes": {
    "chiplet_geometry": {
      "chiplet_count": 4,
      "per_die_exposed_edges": 12,
      "total_exposed_edge_slots": 48,
      "x_step": 4,
      "y_step": 2
    },
    "message": "This canonical design record is exported directly from the Python-native search summary and its derived evaluation terms.",
    "status": "exported_from_search_summary",
    "workload_ref": "workloads/dense_decoder_block.json",
    "workload_status": "runnable_binding"
  },
  "package_class": "OS",
  "paths": {
    "point_snapshot": "results/raw/20260405_205311_paper_full_bootstrap/paper_full_bootstrap_045/point_snapshot.json",
    "result_log": "results/raw/20260405_205311_paper_full_bootstrap/paper_full_bootstrap_045/result.log",
    "stderr_log": "results/raw/20260405_205311_paper_full_bootstrap/paper_full_bootstrap_045/stderr.log",
    "stdout_log": "results/raw/20260405_205311_paper_full_bootstrap/paper_full_bootstrap_045/stdout.log"
  },
  "per_edge_bandwidth": {
    "edge_capacity": 576.831134,
    "edge_demand": 3.027742,
    "edge_margin": 573.803392,
    "per_die_exposed_edges": 12,
    "route_budget": 464.410007,
    "route_demand": 5.174355,
    "route_margin": 459.235652,
    "total_exposed_edge_slots": 48
  },
  "phy_count": 96,
  "process_node": "12",
  "proposal_budget": 512,
  "schema_version": "python_native_v1",
  "seed": 41,
  "state_tuple": {
    "a": {
      "core_array": {
        "x": 8,
        "y": 4
      },
      "macs_per_core": 2048,
      "microarch": "polar",
      "ul3_kb": 2048
    },
    "b": {
      "memory_bandwidth_gbps": 160,
      "memory_class": "GDDR6X",
      "noc_bandwidth": 32
    },
    "i": {
      "interface_class": "XSR",
      "nop_bandwidth": 16
    },
    "k": {
      "chiplet_count": 4,
      "chiplet_partition": {
        "x": 2,
        "y": 2
      }
    },
    "m": {
      "batch_size": 1,
      "search_rounds": 3,
      "workload": "dense_decoder_block",
      "workload_motif": "dense_decoder_block",
      "workload_ref": "workloads/dense_decoder_block.json",
      "workload_trace_ref": null,
      "workload_trace_summary": {}
    },
    "p": {
      "package_class": "OS"
    }
  },
  "surrogate_metrics": {
    "cost": 2.1320529092187576e+16,
    "cost_overall": 384751.7405463174,
    "edp": 2.115100379675657e+16,
    "energy": 2545888674.806452,
    "latency_cycles": 8307906
  },
  "time_cap_minutes": 30.0,
  "tops_target": 128,
  "trace_id": "dense_decoder_block",
  "traffic_matrix": [
    [
      0.0,
      1.382462,
      1.382462,
      0.262818
    ],
    [
      1.382462,
      0.0,
      0.262818,
      1.382462
    ],
    [
      1.382462,
      0.262818,
      0.0,
      1.382462
    ],
    [
      0.262818,
      1.382462,
      1.382462,
      0.0
    ]
  ],
  "workload": "dense_decoder_block",
  "workload_motif": "dense_decoder_block",
  "workload_trace": {
    "summary": {},
    "trace_ref": null
  }
}
