{
  "baseline_mode": "Cost-interface-first",
  "best_state": {
    "batch_cluster": false,
    "interleave": true,
    "mapping_tiling": 3,
    "memory_balance": 1.0317710116180872,
    "memory_prefetch": 3,
    "noc_balance": 1.131276887725243,
    "pipeline_depth": 4,
    "placement_skew": 0.07453978064063446,
    "route_slack": 1.0225786889693769,
    "segment_span": 3,
    "spm_level": 3
  },
  "closure_terms": {
    "M1": 711.280119,
    "M2": 126.994629,
    "Si": 1.0,
    "Sp": 1.35
  },
  "cost_breakdown": {
    "cost_chip": 4.48548,
    "cost_package": 2.25581,
    "cost_soc": 1402916.30919,
    "cost_system_package": 1079054.09379
  },
  "derived_terms": {
    "amortized_nre_cost": 1402907.5678977547,
    "assembly_waste_cost": 0.5268930386662203,
    "avg_mapped_utilization": 1.0,
    "avg_partition_utilization": 1.0,
    "boundary_count": 1.0,
    "buffer_area": 4.6431,
    "buffer_average_bytes": 386591.0,
    "buffer_capacity_bytes": 507904.0,
    "buffer_margin": 121313.0,
    "buffer_overflow_core_count": 0.0,
    "buffer_overflow_ratio": 0.0,
    "buffer_peak_bytes": 386591.0,
    "channel_count_available": 4.0,
    "channel_count_required": 1.0,
    "chip_nre": 97156718.97607908,
    "collective_pressure": 0.336,
    "compute_array_area": 8.62848,
    "compute_cycles": 1562355739.0,
    "control_area": 5.874723868384381,
    "defect_die_cost": 0.02097712139941943,
    "distinct_chip_type_count": 2.0,
    "dram_channel_imbalance": 0.7654262237873171,
    "dram_channel_margin": 29.761412872841444,
    "dram_service_cycles": 47448318.0,
    "edge_margin": 711.2801185302197,
    "endpoint_latency_cycles": 33.0,
    "graph_layer_count": 5.0,
    "interposer_area": 33.33263008361856,
    "io_competition_score": 0.008050956316794668,
    "layout_locality_score": 0.0,
    "locality_score": 0.5730241123433154,
    "memory_margin": 126.99462904755471,
    "module_nre": 66220825.09945554,
    "multicast_degree": 2.08,
    "noc_margin": 35.254181451654404,
    "noc_service_cycles": 14031841.0,
    "nop_service_cycles": 69232672.0,
    "overflow_core_count": 0.0,
    "package_area": 133.33052033447424,
    "package_defect_cost": 0.207242661944794,
    "package_nre": 257494726.2937918,
    "peak_dram_channel_gbps": 2.238587127158557,
    "peak_noc_link_gbps": 0.9466789555533749,
    "peak_nop_link_gbps": 0.8700066346153843,
    "peak_route_link_gbps": 0.9466789555533749,
    "peak_ubuf_bytes": 3511880.0,
    "per_compute_die_area": 5.217367804134744,
    "phy_count": 96.0,
    "raw_die_cost": 4.464506195434445,
    "raw_package_cost": 1.5216726907106906,
    "remote_weight_share": 0.75,
    "route_margin": 983.7427706884129,
    "schedule_tree_height": 2.0,
    "segment_count": 2.0,
    "segment_crossing_count": 1.0,
    "segment_stage_count_avg": 2.5,
    "segment_sync_cycles": 36.0,
    "serialization_ratio": 0.10426588446275946,
    "shortcut_input_count": 1.0,
    "spm_overflow_ratio": 0.0,
    "spm_residency": 0.9750000000000001,
    "total_interchip_bw": 3.569186679748819
  },
  "design_id": "paper_full_bootstrap_014",
  "die_area_breakdown": {
    "compute_die_area": 20.86947,
    "io_die_area": 6.90772,
    "total_die_area": 27.77719
  },
  "energy_breakdown": {
    "buf": 133363229.91194,
    "bus": 1846794.62339,
    "dram": 6585974217.76896,
    "mac": 250166703.32311,
    "noc": 15368843921.42175,
    "nop": 27297289293.66539,
    "ubuf": 71810969.95258
  },
  "execution_controls": {
    "proposal_budget": 512,
    "time_cap_minutes": 30.0
  },
  "legality_details": {
    "buffer_margin": 121313.0,
    "channel_count_available": 4,
    "channel_count_required": 1,
    "dram_channel_margin": 29.761413,
    "edge_margin": 711.280119,
    "io_competition_score": 0.008051,
    "memory_margin": 126.994629,
    "memory_required_bw_gbps": 5.07206,
    "noc_margin": 35.254181,
    "peak_dram_channel_gbps": 2.238587,
    "peak_noc_link_gbps": 0.946679,
    "peak_nop_link_gbps": 0.870007,
    "peak_route_link_gbps": 0.946679,
    "reasons": [],
    "route_margin": 983.742771,
    "total_interchip_bw": 3.569187
  },
  "legality_flags": {
    "buffer": "legal",
    "edge": "legal",
    "memory": "legal",
    "memory_channel": "legal",
    "noc": "legal",
    "overall": "legal",
    "route": "legal"
  },
  "memory_attachment": {
    "channel_count_available": 4,
    "channel_count_required": 1,
    "memory_bandwidth_gbps": 128,
    "memory_channel_bandwidth_gbps": 32.0,
    "memory_class": "GDDR6X",
    "noc_bandwidth": 32
  },
  "notes": {
    "chiplet_geometry": {
      "chiplet_count": 4,
      "per_die_exposed_edges": 12,
      "total_exposed_edge_slots": 48,
      "x_step": 4,
      "y_step": 2
    },
    "message": "This canonical design record is exported directly from the Python-native search summary and its derived evaluation terms.",
    "status": "exported_from_search_summary",
    "workload_ref": "workloads/long_context_prefill.json",
    "workload_status": "runnable_binding"
  },
  "package_class": "FO",
  "paths": {
    "point_snapshot": "results/raw/20260405_205311_paper_full_bootstrap/paper_full_bootstrap_014/point_snapshot.json",
    "result_log": "results/raw/20260405_205311_paper_full_bootstrap/paper_full_bootstrap_014/result.log",
    "stderr_log": "results/raw/20260405_205311_paper_full_bootstrap/paper_full_bootstrap_014/stderr.log",
    "stdout_log": "results/raw/20260405_205311_paper_full_bootstrap/paper_full_bootstrap_014/stdout.log"
  },
  "per_edge_bandwidth": {
    "edge_capacity": 712.172417,
    "edge_demand": 0.892298,
    "edge_margin": 711.280119,
    "per_die_exposed_edges": 12,
    "route_budget": 984.68945,
    "route_demand": 0.946679,
    "route_margin": 983.742771,
    "total_exposed_edge_slots": 48
  },
  "phy_count": 96,
  "process_node": "7",
  "proposal_budget": 512,
  "schema_version": "python_native_v1",
  "seed": 7,
  "state_tuple": {
    "a": {
      "core_array": {
        "x": 8,
        "y": 4
      },
      "macs_per_core": 2048,
      "microarch": "polar",
      "ul3_kb": 2048
    },
    "b": {
      "memory_bandwidth_gbps": 128,
      "memory_class": "GDDR6X",
      "noc_bandwidth": 32
    },
    "i": {
      "interface_class": "UCIe",
      "nop_bandwidth": 16
    },
    "k": {
      "chiplet_count": 4,
      "chiplet_partition": {
        "x": 2,
        "y": 2
      }
    },
    "m": {
      "batch_size": 1,
      "search_rounds": 3,
      "workload": "long_context_prefill",
      "workload_motif": "long_context_prefill",
      "workload_ref": "workloads/long_context_prefill.json",
      "workload_trace_ref": null,
      "workload_trace_summary": {}
    },
    "p": {
      "package_class": "FO"
    }
  },
  "surrogate_metrics": {
    "cost": 8.045651449453054e+19,
    "cost_overall": 1402916.3091894633,
    "edp": 7.965967872821223e+19,
    "energy": 49709295130.66713,
    "latency_cycles": 1602510728
  },
  "time_cap_minutes": 30.0,
  "tops_target": 128,
  "trace_id": "long_context_prefill",
  "traffic_matrix": [
    [
      0.0,
      0.405667,
      0.405667,
      0.080964
    ],
    [
      0.405667,
      0.0,
      0.080964,
      0.405667
    ],
    [
      0.405667,
      0.080964,
      0.0,
      0.405667
    ],
    [
      0.080964,
      0.405667,
      0.405667,
      0.0
    ]
  ],
  "workload": "long_context_prefill",
  "workload_motif": "long_context_prefill",
  "workload_trace": {
    "summary": {},
    "trace_ref": null
  }
}
