{
  "baseline_mode": "Partition-first",
  "best_state": {
    "batch_cluster": true,
    "interleave": false,
    "mapping_tiling": 2,
    "memory_balance": 1.243557898540751,
    "memory_prefetch": 3,
    "noc_balance": 1.1326280577727688,
    "pipeline_depth": 1,
    "placement_skew": -0.3175052300239719,
    "route_slack": 0.818868150084531,
    "segment_span": 3,
    "spm_level": 3
  },
  "closure_terms": {
    "M1": 674.442198,
    "M2": 156.639381,
    "Si": 1.0,
    "Sp": 1.35
  },
  "cost_breakdown": {
    "cost_chip": 4.08391,
    "cost_package": 2.04319,
    "cost_soc": 1302470.53336,
    "cost_system_package": 979459.49236
  },
  "derived_terms": {
    "amortized_nre_cost": 1302462.4062596222,
    "assembly_waste_cost": 0.47972132619605173,
    "avg_mapped_utilization": 1.0,
    "avg_partition_utilization": 1.0,
    "boundary_count": 1.0,
    "buffer_area": 4.6431,
    "buffer_average_bytes": 386591.0,
    "buffer_capacity_bytes": 507904.0,
    "buffer_margin": 121313.0,
    "buffer_overflow_core_count": 0.0,
    "buffer_overflow_ratio": 0.0,
    "buffer_peak_bytes": 386591.0,
    "channel_count_available": 4.0,
    "channel_count_required": 1.0,
    "chip_nre": 96901487.12566936,
    "collective_pressure": 0.336,
    "compute_array_area": 8.22528,
    "compute_cycles": 1540855431.0,
    "control_area": 4.420503138014383,
    "defect_die_cost": 0.017296052935702355,
    "distinct_chip_type_count": 2.0,
    "dram_channel_imbalance": 0.4862789886107668,
    "dram_channel_margin": 31.057687892464678,
    "dram_service_cycles": 19698065.0,
    "edge_margin": 674.4421977651099,
    "endpoint_latency_cycles": 33.0,
    "graph_layer_count": 5.0,
    "interposer_area": 30.183123768294603,
    "io_competition_score": 0.007351655617493969,
    "layout_locality_score": 0.8888888888888888,
    "locality_score": 0.7959911742233032,
    "memory_margin": 156.6393807934359,
    "module_nre": 59963805.88634528,
    "multicast_degree": 1.94,
    "noc_margin": 35.53736520915835,
    "noc_service_cycles": 10583828.0,
    "nop_service_cycles": 42378224.0,
    "overflow_core_count": 0.0,
    "package_area": 120.73249507317841,
    "package_defect_cost": 0.18525344751948036,
    "package_nre": 233873428.865872,
    "peak_dram_channel_gbps": 0.9423121075353215,
    "peak_noc_link_gbps": 0.706732639570251,
    "peak_nop_link_gbps": 0.7067338353610675,
    "peak_route_link_gbps": 0.7067338353610675,
    "peak_ubuf_bytes": 3511880.0,
    "per_compute_die_area": 4.711220655108919,
    "phy_count": 96.0,
    "raw_die_cost": 4.066610636795554,
    "raw_package_cost": 1.3782142026980466,
    "remote_weight_share": 0.75,
    "route_margin": 745.7243961764736,
    "schedule_tree_height": 2.0,
    "segment_count": 2.0,
    "segment_crossing_count": 1.0,
    "segment_stage_count_avg": 2.5,
    "segment_sync_cycles": 27.0,
    "serialization_ratio": 0.06471305880792488,
    "shortcut_input_count": 1.0,
    "spm_overflow_ratio": 0.0,
    "spm_residency": 0.9750000000000001,
    "total_interchip_bw": 1.9020619113029809
  },
  "design_id": "paper_full_bootstrap_013",
  "die_area_breakdown": {
    "compute_die_area": 18.84488,
    "io_die_area": 6.30772,
    "total_die_area": 25.1526
  },
  "energy_breakdown": {
    "buf": 133363229.91194,
    "bus": 1846794.62339,
    "dram": 6585974217.76896,
    "mac": 272909130.89794,
    "noc": 16476200002.85028,
    "nop": 28621194311.76191,
    "ubuf": 71810969.95258
  },
  "execution_controls": {
    "proposal_budget": 512,
    "time_cap_minutes": 30.0
  },
  "legality_details": {
    "buffer_margin": 121313.0,
    "channel_count_available": 4,
    "channel_count_required": 1,
    "dram_channel_margin": 31.057688,
    "edge_margin": 674.442198,
    "io_competition_score": 0.007352,
    "memory_margin": 156.639381,
    "memory_required_bw_gbps": 2.53603,
    "noc_margin": 35.537365,
    "peak_dram_channel_gbps": 0.942312,
    "peak_noc_link_gbps": 0.706733,
    "peak_nop_link_gbps": 0.706734,
    "peak_route_link_gbps": 0.706734,
    "reasons": [],
    "route_margin": 745.724396,
    "total_interchip_bw": 1.902062
  },
  "legality_flags": {
    "buffer": "legal",
    "edge": "legal",
    "memory": "legal",
    "memory_channel": "legal",
    "noc": "legal",
    "overall": "legal",
    "route": "legal"
  },
  "memory_attachment": {
    "channel_count_available": 4,
    "channel_count_required": 1,
    "memory_bandwidth_gbps": 128,
    "memory_channel_bandwidth_gbps": 32.0,
    "memory_class": "GDDR6X",
    "noc_bandwidth": 32
  },
  "notes": {
    "chiplet_geometry": {
      "chiplet_count": 4,
      "per_die_exposed_edges": 12,
      "total_exposed_edge_slots": 48,
      "x_step": 4,
      "y_step": 2
    },
    "message": "This canonical design record is exported directly from the Python-native search summary and its derived evaluation terms.",
    "status": "exported_from_search_summary",
    "workload_ref": "workloads/long_context_prefill.json",
    "workload_status": "runnable_binding"
  },
  "package_class": "FO",
  "paths": {
    "point_snapshot": "results/raw/20260405_205311_paper_full_bootstrap/paper_full_bootstrap_013/point_snapshot.json",
    "result_log": "results/raw/20260405_205311_paper_full_bootstrap/paper_full_bootstrap_013/result.log",
    "stderr_log": "results/raw/20260405_205311_paper_full_bootstrap/paper_full_bootstrap_013/stderr.log",
    "stdout_log": "results/raw/20260405_205311_paper_full_bootstrap/paper_full_bootstrap_013/stdout.log"
  },
  "per_edge_bandwidth": {
    "edge_capacity": 674.917714,
    "edge_demand": 0.475516,
    "edge_margin": 674.442198,
    "per_die_exposed_edges": 12,
    "route_budget": 746.43113,
    "route_demand": 0.706734,
    "route_margin": 745.724396,
    "total_exposed_edge_slots": 48
  },
  "phy_count": 96,
  "process_node": "7",
  "proposal_budget": 512,
  "schema_version": "python_native_v1",
  "seed": 7,
  "state_tuple": {
    "a": {
      "core_array": {
        "x": 8,
        "y": 4
      },
      "macs_per_core": 2048,
      "microarch": "polar",
      "ul3_kb": 2048
    },
    "b": {
      "memory_bandwidth_gbps": 128,
      "memory_class": "GDDR6X",
      "noc_bandwidth": 32
    },
    "i": {
      "interface_class": "UCIe",
      "nop_bandwidth": 16
    },
    "k": {
      "chiplet_count": 4,
      "chiplet_partition": {
        "x": 2,
        "y": 2
      }
    },
    "m": {
      "batch_size": 1,
      "search_rounds": 3,
      "workload": "long_context_prefill",
      "workload_motif": "long_context_prefill",
      "workload_ref": "workloads/long_context_prefill.json",
      "workload_trace_ref": null,
      "workload_trace_summary": {}
    },
    "p": {
      "package_class": "FO"
    }
  },
  "surrogate_metrics": {
    "cost": 8.242415109777442e+19,
    "cost_overall": 1302470.5333552884,
    "edp": 8.176877437118933e+19,
    "energy": 52163298657.767,
    "latency_cycles": 1567553749
  },
  "time_cap_minutes": 30.0,
  "tops_target": 128,
  "trace_id": "long_context_prefill",
  "traffic_matrix": [
    [
      0.0,
      0.221095,
      0.221095,
      0.033326
    ],
    [
      0.221095,
      0.0,
      0.033326,
      0.221095
    ],
    [
      0.221095,
      0.033326,
      0.0,
      0.221095
    ],
    [
      0.033326,
      0.221095,
      0.221095,
      0.0
    ]
  ],
  "workload": "long_context_prefill",
  "workload_motif": "long_context_prefill",
  "workload_trace": {
    "summary": {},
    "trace_ref": null
  }
}
