{
  "baseline_mode": "Stage-wise",
  "best_state": {
    "batch_cluster": false,
    "interleave": true,
    "mapping_tiling": 4,
    "memory_balance": 0.8427998341712079,
    "memory_prefetch": 3,
    "noc_balance": 1.189860047554515,
    "pipeline_depth": 1,
    "placement_skew": 0.29685654064084926,
    "route_slack": 0.65,
    "segment_span": 4,
    "spm_level": 3
  },
  "closure_terms": {
    "M1": 2804.600613,
    "M2": 300.137753,
    "Si": 1.0,
    "Sp": 1.35
  },
  "cost_breakdown": {
    "cost_chip": 15.0015,
    "cost_package": 9.77935,
    "cost_soc": 3899484.68349,
    "cost_system_package": 3565356.10909
  },
  "derived_terms": {
    "amortized_nre_cost": 3899451.902644933,
    "assembly_waste_cost": 3.1730971541830497,
    "avg_mapped_utilization": 1.0,
    "avg_partition_utilization": 1.0,
    "boundary_count": 2.0,
    "buffer_area": 18.5724,
    "buffer_average_bytes": 444506.0,
    "buffer_capacity_bytes": 1015808.0,
    "buffer_margin": 571302.0,
    "buffer_overflow_core_count": 0.0,
    "buffer_overflow_ratio": 0.0,
    "buffer_peak_bytes": 444506.0,
    "channel_count_available": 16.0,
    "channel_count_required": 5.0,
    "chip_nre": 100231671.87270129,
    "collective_pressure": 1.6,
    "compute_array_area": 36.12672,
    "compute_cycles": 64976835.0,
    "control_area": 8.166227848769019,
    "defect_die_cost": 0.13318942392889577,
    "distinct_chip_type_count": 2.0,
    "dram_channel_imbalance": 1.3333238982139397,
    "dram_channel_margin": 12.841112231182798,
    "dram_service_cycles": 15161679.0,
    "edge_margin": 2804.600612922267,
    "endpoint_latency_cycles": 44.0,
    "graph_layer_count": 12.0,
    "interposer_area": 111.95754357149976,
    "io_competition_score": 0.02008261314596655,
    "layout_locality_score": 0.0,
    "locality_score": 0.5502889071619779,
    "memory_margin": 300.1377534469134,
    "module_nre": 222422319.8953795,
    "multicast_degree": 5.42,
    "noc_margin": 16.17904432220376,
    "noc_service_cycles": 15843561.0,
    "nop_service_cycles": 28055622.0,
    "overflow_core_count": 0.0,
    "package_area": 447.830174285999,
    "package_defect_cost": 1.4475818427149918,
    "package_nre": 847181579.0253991,
    "peak_dram_channel_gbps": 19.158887768817202,
    "peak_noc_link_gbps": 21.896477199540715,
    "peak_nop_link_gbps": 19.159413502464144,
    "peak_route_link_gbps": 21.896477199540715,
    "peak_ubuf_bytes": 2641108.0,
    "per_compute_die_area": 9.508383862126314,
    "phy_count": 384.0,
    "raw_die_cost": 14.868307184507842,
    "raw_package_cost": 5.158671057239694,
    "remote_weight_share": 0.875,
    "route_margin": 2469.676709419803,
    "schedule_tree_height": 2.0,
    "segment_count": 3.0,
    "segment_crossing_count": 2.0,
    "segment_stage_count_avg": 4.0,
    "segment_sync_cycles": 49.0,
    "serialization_ratio": 0.8635576523193761,
    "shortcut_input_count": 2.0,
    "spm_overflow_ratio": 0.0,
    "spm_residency": 0.9625,
    "total_interchip_bw": 116.33253388216922
  },
  "design_id": "paper_full_bootstrap_058",
  "die_area_breakdown": {
    "compute_die_area": 76.06707,
    "io_die_area": 17.23088,
    "total_die_area": 93.29795
  },
  "energy_breakdown": {
    "buf": 22244359.66771,
    "bus": 6074904.08448,
    "dram": 14943269179.88347,
    "mac": 740989640.25623,
    "noc": 34673956084.10469,
    "nop": 109592731315.07703,
    "ubuf": 11977732.12877
  },
  "execution_controls": {
    "proposal_budget": 512,
    "time_cap_minutes": 30.0
  },
  "legality_details": {
    "buffer_margin": 571302.0,
    "channel_count_available": 16,
    "channel_count_required": 5,
    "dram_channel_margin": 12.841112,
    "edge_margin": 2804.600613,
    "io_competition_score": 0.020083,
    "memory_margin": 300.137753,
    "memory_required_bw_gbps": 131.375762,
    "noc_margin": 16.179044,
    "peak_dram_channel_gbps": 19.158888,
    "peak_noc_link_gbps": 21.896477,
    "peak_nop_link_gbps": 19.159414,
    "peak_route_link_gbps": 21.896477,
    "reasons": [],
    "route_margin": 2469.676709,
    "total_interchip_bw": 116.332534
  },
  "legality_flags": {
    "buffer": "legal",
    "edge": "legal",
    "memory": "legal",
    "memory_channel": "legal",
    "noc": "legal",
    "overall": "legal",
    "route": "legal"
  },
  "memory_attachment": {
    "channel_count_available": 16,
    "channel_count_required": 5,
    "memory_bandwidth_gbps": 512,
    "memory_channel_bandwidth_gbps": 32.0,
    "memory_class": "GDDR6X",
    "noc_bandwidth": 32
  },
  "notes": {
    "chiplet_geometry": {
      "chiplet_count": 8,
      "per_die_exposed_edges": 12,
      "total_exposed_edge_slots": 96,
      "x_step": 2,
      "y_step": 4
    },
    "message": "This canonical design record is exported directly from the Python-native search summary and its derived evaluation terms.",
    "status": "exported_from_search_summary",
    "workload_ref": "workloads/megatron_collective_trace.json",
    "workload_status": "runnable_trace_binding"
  },
  "package_class": "FO",
  "paths": {
    "point_snapshot": "results/raw/20260405_205311_paper_full_bootstrap/paper_full_bootstrap_058/point_snapshot.json",
    "result_log": "results/raw/20260405_205311_paper_full_bootstrap/paper_full_bootstrap_058/result.log",
    "stderr_log": "results/raw/20260405_205311_paper_full_bootstrap/paper_full_bootstrap_058/stderr.log",
    "stdout_log": "results/raw/20260405_205311_paper_full_bootstrap/paper_full_bootstrap_058/stdout.log"
  },
  "per_edge_bandwidth": {
    "edge_capacity": 2821.288663,
    "edge_demand": 16.68805,
    "edge_margin": 2804.600613,
    "per_die_exposed_edges": 12,
    "route_budget": 2491.573187,
    "route_demand": 21.896477,
    "route_margin": 2469.676709,
    "total_exposed_edge_slots": 96
  },
  "phy_count": 384,
  "process_node": "7",
  "proposal_budget": 512,
  "schema_version": "python_native_v1",
  "seed": 61,
  "state_tuple": {
    "a": {
      "core_array": {
        "x": 8,
        "y": 8
      },
      "macs_per_core": 4096,
      "microarch": "polar",
      "ul3_kb": 4096
    },
    "b": {
      "memory_bandwidth_gbps": 512,
      "memory_class": "GDDR6X",
      "noc_bandwidth": 32
    },
    "i": {
      "interface_class": "UCIe",
      "nop_bandwidth": 32
    },
    "k": {
      "chiplet_count": 8,
      "chiplet_partition": {
        "x": 4,
        "y": 2
      }
    },
    "m": {
      "batch_size": 1,
      "search_rounds": 2,
      "workload": "megatron_collective_trace",
      "workload_motif": "megatron_collective_trace",
      "workload_ref": "workloads/megatron_collective_trace.json",
      "workload_trace_ref": "workloads/generated/megatron_collective_trace.json",
      "workload_trace_summary": {
        "all_gather_count": 3,
        "all_reduce_count": 3,
        "bucket_size_mb": 128,
        "high_memory_phase_count": 2,
        "high_route_phase_count": 3,
        "phase_count": 6,
        "trace_type": "megatron_collective_trace"
      }
    },
    "p": {
      "package_class": "FO"
    }
  },
  "surrogate_metrics": {
    "cost": 1.3025176661709308e+19,
    "cost_overall": 3899484.683491595,
    "edp": 1.2999152358687216e+19,
    "energy": 159991243215.20236,
    "latency_cycles": 81249149
  },
  "time_cap_minutes": 30.0,
  "tops_target": 512,
  "trace_id": "megatron_collective_trace",