{
  "baseline_mode": "Stage-wise",
  "best_state": {
    "batch_cluster": false,
    "interleave": true,
    "mapping_tiling": 4,
    "memory_balance": 0.9340860741092433,
    "memory_prefetch": 3,
    "noc_balance": 1.25,
    "pipeline_depth": 1,
    "placement_skew": 0.3111620194928985,
    "route_slack": 1.0531647132767947,
    "segment_span": 2,
    "spm_level": 3
  },
  "closure_terms": {
    "M1": 0.0,
    "M2": 48.773362,
    "Si": 0.82,
    "Sp": 1.0
  },
  "cost_breakdown": {
    "cost_chip": 1.50745,
    "cost_package": 0.28972,
    "cost_soc": 177965.3716,
    "cost_system_package": 54082.00646
  },
  "derived_terms": {
    "amortized_nre_cost": 177962.44942536711,
    "assembly_waste_cost": 0.015226816859435097,
    "avg_mapped_utilization": 0.9409639040129057,
    "avg_partition_utilization": 0.9409639040129057,
    "boundary_count": 2.0,
    "buffer_area": 0.8291038513183594,
    "buffer_average_bytes": 26340.0,
    "buffer_capacity_bytes": 112863.0,
    "buffer_margin": 86523.0,
    "buffer_overflow_core_count": 0.0,
    "buffer_overflow_ratio": 0.0,
    "buffer_peak_bytes": 26340.0,
    "channel_count_available": 3.0,
    "channel_count_required": 1.0,
    "chip_nre": 37164219.80683816,
    "collective_pressure": 0.12,
    "compute_array_area": 7.2576,
    "compute_cycles": 12341.0,
    "control_area": 3.3166743029239347,
    "defect_die_cost": 0.015554377869541947,
    "distinct_chip_type_count": 1.0,
    "dram_channel_imbalance": 0.0015480984168090295,
    "dram_channel_margin": 25.83018497806636,
    "dram_service_cycles": 829.0,
    "edge_margin": 0.0,
    "endpoint_latency_cycles": 22.0,
    "graph_layer_count": 5.0,
    "interposer_area": 0.0,
    "io_competition_score": 0.002545561771561771,
    "layout_locality_score": 0.05555555555555555,
    "locality_score": 0.7176428839277328,
    "memory_margin": 48.77336242133708,
    "module_nre": 15761465.37892106,
    "multicast_degree": 1.0,
    "noc_margin": 4.436244984420153,
    "noc_service_cycles": 3056.0,
    "nop_service_cycles": 87.0,
    "overflow_core_count": 0.0,
    "package_area": 54.34988061696917,
    "package_defect_cost": 0.0027449434655035113,
    "package_nre": 463049.64185090753,
    "peak_dram_channel_gbps": 6.169815021933641,
    "peak_noc_link_gbps": 15.563755015579847,
    "peak_nop_link_gbps": 0.0,
    "peak_route_link_gbps": 15.563755015579847,
    "peak_ubuf_bytes": 42405.0,
    "per_compute_die_area": 11.403378154242294,
    "phy_count": 0.0,
    "raw_die_cost": 1.4919004912145228,
    "raw_package_cost": 0.27174940308484585,
    "remote_weight_share": 0.0,
    "route_margin": 0.0,
    "schedule_tree_height": 2.0,
    "segment_count": 3.0,
    "segment_crossing_count": 2.0,
    "segment_stage_count_avg": 1.6666666666666667,
    "segment_sync_cycles": 49.0,
    "serialization_ratio": 0.0,
    "shortcut_input_count": 2.0,
    "spm_overflow_ratio": 0.0,
    "spm_residency": 0.98,
    "total_interchip_bw": 0.0
  },
  "design_id": "paper_full_bootstrap_002",
  "die_area_breakdown": {
    "compute_die_area": 11.40338,
    "io_die_area": 2.18409,
    "total_die_area": 13.58747
  },
  "energy_breakdown": {
    "buf": 12798.28576,
    "bus": 3265.24,
    "dram": 1651078.1461,
    "mac": 4735550.99693,
    "noc": 4090692.43968,
    "nop": 0.0,
    "ubuf": 6891.38464
  },
  "execution_controls": {
    "proposal_budget": 512,
    "time_cap_minutes": 30.0
  },
  "legality_details": {
    "buffer_margin": 86523.0,
    "channel_count_available": 3,
    "channel_count_required": 1,
    "dram_channel_margin": 25.830185,
    "edge_margin": 0.0,
    "io_competition_score": 0.002546,
    "memory_margin": 48.773362,
    "memory_required_bw_gbps": 18.480835,
    "noc_margin": 4.436245,
    "peak_dram_channel_gbps": 6.169815,
    "peak_noc_link_gbps": 15.563755,
    "peak_nop_link_gbps": 0.0,
    "peak_route_link_gbps": 15.563755,
    "reasons": [],
    "route_margin": 0.0,
    "total_interchip_bw": 0.0
  },
  "legality_flags": {
    "buffer": "legal",
    "edge": "legal",
    "memory": "legal",
    "memory_channel": "legal",
    "noc": "legal",
    "overall": "legal",
    "route": "legal"
  },
  "memory_attachment": {
    "channel_count_available": 3,
    "channel_count_required": 1,
    "memory_bandwidth_gbps": 72,
    "memory_channel_bandwidth_gbps": 32.0,
    "memory_class": "GDDR6X",
    "noc_bandwidth": 16
  },
  "notes": {
    "chiplet_geometry": {
      "chiplet_count": 1,
      "per_die_exposed_edges": 0,
      "total_exposed_edge_slots": 0,
      "x_step": 6,
      "y_step": 3
    },
    "message": "This canonical design record is exported directly from the Python-native search summary and its derived evaluation terms.",
    "status": "exported_from_search_summary",
    "workload_ref": "workloads/cnn_inference.json",
    "workload_status": "runnable_binding"
  },
  "package_class": "OS",
  "paths": {
    "point_snapshot": "results/raw/20260405_205311_paper_full_bootstrap/paper_full_bootstrap_002/point_snapshot.json",
    "result_log": "results/raw/20260405_205311_paper_full_bootstrap/paper_full_bootstrap_002/result.log",
    "stderr_log": "results/raw/20260405_205311_paper_full_bootstrap/paper_full_bootstrap_002/stderr.log",
    "stdout_log": "results/raw/20260405_205311_paper_full_bootstrap/paper_full_bootstrap_002/stdout.log"
  },
  "per_edge_bandwidth": {
    "edge_capacity": 0.0,
    "edge_demand": 0.0,
    "edge_margin": 0.0,
    "per_die_exposed_edges": 0,
    "route_budget": 15.563755,
    "route_demand": 15.563755,
    "route_margin": 0.0,
    "total_exposed_edge_slots": 0
  },
  "phy_count": 0,
  "process_node": "12",
  "proposal_budget": 512,
  "schema_version": "python_native_v1",
  "seed": 1,
  "state_tuple": {
    "a": {
      "core_array": {
        "x": 6,
        "y": 3
      },
      "macs_per_core": 2048,
      "microarch": "polar",
      "ul3_kb": 1024
    },
    "b": {
      "memory_bandwidth_gbps": 72,
      "memory_class": "GDDR6X",
      "noc_bandwidth": 16
    },
    "i": {
      "interface_class": "XSR",
      "nop_bandwidth": 16
    },
    "k": {
      "chiplet_count": 1,
      "chiplet_partition": {
        "x": 1,
        "y": 1
      }
    },
    "m": {
      "batch_size": 1,
      "search_rounds": 4,
      "workload": "cnn_inference",
      "workload_motif": "cnn_inference",
      "workload_ref": "workloads/cnn_inference.json",
      "workload_trace_ref": null,
      "workload_trace_summary": {}
    },
    "p": {
      "package_class": "OS"
    }
  },
  "surrogate_metrics": {
    "cost": 148918452552.21735,
    "cost_overall": 177965.3716013996,
    "edp": 148620913483.42352,
    "energy": 10500276.493106084,
    "latency_cycles": 14154
  },
  "time_cap_minutes": 30.0,
  "tops_target": 72,
  "trace_id": "cnn_inference",
  "traffic_matrix": [
    [
      0.0
    ]
  ],
  "workload": "cnn_inference",
  "workload_motif": "cnn_inference",
  "workload_trace": {
    "summary": {},
    "trace_ref": null
  }
}
