{
  "baseline_mode": "Memory-off",
  "best_state": {
    "batch_cluster": true,
    "interleave": true,
    "mapping_tiling": 3,
    "memory_balance": 1.2337241781469575,
    "memory_prefetch": 2,
    "noc_balance": 1.196820216488215,
    "pipeline_depth": 1,
    "placement_skew": -0.3162154130641349,
    "route_slack": 0.7075081741334361,
    "segment_span": 4,
    "spm_level": 3
  },
  "closure_terms": {
    "M1": 2803.512422,
    "M2": 493.959656,
    "Si": 1.0,
    "Sp": 1.35
  },
  "cost_breakdown": {
    "cost_chip": 14.54693,
    "cost_package": 9.45548,
    "cost_soc": 3784748.13437,
    "cost_system_package": 3451347.95001
  },
  "derived_terms": {
    "amortized_nre_cost": 3784716.131952769,
    "assembly_waste_cost": 3.076947503067002,
    "avg_mapped_utilization": 1.0,
    "avg_partition_utilization": 1.0,
    "boundary_count": 2.0,
    "buffer_area": 18.5724,
    "buffer_average_bytes": 444506.0,
    "buffer_capacity_bytes": 1015808.0,
    "buffer_margin": 571302.0,
    "buffer_overflow_core_count": 0.0,
    "buffer_overflow_ratio": 0.0,
    "buffer_peak_bytes": 444506.0,
    "channel_count_available": 16.0,
    "channel_count_required": 5.0,
    "chip_nre": 100013291.22703403,
    "collective_pressure": 1.6,
    "compute_array_area": 34.51392,
    "compute_cycles": 71254790.0,
    "control_area": 7.939458495676962,
    "defect_die_cost": 0.12489428236263311,
    "distinct_chip_type_count": 2.0,
    "dram_channel_imbalance": 1.3333238982139206,
    "dram_channel_margin": 11.917792338709681,
    "dram_service_cycles": 17427856.0,
    "edge_margin": 2803.512421545027,
    "endpoint_latency_cycles": 44.0,
    "graph_layer_count": 12.0,
    "interposer_area": 108.3522360708101,
    "io_competition_score": 0.019175219206572617,
    "layout_locality_score": 0.8181818181818182,
    "locality_score": 0.7635419651243605,
    "memory_margin": 493.9596555553276,
    "module_nre": 215259775.66067606,
    "multicast_degree": 5.28,
    "noc_margin": 15.705131430731093,
    "noc_service_cycles": 17822850.0,
    "nop_service_cycles": 32544495.0,
    "overflow_core_count": 0.0,
    "package_area": 433.4089442832404,
    "package_defect_cost": 1.3888593591924894,
    "package_nre": 820141772.6981205,
    "peak_dram_channel_gbps": 20.08220766129032,
    "peak_noc_link_gbps": 22.593115496891784,
    "peak_nop_link_gbps": 20.441031813536053,
    "peak_route_link_gbps": 22.593115496891784,
    "peak_ubuf_bytes": 2641108.0,
    "per_compute_die_area": 9.23014899747114,
    "phy_count": 384.0,
    "raw_die_cost": 14.422034251088348,
    "raw_package_cost": 4.989677618077419,
    "remote_weight_share": 0.875,
    "route_margin": 2689.3236185140445,
    "schedule_tree_height": 2.0,
    "segment_count": 3.0,
    "segment_crossing_count": 2.0,
    "segment_stage_count_avg": 4.0,
    "segment_sync_cycles": 49.0,
    "serialization_ratio": 0.9134682469562327,
    "shortcut_input_count": 2.0,
    "spm_overflow_ratio": 0.0,
    "spm_residency": 0.9125,
    "total_interchip_bw": 119.06423191084234
  },
  "design_id": "paper_full_bootstrap_064",
  "die_area_breakdown": {
    "compute_die_area": 73.84119,
    "io_die_area": 16.45234,
    "total_die_area": 90.29353
  },
  "energy_breakdown": {
    "buf": 22244359.66771,
    "bus": 6074904.08448,
    "dram": 18482843542.2512,
    "mac": 802923102.72541,
    "noc": 34225084414.67273,
    "nop": 109197038997.99562,
    "ubuf": 11977732.12877
  },
  "execution_controls": {
    "proposal_budget": 512,
    "time_cap_minutes": 30.0
  },
  "legality_details": {
    "buffer_margin": 571302.0,
    "channel_count_available": 16,
    "channel_count_required": 5,
    "dram_channel_margin": 11.917792,
    "edge_margin": 2803.512422,
    "io_competition_score": 0.019175,
    "memory_margin": 493.959656,
    "memory_required_bw_gbps": 137.707124,
    "noc_margin": 15.705131,
    "peak_dram_channel_gbps": 20.082208,
    "peak_noc_link_gbps": 22.593115,
    "peak_nop_link_gbps": 20.441032,
    "peak_route_link_gbps": 22.593115,
    "reasons": [],
    "route_margin": 2689.323619,
    "total_interchip_bw": 119.064232
  },
  "legality_flags": {
    "buffer": "legal",
    "edge": "legal",
    "memory": "legal",
    "memory_channel": "legal",
    "noc": "legal",
    "overall": "legal",
    "route": "legal"
  },
  "memory_attachment": {
    "channel_count_available": 16,
    "channel_count_required": 5,
    "memory_bandwidth_gbps": 512,
    "memory_channel_bandwidth_gbps": 32.0,
    "memory_class": "GDDR6X",
    "noc_bandwidth": 32
  },
  "notes": {
    "chiplet_geometry": {
      "chiplet_count": 8,
      "per_die_exposed_edges": 12,
      "total_exposed_edge_slots": 96,
      "x_step": 2,
      "y_step": 4
    },
    "message": "This canonical design record is exported directly from the Python-native search summary and its derived evaluation terms.",
    "status": "exported_from_search_summary",
    "workload_ref": "workloads/megatron_collective_trace.json",
    "workload_status": "runnable_trace_binding"
  },
  "package_class": "FO",
  "paths": {
    "point_snapshot": "results/raw/20260405_205311_paper_full_bootstrap/paper_full_bootstrap_064/point_snapshot.json",
    "result_log": "results/raw/20260405_205311_paper_full_bootstrap/paper_full_bootstrap_064/result.log",
    "stderr_log": "results/raw/20260405_205311_paper_full_bootstrap/paper_full_bootstrap_064/stderr.log",
    "stdout_log": "results/raw/20260405_205311_paper_full_bootstrap/paper_full_bootstrap_064/stdout.log"
  },
  "per_edge_bandwidth": {
    "edge_capacity": 2820.742203,
    "edge_demand": 17.229781,
    "edge_margin": 2803.512422,
    "per_die_exposed_edges": 12,
    "route_budget": 2711.916734,
    "route_demand": 22.593115,
    "route_margin": 2689.323619,
    "total_exposed_edge_slots": 96
  },
  "phy_count": 384,
  "process_node": "7",
  "proposal_budget": 512,
  "schema_version": "python_native_v1",
  "seed": 61,
  "state_tuple": {
    "a": {
      "core_array": {
        "x": 8,
        "y": 8
      },
      "macs_per_core": 4096,
      "microarch": "polar",
      "ul3_kb": 4096
    },
    "b": {
      "memory_bandwidth_gbps": 512,
      "memory_class": "GDDR6X",
      "noc_bandwidth": 32
    },
    "i": {
      "interface_class": "UCIe",
      "nop_bandwidth": 32
    },
    "k": {
      "chiplet_count": 8,
      "chiplet_partition": {
        "x": 4,
        "y": 2
      }
    },
    "m": {
      "batch_size": 1,
      "search_rounds": 2,
      "workload": "megatron_collective_trace",
      "workload_motif": "megatron_collective_trace",
      "workload_ref": "workloads/megatron_collective_trace.json",
      "workload_trace_ref": "workloads/generated/megatron_collective_trace.json",
      "workload_trace_summary": {
        "all_gather_count": 3,
        "all_reduce_count": 3,
        "bucket_size_mb": 128,
        "high_memory_phase_count": 2,
        "high_route_phase_count": 3,
        "phase_count": 6,
        "trace_type": "megatron_collective_trace"
      }
    },
    "p": {
      "package_class": "FO"
    }
  },
  "surrogate_metrics": {
    "cost": 1.5249956270474758e+19,
    "cost_overall": 3784748.134365782,
    "edp": 1.5039360110842628e+19,
    "energy": 162748187053.5259,
    "latency_cycles": 92408772
  },
  "time_cap_minutes": 30.0,
  "tops_target": 512,
  "trace_id": "megatron_collective_trace",