{
  "baseline_mode": "Outer-loop repair",
  "best_state": {
    "batch_cluster": true,
    "interleave": true,
    "mapping_tiling": 1,
    "memory_balance": 1.1114415325121045,
    "memory_prefetch": 3,
    "noc_balance": 1.167137663045807,
    "pipeline_depth": 1,
    "placement_skew": 0.13197522910321907,
    "route_slack": 0.9644889338089198,
    "segment_span": 2,
    "spm_level": 3
  },
  "closure_terms": {
    "M1": 575.643142,
    "M2": 162.158801,
    "Si": 0.82,
    "Sp": 1.0
  },
  "cost_breakdown": {
    "cost_chip": 4.04199,
    "cost_package": 1.3321,
    "cost_soc": 383280.15939,
    "cost_system_package": 140884.90831
  },
  "derived_terms": {
    "amortized_nre_cost": 383272.2852897097,
    "assembly_waste_cost": 0.20830704550057547,
    "avg_mapped_utilization": 1.0,
    "avg_partition_utilization": 1.0,
    "boundary_count": 2.0,
    "buffer_area": 6.633,
    "buffer_average_bytes": 251222.0,
    "buffer_capacity_bytes": 507904.0,
    "buffer_margin": 256682.0,
    "buffer_overflow_core_count": 0.0,
    "buffer_overflow_ratio": 0.0,
    "buffer_peak_bytes": 251222.0,
    "channel_count_available": 5.0,
    "channel_count_required": 1.0,
    "chip_nre": 72716612.7245061,
    "collective_pressure": 0.396,
    "compute_array_area": 11.1744,
    "compute_cycles": 6916998.0,
    "control_area": 3.8591851374619313,
    "defect_die_cost": 0.024384362508058643,
    "distinct_chip_type_count": 2.0,
    "dram_channel_imbalance": 1.411870649182453,
    "dram_channel_margin": 24.440307858910895,
    "dram_service_cycles": 643274.0,
    "edge_margin": 575.643142493812,
    "endpoint_latency_cycles": 37.0,
    "graph_layer_count": 5.0,
    "interposer_area": 0.0,
    "io_competition_score": 0.013994665422215117,
    "layout_locality_score": 0.03125,
    "locality_score": 0.6381368904637562,
    "memory_margin": 162.15880114253082,
    "module_nre": 41323840.84922913,
    "multicast_degree": 1.8,
    "noc_margin": 33.08447223479256,
    "noc_service_cycles": 259945.0,
    "nop_service_cycles": 1527986.0,
    "overflow_core_count": 0.0,
    "package_area": 142.4960029283763,
    "package_defect_cost": 0.055077248129753356,
    "package_nre": 941232.0131776934,
    "peak_dram_channel_gbps": 7.559692141089106,
    "peak_noc_link_gbps": 4.263932982673267,
    "peak_nop_link_gbps": 2.4695331992574405,
    "peak_route_link_gbps": 4.263932982673267,
    "peak_ubuf_bytes": 883098.0,
    "per_compute_die_area": 5.904144449958377,
    "phy_count": 96.0,
    "raw_die_cost": 4.017609705857945,
    "raw_package_cost": 1.0687200219628221,
    "remote_weight_share": 0.75,
    "route_margin": 558.1386816831745,
    "schedule_tree_height": 2.0,
    "segment_count": 3.0,
    "segment_crossing_count": 2.0,
    "segment_stage_count_avg": 1.6666666666666667,
    "segment_sync_cycles": 49.0,
    "serialization_ratio": 0.5137279501101795,
    "shortcut_input_count": 2.0,
    "spm_overflow_ratio": 0.0,
    "spm_residency": 0.9750000000000001,
    "total_interchip_bw": 12.126257054455422
  },
  "design_id": "paper_full_bootstrap_047",
  "die_area_breakdown": {
    "compute_die_area": 23.61658,
    "io_die_area": 12.00742,
    "total_die_area": 35.624
  },
  "energy_breakdown": {
    "buf": 708462.51008,
    "bus": 212284.2112,
    "dram": 161327221.30944,
    "mac": 87433262.81143,
    "noc": 423553098.95552,
    "nop": 1791606782.23327,
    "ubuf": 381479.81312
  },
  "execution_controls": {
    "proposal_budget": 512,
    "time_cap_minutes": 30.0
  },
  "legality_details": {
    "buffer_margin": 256682.0,
    "channel_count_available": 5,
    "channel_count_required": 1,
    "dram_channel_margin": 24.440308,
    "edge_margin": 575.643142,
    "io_competition_score": 0.013995,
    "memory_margin": 162.158801,
    "memory_required_bw_gbps": 15.671844,
    "noc_margin": 33.084472,
    "peak_dram_channel_gbps": 7.559692,
    "peak_noc_link_gbps": 4.263933,
    "peak_nop_link_gbps": 2.469533,
    "peak_route_link_gbps": 4.263933,
    "reasons": [],
    "route_margin": 558.138682,
    "total_interchip_bw": 12.126257
  },
  "legality_flags": {
    "buffer": "legal",
    "edge": "legal",
    "memory": "legal",
    "memory_channel": "legal",
    "noc": "legal",
    "overall": "legal",
    "route": "legal"
  },
  "memory_attachment": {
    "channel_count_available": 5,
    "channel_count_required": 1,
    "memory_bandwidth_gbps": 160,
    "memory_channel_bandwidth_gbps": 32.0,
    "memory_class": "GDDR6X",
    "noc_bandwidth": 32
  },
  "notes": {
    "chiplet_geometry": {
      "chiplet_count": 4,
      "per_die_exposed_edges": 12,
      "total_exposed_edge_slots": 48,
      "x_step": 4,
      "y_step": 2
    },
    "message": "This canonical design record is exported directly from the Python-native search summary and its derived evaluation terms.",
    "status": "exported_from_search_summary",
    "workload_ref": "workloads/dense_decoder_block.json",
    "workload_status": "runnable_binding"
  },
  "package_class": "OS",
  "paths": {
    "point_snapshot": "results/raw/20260405_205311_paper_full_bootstrap/paper_full_bootstrap_047/point_snapshot.json",
    "result_log": "results/raw/20260405_205311_paper_full_bootstrap/paper_full_bootstrap_047/result.log",
    "stderr_log": "results/raw/20260405_205311_paper_full_bootstrap/paper_full_bootstrap_047/stderr.log",
    "stdout_log": "results/raw/20260405_205311_paper_full_bootstrap/paper_full_bootstrap_047/stdout.log"
  },
  "per_edge_bandwidth": {
    "edge_capacity": 578.674705,
    "edge_demand": 3.031563,
    "edge_margin": 575.643142,
    "per_die_exposed_edges": 12,
    "route_budget": 562.402615,
    "route_demand": 4.263933,
    "route_margin": 558.138682,
    "total_exposed_edge_slots": 48
  },
  "phy_count": 96,
  "process_node": "12",
  "proposal_budget": 512,
  "schema_version": "python_native_v1",
  "seed": 41,
  "state_tuple": {
    "a": {
      "core_array": {
        "x": 8,
        "y": 4
      },
      "macs_per_core": 2048,
      "microarch": "polar",
      "ul3_kb": 2048
    },
    "b": {
      "memory_bandwidth_gbps": 160,
      "memory_class": "GDDR6X",
      "noc_bandwidth": 32
    },
    "i": {
      "interface_class": "XSR",
      "nop_bandwidth": 16
    },
    "k": {
      "chiplet_count": 4,
      "chiplet_partition": {
        "x": 2,
        "y": 2
      }
    },
    "m": {
      "batch_size": 1,
      "search_rounds": 3,
      "workload": "dense_decoder_block",
      "workload_motif": "dense_decoder_block",
      "workload_ref": "workloads/dense_decoder_block.json",
      "workload_trace_ref": null,
      "workload_trace_summary": {}
    },
    "p": {
      "package_class": "OS"
    }
  },
  "surrogate_metrics": {
    "cost": 1.946777693835556e+16,
    "cost_overall": 383280.1593880937,
    "edp": 1.9236819681262324e+16,
    "energy": 2465222591.84406,
    "latency_cycles": 7803279
  },
  "time_cap_minutes": 30.0,
  "tops_target": 128,
  "trace_id": "dense_decoder_block",
  "traffic_matrix": [
    [
      0.0,
      1.388425,
      1.388425,
      0.254713
    ],
    [
      1.388425,
      0.0,
      0.254713,
      1.388425
    ],
    [
      1.388425,
      0.254713,
      0.0,
      1.388425
    ],
    [
      0.254713,
      1.388425,
      1.388425,
      0.0
    ]
  ],
  "workload": "dense_decoder_block",
  "workload_motif": "dense_decoder_block",
  "workload_trace": {
    "summary": {},
    "trace_ref": null
  }
}
