{
  "baseline_mode": "Cost-interface-first",
  "best_state": {
    "batch_cluster": false,
    "interleave": true,
    "mapping_tiling": 2,
    "memory_balance": 1.1290880330671902,
    "memory_prefetch": 3,
    "noc_balance": 1.192726494083403,
    "pipeline_depth": 2,
    "placement_skew": -0.35,
    "route_slack": 1.092824583851487,
    "segment_span": 4,
    "spm_level": 3
  },
  "closure_terms": {
    "M1": 1394.882827,
    "M2": 232.641612,
    "Si": 1.0,
    "Sp": 1.65
  },
  "cost_breakdown": {
    "cost_chip": 4.57679,
    "cost_package": 3.99453,
    "cost_soc": 554438.62286,
    "cost_system_package": 230001.2855
  },
  "derived_terms": {
    "amortized_nre_cost": 554426.0515408579,
    "assembly_waste_cost": 1.3977959487304097,
    "avg_mapped_utilization": 1.0,
    "avg_partition_utilization": 1.0,
    "boundary_count": 1.0,
    "buffer_area": 4.6431,
    "buffer_average_bytes": 132096.0,
    "buffer_capacity_bytes": 507904.0,
    "buffer_margin": 375808.0,
    "buffer_overflow_core_count": 0.0,
    "buffer_overflow_ratio": 0.0,
    "buffer_peak_bytes": 132096.0,
    "channel_count_available": 8.0,
    "channel_count_required": 2.0,
    "chip_nre": 97328628.17192112,
    "collective_pressure": 0.28,
    "compute_array_area": 8.22528,
    "compute_cycles": 32576.0,
    "control_area": 5.09,
    "defect_die_cost": 0.021006167264482123,
    "distinct_chip_type_count": 2.0,
    "dram_channel_imbalance": 0.7742111982491335,
    "dram_channel_margin": 19.490719008912478,
    "dram_service_cycles": 4432.0,
    "edge_margin": 1394.8828271898017,
    "endpoint_latency_cycles": 33.0,
    "graph_layer_count": 6.0,
    "interposer_area": 30.82721093277719,
    "io_competition_score": 0.009848604908642923,
    "layout_locality_score": 0.03125,
    "locality_score": 0.6054866666666666,
    "memory_margin": 232.64161239107824,
    "module_nre": 61243392.38645069,
    "multicast_degree": 1.8066666666666666,
    "noc_margin": 27.25674406011352,
    "noc_service_cycles": 3178.0,
    "nop_service_cycles": 6476.0,
    "overflow_core_count": 0.0,
    "package_area": 123.30884373110877,
    "package_defect_cost": 0.6439230888779148,
    "package_nre": 7755794.903885532,
    "peak_dram_channel_gbps": 12.509280991087524,
    "peak_noc_link_gbps": 10.910503750555378,
    "peak_nop_link_gbps": 9.324138104074608,
    "peak_route_link_gbps": 10.910503750555378,
    "peak_ubuf_bytes": 132096.0,
    "per_compute_die_area": 4.89365855,
    "phy_count": 192.0,
    "raw_die_cost": 4.555786010133038,
    "raw_package_cost": 1.9528108383127851,
    "remote_weight_share": 0.75,
    "route_margin": 2551.0843216270105,
    "schedule_tree_height": 3.0,
    "segment_count": 2.0,
    "segment_crossing_count": 1.0,
    "segment_stage_count_avg": 2.5,
    "segment_sync_cycles": 28.0,
    "serialization_ratio": 0.46769848322486696,
    "shortcut_input_count": 1.0,
    "spm_overflow_ratio": 0.0,
    "spm_residency": 0.9750000000000001,
    "total_interchip_bw": 40.58523258670706
  },
  "design_id": "paper_full_bootstrap_022",
  "die_area_breakdown": {
    "compute_die_area": 19.57463,
    "io_die_area": 8.4501,
    "total_die_area": 28.02474
  },
  "energy_breakdown": {
    "buf": 20236.58291,
    "bus": 9605.12,
    "dram": 6712581.61152,
    "mac": 14552207.79221,
    "noc": 15230958.86961,
    "nop": 14237657.64833,
    "ubuf": 10896.62157
  },
  "execution_controls": {
    "proposal_budget": 512,
    "time_cap_minutes": 30.0
  },
  "legality_details": {
    "buffer_margin": 375808.0,
    "channel_count_available": 8,
    "channel_count_required": 2,
    "dram_channel_margin": 19.490719,
    "edge_margin": 1394.882827,
    "io_competition_score": 0.009849,
    "memory_margin": 232.641612,
    "memory_required_bw_gbps": 56.404924,
    "noc_margin": 27.256744,
    "peak_dram_channel_gbps": 12.509281,
    "peak_noc_link_gbps": 10.910504,
    "peak_nop_link_gbps": 9.324138,
    "peak_route_link_gbps": 10.910504,
    "reasons": [],
    "route_margin": 2551.084322,
    "total_interchip_bw": 40.585233
  },
  "legality_flags": {
    "buffer": "legal",
    "edge": "legal",
    "memory": "legal",
    "memory_channel": "legal",
    "noc": "legal",
    "overall": "legal",
    "route": "legal"
  },
  "memory_attachment": {
    "channel_count_available": 8,
    "channel_count_required": 2,
    "memory_bandwidth_gbps": 256,
    "memory_channel_bandwidth_gbps": 32.0,
    "memory_class": "GDDR6X",
    "noc_bandwidth": 32
  },
  "notes": {
    "chiplet_geometry": {
      "chiplet_count": 4,
      "per_die_exposed_edges": 12,
      "total_exposed_edge_slots": 48,
      "x_step": 4,
      "y_step": 2
    },
    "message": "This canonical design record is exported directly from the Python-native search summary and its derived evaluation terms.",
    "status": "exported_from_search_summary",
    "workload_ref": "workloads/kv_heavy_decode.json",
    "workload_status": "runnable_binding"
  },
  "package_class": "SI",
  "paths": {
    "point_snapshot": "results/raw/20260405_205311_paper_full_bootstrap/paper_full_bootstrap_022/point_snapshot.json",
    "result_log": "results/raw/20260405_205311_paper_full_bootstrap/paper_full_bootstrap_022/result.log",
    "stderr_log": "results/raw/20260405_205311_paper_full_bootstrap/paper_full_bootstrap_022/stderr.log",
    "stdout_log": "results/raw/20260405_205311_paper_full_bootstrap/paper_full_bootstrap_022/stdout.log"
  },
  "per_edge_bandwidth": {
    "edge_capacity": 1405.029135,
    "edge_demand": 10.146308,
    "edge_margin": 1394.882827,
    "per_die_exposed_edges": 12,
    "route_budget": 2561.994825,
    "route_demand": 10.910504,
    "route_margin": 2551.084322,
    "total_exposed_edge_slots": 48
  },
  "phy_count": 192,
  "process_node": "7",
  "proposal_budget": 512,
  "schema_version": "python_native_v1",
  "seed": 11,
  "state_tuple": {
    "a": {
      "core_array": {
        "x": 8,
        "y": 4
      },
      "macs_per_core": 2048,
      "microarch": "polar",
      "ul3_kb": 2048
    },
    "b": {
      "memory_bandwidth_gbps": 256,
      "memory_class": "GDDR6X",
      "noc_bandwidth": 32
    },
    "i": {
      "interface_class": "UCIe",
      "nop_bandwidth": 32
    },
    "k": {
      "chiplet_count": 4,
      "chiplet_partition": {
        "x": 2,
        "y": 2
      }
    },
    "m": {
      "batch_size": 1,
      "search_rounds": 3,
      "workload": "kv_heavy_decode",
      "workload_motif": "kv_heavy_decode",
      "workload_ref": "workloads/kv_heavy_decode.json",
      "workload_trace_ref": null,
      "workload_trace_summary": {}
    },
    "p": {
      "package_class": "SI"
    }
  },
  "surrogate_metrics": {
    "cost": 1864973876347.7153,
    "cost_overall": 554438.6228629111,
    "edp": 1846503303799.806,
    "energy": 50774144.246151894,
    "latency_cycles": 36367
  },
  "time_cap_minutes": 30.0,
  "tops_target": 128,
  "trace_id": "kv_heavy_decode",
  "traffic_matrix": [
    [
      0.0,
      4.63023,
      4.63023,
      0.885848
    ],
    [
      4.63023,
      0.0,
      0.885848,
      4.63023
    ],
    [
      4.63023,
      0.885848,
      0.0,
      4.63023
    ],
    [
      0.885848,
      4.63023,
      4.63023,
      0.0
    ]
  ],
  "workload": "kv_heavy_decode",
  "workload_motif": "kv_heavy_decode",
  "workload_trace": {
    "summary": {},
    "trace_ref": null
  }
}
