{
  "baseline_mode": "Stage-wise",
  "best_state": {
    "batch_cluster": true,
    "interleave": true,
    "mapping_tiling": 4,
    "memory_balance": 0.7,
    "memory_prefetch": 3,
    "noc_balance": 1.1956909706709964,
    "pipeline_depth": 4,
    "placement_skew": 0.011792119149991592,
    "route_slack": 0.9051524233719255,
    "segment_span": 3,
    "spm_level": 3
  },
  "closure_terms": {
    "M1": 711.11999,
    "M2": 84.52794,
    "Si": 1.0,
    "Sp": 1.35
  },
  "cost_breakdown": {
    "cost_chip": 4.59699,
    "cost_package": 2.31132,
    "cost_soc": 1428543.45082,
    "cost_system_package": 1104514.50441
  },
  "derived_terms": {
    "amortized_nre_cost": 1428534.5425187952,
    "assembly_waste_cost": 0.5399910731353673,
    "avg_mapped_utilization": 1.0,
    "avg_partition_utilization": 1.0,
    "boundary_count": 1.0,
    "buffer_area": 4.6431,
    "buffer_average_bytes": 386591.0,
    "buffer_capacity_bytes": 507904.0,
    "buffer_margin": 121313.0,
    "buffer_overflow_core_count": 0.0,
    "buffer_overflow_ratio": 0.0,
    "buffer_peak_bytes": 386591.0,
    "channel_count_available": 4.0,
    "channel_count_required": 1.0,
    "chip_nre": 97206704.82776827,
    "collective_pressure": 0.336,
    "compute_array_area": 9.03168,
    "compute_cycles": 1483521275.0,
    "control_area": 6.0870752714899945,
    "defect_die_cost": 0.0220399465690726,
    "distinct_chip_type_count": 2.0,
    "dram_channel_imbalance": 0.7654262237873171,
    "dram_channel_margin": 29.761412872841444,
    "dram_service_cycles": 45054137.0,
    "edge_margin": 711.1199895302198,
    "endpoint_latency_cycles": 33.0,
    "graph_layer_count": 5.0,
    "interposer_area": 34.137771318880695,
    "io_competition_score": 0.008050956316794668,
    "layout_locality_score": 0.8888888888888888,
    "locality_score": 0.8020442938186079,
    "memory_margin": 84.52793956043955,
    "module_nre": 67820372.35350965,
    "multicast_degree": 2.22,
    "noc_margin": 37.308060151444415,
    "noc_service_cycles": 12704199.0,
    "nop_service_cycles": 66590783.0,
    "overflow_core_count": 0.0,
    "package_area": 136.55108527552278,
    "package_defect_cost": 0.2129501711383873,
    "package_nre": 263533285.57436064,
    "peak_dram_channel_gbps": 2.238587127158557,
    "peak_noc_link_gbps": 0.9540509100274722,
    "peak_nop_link_gbps": 0.8991780317896387,
    "peak_route_link_gbps": 0.9540509100274722,
    "peak_ubuf_bytes": 3511880.0,
    "per_compute_die_area": 5.385105561481023,
    "phy_count": 96.0,
    "raw_die_cost": 4.574948003621491,
    "raw_package_cost": 1.5583744211549586,
    "remote_weight_share": 0.75,
    "route_margin": 870.4883757718017,
    "schedule_tree_height": 2.0,
    "segment_count": 2.0,
    "segment_crossing_count": 1.0,
    "segment_stage_count_avg": 2.5,
    "segment_sync_cycles": 36.0,
    "serialization_ratio": 0.10561641210971567,
    "shortcut_input_count": 1.0,
    "spm_overflow_ratio": 0.0,
    "spm_residency": 0.9750000000000001,
    "total_interchip_bw": 3.8041238226059617
  },
  "design_id": "paper_full_bootstrap_010",
  "die_area_breakdown": {
    "compute_die_area": 21.54042,
    "io_die_area": 6.90772,
    "total_die_area": 28.44814
  },
  "energy_breakdown": {
    "buf": 133363229.91194,
    "bus": 1846794.62339,
    "dram": 6585974217.76896,
    "mac": 230923110.7598,
    "noc": 14538906741.39359,
    "nop": 27291907302.35903,
    "ubuf": 71810969.95258
  },
  "execution_controls": {
    "proposal_budget": 512,
    "time_cap_minutes": 30.0
  },
  "legality_details": {
    "buffer_margin": 121313.0,
    "channel_count_available": 4,
    "channel_count_required": 1,
    "dram_channel_margin": 29.761413,
    "edge_margin": 711.11999,
    "io_competition_score": 0.008051,
    "memory_margin": 84.52794,
    "memory_required_bw_gbps": 5.07206,
    "noc_margin": 37.30806,
    "peak_dram_channel_gbps": 2.238587,
    "peak_noc_link_gbps": 0.954051,
    "peak_nop_link_gbps": 0.899178,
    "peak_route_link_gbps": 0.954051,
    "reasons": [],
    "route_margin": 870.488376,
    "total_interchip_bw": 3.804124
  },
  "legality_flags": {
    "buffer": "legal",
    "edge": "legal",
    "memory": "legal",
    "memory_channel": "legal",
    "noc": "legal",
    "overall": "legal",
    "route": "legal"
  },
  "memory_attachment": {
    "channel_count_available": 4,
    "channel_count_required": 1,
    "memory_bandwidth_gbps": 128,
    "memory_channel_bandwidth_gbps": 32.0,
    "memory_class": "GDDR6X",
    "noc_bandwidth": 32
  },
  "notes": {
    "chiplet_geometry": {
      "chiplet_count": 4,
      "per_die_exposed_edges": 12,
      "total_exposed_edge_slots": 48,
      "x_step": 4,
      "y_step": 2
    },
    "message": "This canonical design record is exported directly from the Python-native search summary and its derived evaluation terms.",
    "status": "exported_from_search_summary",
    "workload_ref": "workloads/long_context_prefill.json",
    "workload_status": "runnable_binding"
  },
  "package_class": "FO",
  "paths": {
    "point_snapshot": "results/raw/20260405_205311_paper_full_bootstrap/paper_full_bootstrap_010/point_snapshot.json",
    "result_log": "results/raw/20260405_205311_paper_full_bootstrap/paper_full_bootstrap_010/result.log",
    "stderr_log": "results/raw/20260405_205311_paper_full_bootstrap/paper_full_bootstrap_010/stderr.log",
    "stdout_log": "results/raw/20260405_205311_paper_full_bootstrap/paper_full_bootstrap_010/stdout.log"
  },
  "per_edge_bandwidth": {
    "edge_capacity": 712.071022,
    "edge_demand": 0.951032,
    "edge_margin": 711.11999,
    "per_die_exposed_edges": 12,
    "route_budget": 871.442427,
    "route_demand": 0.954051,
    "route_margin": 870.488376,
    "total_exposed_edge_slots": 48
  },
  "phy_count": 96,
  "process_node": "7",
  "proposal_budget": 512,
  "schema_version": "python_native_v1",
  "seed": 7,
  "state_tuple": {
    "a": {
      "core_array": {
        "x": 8,
        "y": 4
      },
      "macs_per_core": 2048,
      "microarch": "polar",
      "ul3_kb": 2048
    },
    "b": {
      "memory_bandwidth_gbps": 128,
      "memory_class": "GDDR6X",
      "noc_bandwidth": 32
    },
    "i": {
      "interface_class": "UCIe",
      "nop_bandwidth": 16
    },
    "k": {
      "chiplet_count": 4,
      "chiplet_partition": {
        "x": 2,
        "y": 2
      }
    },
    "m": {
      "batch_size": 1,
      "search_rounds": 3,
      "workload": "long_context_prefill",
      "workload_motif": "long_context_prefill",
      "workload_ref": "workloads/long_context_prefill.json",
      "workload_trace_ref": null,
      "workload_trace_summary": {}
    },
    "p": {
      "package_class": "FO"
    }
  },
  "surrogate_metrics": {
    "cost": 7.451281282951779e+19,
    "cost_overall": 1428543.4508224109,
    "edp": 7.436393622918696e+19,
    "energy": 48854732366.76928,
    "latency_cycles": 1522143969
  },
  "time_cap_minutes": 30.0,
  "tops_target": 128,
  "trace_id": "long_context_prefill",
  "traffic_matrix": [
    [
      0.0,
      0.442417,
      0.442417,
      0.066198
    ],
    [
      0.442417,
      0.0,
      0.066198,
      0.442417
    ],
    [
      0.442417,
      0.066198,
      0.0,
      0.442417
    ],
    [
      0.066198,
      0.442417,
      0.442417,
      0.0
    ]
  ],
  "workload": "long_context_prefill",
  "workload_motif": "long_context_prefill",
  "workload_trace": {
    "summary": {},
    "trace_ref": null
  }
}
