{
  "baseline_mode": "Architecture-first",
  "best_state": {
    "batch_cluster": false,
    "interleave": true,
    "mapping_tiling": 4,
    "memory_balance": 1.211626849719945,
    "memory_prefetch": 2,
    "noc_balance": 1.25,
    "pipeline_depth": 1,
    "placement_skew": -0.13814201630648876,
    "route_slack": 0.7957975891368401,
    "segment_span": 4,
    "spm_level": 3
  },
  "closure_terms": {
    "M1": 2823.341709,
    "M2": 561.431939,
    "Si": 1.0,
    "Sp": 1.65
  },
  "cost_breakdown": {
    "cost_chip": 15.21062,
    "cost_package": 20.06757,
    "cost_soc": 1030681.01771,
    "cost_system_package": 697688.19645
  },
  "derived_terms": {
    "amortized_nre_cost": 1030637.7395113498,
    "assembly_waste_cost": 9.167449014206039,
    "avg_mapped_utilization": 0.9147727272727273,
    "avg_partition_utilization": 1.0,
    "boundary_count": 1.0,
    "buffer_area": 18.5724,
    "buffer_average_bytes": 837722.0,
    "buffer_capacity_bytes": 1015808.0,
    "buffer_margin": 178086.0,
    "buffer_overflow_core_count": 0.0,
    "buffer_overflow_ratio": 0.0,
    "buffer_peak_bytes": 837722.0,
    "channel_count_available": 16.0,
    "channel_count_required": 2.0,
    "chip_nre": 99890883.1904782,
    "collective_pressure": 1.2103693181818183,
    "compute_array_area": 36.12672,
    "compute_cycles": 101470493.0,
    "control_area": 7.975770419567786,
    "defect_die_cost": 0.127388717058166,
    "distinct_chip_type_count": 2.0,
    "dram_channel_imbalance": 2.9697169453267134,
    "dram_channel_margin": 17.381267162812307,
    "dram_service_cycles": 21064196.0,
    "edge_margin": 2823.341709268942,
    "endpoint_latency_cycles": 41.0,
    "graph_layer_count": 11.0,
    "interposer_area": 100.2741073739991,
    "io_competition_score": 0.017857414945490976,
    "layout_locality_score": 0.015624551224976305,
    "locality_score": 0.5022078801403086,
    "memory_margin": 561.4319386783299,
    "module_nre": 199211226.64967823,
    "multicast_degree": 3.2818181818181817,
    "noc_margin": 30.952746189912975,
    "noc_service_cycles": 8684897.0,
    "nop_service_cycles": 25781375.0,
    "overflow_core_count": 0.0,
    "package_area": 401.0964294959964,
    "package_defect_cost": 4.494224087331632,
    "package_nre": 10089212.013248518,
    "peak_dram_channel_gbps": 14.618732837187693,
    "peak_noc_link_gbps": 9.047253810087025,
    "peak_nop_link_gbps": 9.715915269651404,
    "peak_route_link_gbps": 9.715915269651404,
    "peak_ubuf_bytes": 2618170.0,
    "per_compute_die_area": 9.479577175959626,
    "phy_count": 384.0,
    "raw_die_cost": 15.083233863335096,
    "raw_package_cost": 6.405898886251865,
    "remote_weight_share": 0.777946273830156,
    "route_margin": 3733.608500428928,
    "schedule_tree_height": 3.0,
    "segment_count": 2.0,
    "segment_crossing_count": 12.0,
    "segment_stage_count_avg": 2.5,
    "segment_sync_cycles": 206.0,
    "serialization_ratio": 0.3365265530437433,
    "shortcut_input_count": 3.0,
    "spm_overflow_ratio": 0.0,
    "spm_residency": 0.9170917362533482,
    "total_interchip_bw": 51.48020057328228
  },
  "design_id": "paper_full_bootstrap_052",
  "die_area_breakdown": {
    "compute_die_area": 75.83662,
    "io_die_area": 15.32166,
    "total_die_area": 91.15828
  },
  "energy_breakdown": {
    "buf": 36419975.50464,
    "bus": 1429532.08832,
    "dram": 2762659563.56187,
    "mac": 279671611.39301,
    "noc": 4702934569.85908,
    "nop": 8966250657.02455,
    "ubuf": 19610756.04096
  },
  "execution_controls": {
    "proposal_budget": 512,
    "time_cap_minutes": 30.0
  },
  "legality_details": {
    "buffer_margin": 178086.0,
    "channel_count_available": 16,
    "channel_count_required": 2,
    "dram_channel_margin": 17.381267,
    "edge_margin": 2823.341709,
    "io_competition_score": 0.017857,
    "memory_margin": 561.431939,
    "memory_required_bw_gbps": 58.921008,
    "noc_margin": 30.952746,
    "peak_dram_channel_gbps": 14.618733,
    "peak_noc_link_gbps": 9.047254,
    "peak_nop_link_gbps": 9.715915,
    "peak_route_link_gbps": 9.715915,
    "reasons": [],
    "route_margin": 3733.6085,
    "total_interchip_bw": 51.480201
  },
  "legality_flags": {
    "buffer": "legal",
    "edge": "legal",
    "memory": "legal",
    "memory_channel": "legal",
    "noc": "legal",
    "overall": "legal",
    "route": "legal"
  },
  "memory_attachment": {
    "channel_count_available": 16,
    "channel_count_required": 2,
    "memory_bandwidth_gbps": 512,
    "memory_channel_bandwidth_gbps": 32.0,
    "memory_class": "GDDR6X",
    "noc_bandwidth": 32
  },
  "notes": {
    "chiplet_geometry": {
      "chiplet_count": 8,
      "per_die_exposed_edges": 12,
      "total_exposed_edge_slots": 96,
      "x_step": 2,
      "y_step": 4
    },
    "message": "This canonical design record is exported directly from the Python-native search summary and its derived evaluation terms.",
    "status": "exported_from_search_summary",
    "workload_ref": "workloads/mixtral_moe_trace.json",
    "workload_status": "runnable_trace_binding"
  },
  "package_class": "SI",
  "paths": {
    "point_snapshot": "results/raw/20260405_205311_paper_full_bootstrap/paper_full_bootstrap_052/point_snapshot.json",
    "result_log": "results/raw/20260405_205311_paper_full_bootstrap/paper_full_bootstrap_052/result.log",
    "stderr_log": "results/raw/20260405_205311_paper_full_bootstrap/paper_full_bootstrap_052/stderr.log",
    "stdout_log": "results/raw/20260405_205311_paper_full_bootstrap/paper_full_bootstrap_052/stdout.log"
  },
  "per_edge_bandwidth": {
    "edge_capacity": 2830.709724,
    "edge_demand": 7.368015,
    "edge_margin": 2823.341709,
    "per_die_exposed_edges": 12,
    "route_budget": 3743.324416,
    "route_demand": 9.715915,
    "route_margin": 3733.6085,
    "total_exposed_edge_slots": 96
  },
  "phy_count": 384,
  "process_node": "7",
  "proposal_budget": 512,
  "schema_version": "python_native_v1",
  "seed": 51,
  "state_tuple": {
    "a": {
      "core_array": {
        "x": 8,
        "y": 8
      },
      "macs_per_core": 4096,
      "microarch": "polar",
      "ul3_kb": 4096
    },
    "b": {
      "memory_bandwidth_gbps": 512,
      "memory_class": "GDDR6X",
      "noc_bandwidth": 32
    },
    "i": {
      "interface_class": "UCIe",
      "nop_bandwidth": 32
    },
    "k": {
      "chiplet_count": 8,
      "chiplet_partition": {
        "x": 4,
        "y": 2
      }
    },
    "m": {
      "batch_size": 1,
      "search_rounds": 2,
      "workload": "mixtral_moe_trace",
      "workload_motif": "mixtral_moe_trace",
      "workload_ref": "workloads/mixtral_moe_trace.json",
      "workload_trace_ref": "workloads/generated/mixtral_moe_trace.json",
      "workload_trace_summary": {
        "expert_count": 8,
        "load_imbalance_factor": 1.35,
        "locality_probability": 0.34375,
        "token_count": 64,
        "top_k": 2,
        "trace_type": "mixtral_moe_trace"
      }
    },
    "p": {
      "package_class": "SI"
    }
  },
  "surrogate_metrics": {
    "cost": 1.9944969148869128e+18,
    "cost_overall": 1030681.0177059178,
    "edp": 1.9825717458357107e+18,
    "energy": 16768976665.472433,
    "latency_cycles": 118228547
  },
  "time_cap_minutes": 30.0,
  "tops_target": 512,
  "trace_id": "mixtral_moe_trace",