{
  "baseline_mode": "Outer-loop repair",
  "best_state": {
    "batch_cluster": true,
    "interleave": true,
    "mapping_tiling": 1,
    "memory_balance": 0.797279534801133,
    "memory_prefetch": 2,
    "noc_balance": 1.182456759927297,
    "pipeline_depth": 1,
    "placement_skew": 0.12550415682265084,
    "route_slack": 0.965389560437827,
    "segment_span": 4,
    "spm_level": 3
  },
  "closure_terms": {
    "M1": 2823.134741,
    "M2": 349.286113,
    "Si": 1.0,
    "Sp": 1.65
  },
  "cost_breakdown": {
    "cost_chip": 14.05152,
    "cost_package": 18.49998,
    "cost_soc": 979610.2449,
    "cost_system_package": 647460.47176
  },
  "derived_terms": {
    "amortized_nre_cost": 979569.693396855,
    "assembly_waste_cost": 8.468854514685818,
    "avg_mapped_utilization": 0.9147727272727273,
    "avg_partition_utilization": 1.0,
    "boundary_count": 1.0,
    "buffer_area": 18.5724,
    "buffer_average_bytes": 837722.0,
    "buffer_capacity_bytes": 1015808.0,
    "buffer_margin": 178086.0,
    "buffer_overflow_core_count": 0.0,
    "buffer_overflow_ratio": 0.0,
    "buffer_peak_bytes": 837722.0,
    "channel_count_available": 16.0,
    "channel_count_required": 2.0,
    "chip_nre": 99638316.48757231,
    "collective_pressure": 1.2103693181818183,
    "compute_array_area": 31.28832,
    "compute_cycles": 100508687.0,
    "control_area": 7.210604988187181,
    "defect_die_cost": 0.10936119265670685,
    "distinct_chip_type_count": 2.0,
    "dram_channel_imbalance": 2.9697169453267134,
    "dram_channel_margin": 17.381267162812307,
    "dram_service_cycles": 20899582.0,
    "edge_margin": 2823.134741268942,
    "endpoint_latency_cycles": 41.0,
    "graph_layer_count": 11.0,
    "interposer_area": 92.81576178483152,
    "io_competition_score": 0.017857414945490976,
    "layout_locality_score": 0.029899187178677084,
    "locality_score": 0.5553130369488288,
    "memory_margin": 349.28611343989814,
    "module_nre": 184393980.07919863,
    "multicast_degree": 2.861818181818182,
    "noc_margin": 27.702823116444662,
    "noc_service_cycles": 10188123.0,
    "nop_service_cycles": 24359804.0,
    "overflow_core_count": 0.0,
    "package_area": 371.2630471393261,
    "package_defect_cost": 4.1097433289749405,
    "package_nre": 9838611.452285577,
    "peak_dram_channel_gbps": 14.618732837187693,
    "peak_noc_link_gbps": 10.135793201228843,
    "peak_nop_link_gbps": 8.896823140487014,
    "peak_route_link_gbps": 10.135793201228843,
    "peak_ubuf_bytes": 2618170.0,
    "per_compute_die_area": 8.63203790446331,
    "phy_count": 384.0,
    "raw_die_cost": 13.942154066553261,
    "raw_package_cost": 5.921386868150171,
    "remote_weight_share": 0.777946273830156,
    "route_margin": 4533.881431799404,
    "schedule_tree_height": 3.0,
    "segment_count": 2.0,
    "segment_crossing_count": 12.0,
    "segment_stage_count_avg": 2.5,
    "segment_sync_cycles": 206.0,
    "serialization_ratio": 0.32101344453684194,
    "shortcut_input_count": 3.0,
    "spm_overflow_ratio": 0.009540924846383914,
    "spm_residency": 0.9170917362533482,
    "total_interchip_bw": 52.10664420155789
  },
  "design_id": "paper_full_bootstrap_055",
  "die_area_breakdown": {
    "compute_die_area": 69.0563,
    "io_die_area": 15.32166,
    "total_die_area": 84.37797
  },
  "energy_breakdown": {
    "buf": 36419975.50464,
    "bus": 1429532.08832,
    "dram": 2762659563.56187,
    "mac": 364154857.19659,
    "noc": 5060290932.94066,
    "nop": 9047754661.16312,
    "ubuf": 19610756.04096
  },
  "execution_controls": {
    "proposal_budget": 512,
    "time_cap_minutes": 30.0
  },
  "legality_details": {
    "buffer_margin": 178086.0,
    "channel_count_available": 16,
    "channel_count_required": 2,
    "dram_channel_margin": 17.381267,
    "edge_margin": 2823.134741,
    "io_competition_score": 0.017857,
    "memory_margin": 349.286113,
    "memory_required_bw_gbps": 58.921008,
    "noc_margin": 27.702823,
    "peak_dram_channel_gbps": 14.618733,
    "peak_noc_link_gbps": 10.135793,
    "peak_nop_link_gbps": 8.896823,
    "peak_route_link_gbps": 10.135793,
    "reasons": [],
    "route_margin": 4533.881432,
    "total_interchip_bw": 52.106644
  },
  "legality_flags": {
    "buffer": "legal",
    "edge": "legal",
    "memory": "legal",
    "memory_channel": "legal",
    "noc": "legal",
    "overall": "legal",
    "route": "legal"
  },
  "memory_attachment": {
    "channel_count_available": 16,
    "channel_count_required": 2,
    "memory_bandwidth_gbps": 512,
    "memory_channel_bandwidth_gbps": 32.0,
    "memory_class": "GDDR6X",
    "noc_bandwidth": 32
  },
  "notes": {
    "chiplet_geometry": {
      "chiplet_count": 8,
      "per_die_exposed_edges": 12,
      "total_exposed_edge_slots": 96,
      "x_step": 2,
      "y_step": 4
    },
    "message": "This canonical design record is exported directly from the Python-native search summary and its derived evaluation terms.",
    "status": "exported_from_search_summary",
    "workload_ref": "workloads/mixtral_moe_trace.json",
    "workload_status": "runnable_trace_binding"
  },
  "package_class": "SI",
  "paths": {
    "point_snapshot": "results/raw/20260405_205311_paper_full_bootstrap/paper_full_bootstrap_055/point_snapshot.json",
    "result_log": "results/raw/20260405_205311_paper_full_bootstrap/paper_full_bootstrap_055/result.log",
    "stderr_log": "results/raw/20260405_205311_paper_full_bootstrap/paper_full_bootstrap_055/stderr.log",
    "stdout_log": "results/raw/20260405_205311_paper_full_bootstrap/paper_full_bootstrap_055/stdout.log"
  },
  "per_edge_bandwidth": {
    "edge_capacity": 2830.611236,
    "edge_demand": 7.476495,
    "edge_margin": 2823.134741,
    "per_die_exposed_edges": 12,
    "route_budget": 4544.017225,
    "route_demand": 10.135793,
    "route_margin": 4533.881432,
    "total_exposed_edge_slots": 96
  },
  "phy_count": 384,
  "process_node": "7",
  "proposal_budget": 512,
  "schema_version": "python_native_v1",
  "seed": 51,
  "state_tuple": {
    "a": {
      "core_array": {
        "x": 8,
        "y": 8
      },
      "macs_per_core": 4096,
      "microarch": "polar",
      "ul3_kb": 4096
    },
    "b": {
      "memory_bandwidth_gbps": 512,
      "memory_class": "GDDR6X",
      "noc_bandwidth": 32
    },
    "i": {
      "interface_class": "UCIe",
      "nop_bandwidth": 32
    },
    "k": {
      "chiplet_count": 8,
      "chiplet_partition": {
        "x": 4,
        "y": 2
      }
    },
    "m": {
      "batch_size": 1,
      "search_rounds": 2,
      "workload": "mixtral_moe_trace",
      "workload_motif": "mixtral_moe_trace",
      "workload_ref": "workloads/mixtral_moe_trace.json",
      "workload_trace_ref": "workloads/generated/mixtral_moe_trace.json",
      "workload_trace_summary": {
        "expert_count": 8,
        "load_imbalance_factor": 1.35,
        "locality_probability": 0.34375,
        "token_count": 64,
        "top_k": 2,
        "trace_type": "mixtral_moe_trace"
      }
    },
    "p": {
      "package_class": "SI"
    }
  },
  "surrogate_metrics": {
    "cost": 2.035989674240596e+18,
    "cost_overall": 979610.2448968261,
    "edp": 2.0118355763114015e+18,
    "energy": 17292320278.496166,
    "latency_cycles": 116342720
  },
  "time_cap_minutes": 30.0,
  "tops_target": 512,
  "trace_id": "mixtral_moe_trace",