{
  "baseline_mode": "Partition-first",
  "best_state": {
    "batch_cluster": true,
    "interleave": true,
    "mapping_tiling": 1,
    "memory_balance": 1.2060608052726725,
    "memory_prefetch": 1,
    "noc_balance": 1.1889518583879357,
    "pipeline_depth": 1,
    "placement_skew": -0.140483959461563,
    "route_slack": 0.65,
    "segment_span": 3,
    "spm_level": 3
  },
  "closure_terms": {
    "M1": 1902.015115,
    "M2": 613.238653,
    "Si": 1.0,
    "Sp": 1.35
  },
  "cost_breakdown": {
    "cost_chip": 10.08116,
    "cost_package": 5.19915,
    "cost_soc": 2747372.34524,
    "cost_system_package": 2413361.34721
  },
  "derived_terms": {
    "amortized_nre_cost": 2747349.0649274024,
    "assembly_waste_cost": 1.1841963928554982,
    "avg_mapped_utilization": 1.0,
    "avg_partition_utilization": 1.0,
    "boundary_count": 1.0,
    "buffer_area": 9.2862,
    "buffer_average_bytes": 484895.0,
    "buffer_capacity_bytes": 507904.0,
    "buffer_margin": 23009.0,
    "buffer_overflow_core_count": 0.0,
    "buffer_overflow_ratio": 0.0,
    "buffer_peak_bytes": 484895.0,
    "channel_count_available": 16.0,
    "channel_count_required": 1.0,
    "chip_nre": 100197875.06174861,
    "collective_pressure": 0.528,
    "compute_array_area": 31.28832,
    "compute_cycles": 32137358042.0,
    "control_area": 6.944290375676937,
    "defect_die_cost": 0.10987834919061434,
    "distinct_chip_type_count": 2.0,
    "dram_channel_imbalance": 0.7674348414869996,
    "dram_channel_margin": 31.528925619834713,
    "dram_service_cycles": 305244749.0,
    "edge_margin": 1902.015115269408,
    "endpoint_latency_cycles": 34.0,
    "graph_layer_count": 5.0,
    "interposer_area": 75.52777683477687,
    "io_competition_score": 0.012988707132276072,
    "layout_locality_score": 0.8888888888888888,
    "locality_score": 0.7994961953804388,
    "memory_margin": 613.2386525543163,
    "module_nre": 150048516.64509007,
    "multicast_degree": 1.8,
    "noc_margin": 37.380135449066216,
    "noc_service_cycles": 225681384.0,
    "nop_service_cycles": 575626831.0,
    "overflow_core_count": 0.0,
    "package_area": 302.1111073391075,
    "package_defect_cost": 0.5543823124110934,
    "package_nre": 573958327.7713821,
    "peak_dram_channel_gbps": 0.471074380165289,
    "peak_noc_link_gbps": 0.6663240193477249,
    "peak_nop_link_gbps": 0.6585759531558132,
    "peak_route_link_gbps": 0.6663240193477249,
    "peak_ubuf_bytes": 13340979.0,
    "per_compute_die_area": 12.948875827371966,
    "phy_count": 256.0,
    "raw_die_cost": 9.971281913344312,
    "raw_package_cost": 3.4605725797363998,
    "remote_weight_share": 0.75,
    "route_margin": 1669.5009533162524,
    "schedule_tree_height": 2.0,
    "segment_count": 2.0,
    "segment_crossing_count": 1.0,
    "segment_stage_count_avg": 2.5,
    "segment_sync_cycles": 24.0,
    "serialization_ratio": 0.04214459916083041,
    "shortcut_input_count": 1.0,
    "spm_overflow_ratio": 0.054999999999999716,
    "spm_residency": 0.8750000000000002,
    "total_interchip_bw": 3.1983673358021343
  },
  "design_id": "paper_full_bootstrap_037",
  "die_area_breakdown": {
    "compute_die_area": 51.7955,
    "io_die_area": 11.14431,
    "total_die_area": 62.93981
  },
  "energy_breakdown": {
    "buf": 5783979617.40878,
    "bus": 13631102.96289,
    "dram": 230982956561.20316,
    "mac": 2401600351.9019,
    "noc": 635870661775.6116,
    "nop": 957093290547.6093,
    "ubuf": 3114450563.22011
  },
  "execution_controls": {
    "proposal_budget": 512,
    "time_cap_minutes": 30.0
  },
  "legality_details": {
    "buffer_margin": 23009.0,
    "channel_count_available": 16,
    "channel_count_required": 1,
    "dram_channel_margin": 31.528926,
    "edge_margin": 1902.015115,
    "io_competition_score": 0.012989,
    "memory_margin": 613.238653,
    "memory_required_bw_gbps": 4.26448,
    "noc_margin": 37.380135,
    "peak_dram_channel_gbps": 0.471074,
    "peak_noc_link_gbps": 0.666324,
    "peak_nop_link_gbps": 0.658576,
    "peak_route_link_gbps": 0.666324,
    "reasons": [],
    "route_margin": 1669.500953,
    "total_interchip_bw": 3.198367
  },
  "legality_flags": {
    "buffer": "legal",
    "edge": "legal",
    "memory": "legal",
    "memory_channel": "legal",
    "noc": "legal",
    "overall": "legal",
    "route": "legal"
  },
  "memory_attachment": {
    "channel_count_available": 16,
    "channel_count_required": 1,
    "memory_bandwidth_gbps": 512,
    "memory_channel_bandwidth_gbps": 32.0,
    "memory_class": "GDDR6X",
    "noc_bandwidth": 32
  },
  "notes": {
    "chiplet_geometry": {
      "chiplet_count": 4,
      "per_die_exposed_edges": 16,
      "total_exposed_edge_slots": 64,
      "x_step": 4,
      "y_step": 4
    },
    "message": "This canonical design record is exported directly from the Python-native search summary and its derived evaluation terms.",
    "status": "exported_from_search_summary",
    "workload_ref": "workloads/long_context_prefill.json",
    "workload_status": "runnable_binding"
  },
  "package_class": "FO",
  "paths": {
    "point_snapshot": "results/raw/20260405_205311_paper_full_bootstrap/paper_full_bootstrap_037/point_snapshot.json",
    "result_log": "results/raw/20260405_205311_paper_full_bootstrap/paper_full_bootstrap_037/result.log",
    "stderr_log": "results/raw/20260405_205311_paper_full_bootstrap/paper_full_bootstrap_037/stderr.log",
    "stdout_log": "results/raw/20260405_205311_paper_full_bootstrap/paper_full_bootstrap_037/stdout.log"
  },
  "per_edge_bandwidth": {
    "edge_capacity": 1902.814706,
    "edge_demand": 0.799591,
    "edge_margin": 1902.015115,
    "per_die_exposed_edges": 16,
    "route_budget": 1670.167277,
    "route_demand": 0.666324,
    "route_margin": 1669.500953,
    "total_exposed_edge_slots": 64
  },
  "phy_count": 256,
  "process_node": "7",
  "proposal_budget": 512,
  "schema_version": "python_native_v1",
  "seed": 31,
  "state_tuple": {
    "a": {
      "core_array": {
        "x": 8,
        "y": 8
      },
      "macs_per_core": 4096,
      "microarch": "polar",
      "ul3_kb": 4096
    },
    "b": {
      "memory_bandwidth_gbps": 512,
      "memory_class": "GDDR6X",
      "noc_bandwidth": 32
    },
    "i": {
      "interface_class": "UCIe",
      "nop_bandwidth": 32
    },
    "k": {
      "chiplet_count": 4,
      "chiplet_partition": {
        "x": 2,
        "y": 2
      }
    },
    "m": {
      "batch_size": 1,
      "search_rounds": 2,
      "workload": "long_context_prefill",
      "workload_motif": "long_context_prefill",
      "workload_ref": "workloads/long_context_prefill.json",
      "workload_trace_ref": null,
      "workload_trace_summary": {}
    },
    "p": {
      "package_class": "FO"
    }
  },
  "surrogate_metrics": {
    "cost": 6.0219876828711125e+22,
    "cost_overall": 2747372.34523895,
    "edp": 5.974105229457014e+22,
    "energy": 1835260570519.9175,
    "latency_cycles": 32551809402
  },
  "time_cap_minutes": 30.0,
  "tops_target": 512,
  "trace_id": "long_context_prefill",
  "traffic_matrix": [
    [
      0.0,
      0.371887,
      0.371887,
      0.055817
    ],
    [
      0.371887,
      0.0,
      0.055817,
      0.371887
    ],
    [
      0.371887,
      0.055817,
      0.0,
      0.371887
    ],
    [
      0.055817,
      0.371887,
      0.371887,
      0.0
    ]
  ],
  "workload": "long_context_prefill",
  "workload_motif": "long_context_prefill",
  "workload_trace": {
    "summary": {},
    "trace_ref": null
  }
}
