{
  "baseline_mode": "Package-oblivious",
  "best_state": {
    "batch_cluster": true,
    "interleave": false,
    "mapping_tiling": 2,
    "memory_balance": 0.9020560040582939,
    "memory_prefetch": 3,
    "noc_balance": 1.089011682916818,
    "pipeline_depth": 1,
    "placement_skew": -0.17141856600992456,
    "route_slack": 0.9881845616377744,
    "segment_span": 2,
    "spm_level": 3
  },
  "closure_terms": {
    "M1": 674.442154,
    "M2": 112.927138,
    "Si": 1.0,
    "Sp": 1.35
  },
  "cost_breakdown": {
    "cost_chip": 4.0317,
    "cost_package": 2.01734,
    "cost_soc": 1290494.76907,
    "cost_system_package": 967561.64288
  },
  "derived_terms": {
    "amortized_nre_cost": 1290486.7200281997,
    "assembly_waste_cost": 0.47358902918150586,
    "avg_mapped_utilization": 1.0,
    "avg_partition_utilization": 1.0,
    "boundary_count": 2.0,
    "buffer_area": 4.6431,
    "buffer_average_bytes": 386591.0,
    "buffer_capacity_bytes": 507904.0,
    "buffer_margin": 121313.0,
    "buffer_overflow_core_count": 0.0,
    "buffer_overflow_ratio": 0.0,
    "buffer_peak_bytes": 386591.0,
    "channel_count_available": 4.0,
    "channel_count_required": 1.0,
    "chip_nre": 96878128.34513861,
    "collective_pressure": 0.396,
    "compute_array_area": 8.22528,
    "compute_cycles": 1583856047.0,
    "control_area": 4.132851139605955,
    "defect_die_cost": 0.016855808526977323,
    "distinct_chip_type_count": 2.0,
    "dram_channel_imbalance": 0.486247263728943,
    "dram_channel_margin": 31.057708006279434,
    "dram_service_cycles": 20713951.0,
    "edge_margin": 674.4421537651099,
    "endpoint_latency_cycles": 33.0,
    "graph_layer_count": 5.0,
    "interposer_area": 29.806874954376372,
    "io_competition_score": 0.007351655617493969,
    "layout_locality_score": 0.4444444444444444,
    "locality_score": 0.6999948012818923,
    "memory_margin": 112.9271382996814,
    "module_nre": 59216324.909361064,
    "multicast_degree": 1.94,
    "noc_margin": 34.14161177891706,
    "noc_service_cycles": 10573800.0,
    "nop_service_cycles": 44074591.0,
    "overflow_core_count": 0.0,
    "package_area": 119.22749981750549,
    "package_defect_cost": 0.18266239055541225,
    "package_nre": 231051562.75396028,
    "peak_dram_channel_gbps": 0.9422919937205655,
    "peak_noc_link_gbps": 0.7067620744211144,
    "peak_nop_link_gbps": 0.7067730818288853,
    "peak_route_link_gbps": 0.7067730818288853,
    "peak_ubuf_bytes": 3511880.0,
    "per_compute_die_area": 4.632835485542622,
    "phy_count": 96.0,
    "raw_die_cost": 4.014846137671805,
    "raw_package_cost": 1.3610877830939243,
    "remote_weight_share": 0.75,
    "route_margin": 900.2059417686003,
    "schedule_tree_height": 2.0,
    "segment_count": 3.0,
    "segment_crossing_count": 2.0,
    "segment_stage_count_avg": 1.6666666666666667,
    "segment_sync_cycles": 54.0,
    "serialization_ratio": 0.06471487577402756,
    "shortcut_input_count": 2.0,
    "spm_overflow_ratio": 0.0,
    "spm_residency": 0.9750000000000001,
    "total_interchip_bw": 1.9022188971742526
  },
  "design_id": "paper_core_bootstrap_011",
  "die_area_breakdown": {
    "compute_die_area": 18.53134,
    "io_die_area": 6.30772,
    "total_die_area": 24.83906
  },
  "energy_breakdown": {
    "buf": 133363229.91194,
    "bus": 1846794.62339,
    "dram": 6585974217.76896,
    "mac": 272909130.89794,
    "noc": 17137113053.19899,
    "nop": 28623851822.77631,
    "ubuf": 71810969.95258
  },
  "execution_controls": {
    "proposal_budget": 256,
    "time_cap_minutes": 15.0
  },
  "legality_details": {
    "buffer_margin": 121313.0,
    "channel_count_available": 4,
    "channel_count_required": 1,
    "dram_channel_margin": 31.057708,
    "edge_margin": 674.442154,
    "io_competition_score": 0.007352,
    "memory_margin": 112.927138,
    "memory_required_bw_gbps": 2.53603,
    "noc_margin": 34.141612,
    "peak_dram_channel_gbps": 0.942292,
    "peak_noc_link_gbps": 0.706762,
    "peak_nop_link_gbps": 0.706773,
    "peak_route_link_gbps": 0.706773,
    "reasons": [],
    "route_margin": 900.205942,
    "total_interchip_bw": 1.902219
  },
  "legality_flags": {
    "buffer": "legal",
    "edge": "legal",
    "memory": "legal",
    "memory_channel": "legal",
    "noc": "legal",
    "overall": "legal",
    "route": "legal"
  },
  "memory_attachment": {
    "channel_count_available": 4,
    "channel_count_required": 1,
    "memory_bandwidth_gbps": 128,
    "memory_channel_bandwidth_gbps": 32.0,
    "memory_class": "GDDR6X",
    "noc_bandwidth": 32
  },
  "notes": {
    "chiplet_geometry": {
      "chiplet_count": 4,
      "per_die_exposed_edges": 12,
      "total_exposed_edge_slots": 48,
      "x_step": 4,
      "y_step": 2
    },
    "message": "This canonical design record is exported directly from the Python-native search summary and its derived evaluation terms.",
    "status": "exported_from_search_summary",
    "workload_ref": "workloads/long_context_prefill.json",
    "workload_status": "runnable_binding"
  },
  "package_class": "FO",
  "paths": {
    "point_snapshot": "results/raw/20260405_205311_paper_core_bootstrap/paper_core_bootstrap_011/point_snapshot.json",
    "result_log": "results/raw/20260405_205311_paper_core_bootstrap/paper_core_bootstrap_011/result.log",
    "stderr_log": "results/raw/20260405_205311_paper_core_bootstrap/paper_core_bootstrap_011/stderr.log",
    "stdout_log": "results/raw/20260405_205311_paper_core_bootstrap/paper_core_bootstrap_011/stdout.log"
  },
  "per_edge_bandwidth": {
    "edge_capacity": 674.91771,
    "edge_demand": 0.475556,
    "edge_margin": 674.442154,
    "per_die_exposed_edges": 12,
    "route_budget": 900.912715,
    "route_demand": 0.706773,
    "route_margin": 900.205942,
    "total_exposed_edge_slots": 48
  },
  "phy_count": 96,
  "process_node": "7",
  "proposal_budget": 256,
  "schema_version": "python_native_v1",
  "seed": 7,
  "state_tuple": {
    "a": {
      "core_array": {
        "x": 8,
        "y": 4
      },
      "macs_per_core": 2048,
      "microarch": "polar",
      "ul3_kb": 2048
    },
    "b": {
      "memory_bandwidth_gbps": 128,
      "memory_class": "GDDR6X",
      "noc_bandwidth": 32
    },
    "i": {
      "interface_class": "UCIe",
      "nop_bandwidth": 16
    },
    "k": {
      "chiplet_count": 4,
      "chiplet_partition": {
        "x": 2,
        "y": 2
      }
    },
    "m": {
      "batch_size": 1,
      "search_rounds": 3,
      "workload": "long_context_prefill",
      "workload_motif": "long_context_prefill",
      "workload_ref": "workloads/long_context_prefill.json",
      "workload_trace_ref": null,
      "workload_trace_summary": {}
    },
    "p": {
      "package_class": "FO"
    }
  },
  "surrogate_metrics": {
    "cost": 8.54784017969611e+19,
    "cost_overall": 1290494.769069349,
    "edp": 8.513700241726785e+19,
    "energy": 52826869219.13012,
    "latency_cycles": 1611623094
  },
  "time_cap_minutes": 15.0,
  "tops_target": 128,
  "trace_id": "long_context_prefill",
  "traffic_matrix": [
    [
      0.0,
      0.219184,
      0.219184,
      0.037188
    ],
    [
      0.219184,
      0.0,
      0.037188,
      0.219184
    ],
    [
      0.219184,
      0.037188,
      0.0,
      0.219184
    ],
    [
      0.037188,
      0.219184,
      0.219184,
      0.0
    ]
  ],
  "workload": "long_context_prefill",
  "workload_motif": "long_context_prefill",
  "workload_trace": {
    "summary": {},
    "trace_ref": null
  }
}
