{
  "baseline_mode": "Memory-off",
  "best_state": {
    "batch_cluster": true,
    "interleave": true,
    "mapping_tiling": 3,
    "memory_balance": 0.9659816664460915,
    "memory_prefetch": 3,
    "noc_balance": 1.0384479368467596,
    "pipeline_depth": 1,
    "placement_skew": 0.14381896130236455,
    "route_slack": 0.8021888159999975,
    "segment_span": 3,
    "spm_level": 3
  },
  "closure_terms": {
    "M1": 712.679995,
    "M2": 121.109623,
    "Si": 1.0,
    "Sp": 1.35
  },
  "cost_breakdown": {
    "cost_chip": 4.1835,
    "cost_package": 2.09255,
    "cost_soc": 1325326.46265,
    "cost_system_package": 1002166.7201
  },
  "derived_terms": {
    "amortized_nre_cost": 1325318.1866073748,
    "assembly_waste_cost": 0.4914202309244573,
    "avg_mapped_utilization": 1.0,
    "avg_partition_utilization": 1.0,
    "boundary_count": 1.0,
    "buffer_area": 4.6431,
    "buffer_average_bytes": 386591.0,
    "buffer_capacity_bytes": 507904.0,
    "buffer_margin": 121313.0,
    "buffer_overflow_core_count": 0.0,
    "buffer_overflow_ratio": 0.0,
    "buffer_peak_bytes": 386591.0,
    "channel_count_available": 4.0,
    "channel_count_required": 1.0,
    "chip_nre": 96946067.71559845,
    "collective_pressure": 0.336,
    "compute_array_area": 8.62848,
    "compute_cycles": 1626856664.0,
    "control_area": 4.566291376781418,
    "defect_die_cost": 0.018155779449191445,
    "distinct_chip_type_count": 2.0,
    "dram_channel_imbalance": 0.7654262237873171,
    "dram_channel_margin": 30.88070643642072,
    "dram_service_cycles": 24703597.0,
    "edge_margin": 712.6799947651099,
    "endpoint_latency_cycles": 33.0,
    "graph_layer_count": 5.0,
    "interposer_area": 30.90120038460189,
    "io_competition_score": 0.007351655617493969,
    "layout_locality_score": 0.8888888888888888,
    "locality_score": 0.7994301623439909,
    "memory_margin": 121.1096230853195,
    "module_nre": 61390384.764075756,
    "multicast_degree": 2.08,
    "noc_margin": 32.75330852408257,
    "noc_service_cycles": 11174554.0,
    "nop_service_cycles": 36512338.0,
    "overflow_core_count": 0.0,
    "package_area": 123.60480153840756,
    "package_defect_cost": 0.19021972429042916,
    "package_nre": 239259003.5025382,
    "peak_dram_channel_gbps": 1.1192935635792784,
    "peak_noc_link_gbps": 0.4770254550137361,
    "peak_nop_link_gbps": 0.44958901589481937,
    "peak_route_link_gbps": 0.4770254550137361,
    "peak_ubuf_bytes": 3511880.0,
    "per_compute_die_area": 4.860819950172937,
    "phy_count": 96.0,
    "raw_die_cost": 4.1653446382943535,
    "raw_package_cost": 1.410907026393165,
    "remote_weight_share": 0.75,
    "route_margin": 772.3490516679967,
    "schedule_tree_height": 2.0,
    "segment_count": 2.0,
    "segment_crossing_count": 1.0,
    "segment_stage_count_avg": 2.5,
    "segment_sync_cycles": 24.0,
    "serialization_ratio": 0.05280820605485784,
    "shortcut_input_count": 1.0,
    "spm_overflow_ratio": 0.0,
    "spm_residency": 0.9750000000000001,
    "total_interchip_bw": 1.9020619113029809
  },
  "design_id": "paper_core_bootstrap_016",
  "die_area_breakdown": {
    "compute_die_area": 19.44328,
    "io_die_area": 6.30772,
    "total_die_area": 25.751
  },
  "energy_breakdown": {
    "buf": 133363229.91194,
    "bus": 1846794.62339,
    "dram": 7771449576.96737,
    "mac": 250166703.32311,
    "noc": 16740405462.11543,
    "nop": 27291907302.35903,
    "ubuf": 71810969.95258
  },
  "execution_controls": {
    "proposal_budget": 256,
    "time_cap_minutes": 15.0
  },
  "legality_details": {
    "buffer_margin": 121313.0,
    "channel_count_available": 4,
    "channel_count_required": 1,
    "dram_channel_margin": 30.880706,
    "edge_margin": 712.679995,
    "io_competition_score": 0.007352,
    "memory_margin": 121.109623,
    "memory_required_bw_gbps": 2.53603,
    "noc_margin": 32.753309,
    "peak_dram_channel_gbps": 1.119294,
    "peak_noc_link_gbps": 0.477025,
    "peak_nop_link_gbps": 0.449589,
    "peak_route_link_gbps": 0.477025,
    "reasons": [],
    "route_margin": 772.349052,
    "total_interchip_bw": 1.902062
  },
  "legality_flags": {
    "buffer": "legal",
    "edge": "legal",
    "memory": "legal",
    "memory_channel": "legal",
    "noc": "legal",
    "overall": "legal",
    "route": "legal"
  },
  "memory_attachment": {
    "channel_count_available": 4,
    "channel_count_required": 1,
    "memory_bandwidth_gbps": 128,
    "memory_channel_bandwidth_gbps": 32.0,
    "memory_class": "GDDR6X",
    "noc_bandwidth": 32
  },
  "notes": {
    "chiplet_geometry": {
      "chiplet_count": 4,
      "per_die_exposed_edges": 12,
      "total_exposed_edge_slots": 48,
      "x_step": 4,
      "y_step": 2
    },
    "message": "This canonical design record is exported directly from the Python-native search summary and its derived evaluation terms.",
    "status": "exported_from_search_summary",
    "workload_ref": "workloads/long_context_prefill.json",
    "workload_status": "runnable_binding"
  },
  "package_class": "FO",
  "paths": {
    "point_snapshot": "results/raw/20260405_205311_paper_core_bootstrap/paper_core_bootstrap_016/point_snapshot.json",
    "result_log": "results/raw/20260405_205311_paper_core_bootstrap/paper_core_bootstrap_016/result.log",
    "stderr_log": "results/raw/20260405_205311_paper_core_bootstrap/paper_core_bootstrap_016/stderr.log",
    "stdout_log": "results/raw/20260405_205311_paper_core_bootstrap/paper_core_bootstrap_016/stdout.log"
  },
  "per_edge_bandwidth": {
    "edge_capacity": 713.15551,
    "edge_demand": 0.475515,
    "edge_margin": 712.679995,
    "per_die_exposed_edges": 12,
    "route_budget": 772.826077,
    "route_demand": 0.477025,
    "route_margin": 772.349052,
    "total_exposed_edge_slots": 48
  },
  "phy_count": 96,
  "process_node": "7",
  "proposal_budget": 256,
  "schema_version": "python_native_v1",
  "seed": 7,
  "state_tuple": {
    "a": {
      "core_array": {
        "x": 8,
        "y": 4
      },
      "macs_per_core": 2048,
      "microarch": "polar",
      "ul3_kb": 2048
    },
    "b": {
      "memory_bandwidth_gbps": 128,
      "memory_class": "GDDR6X",
      "noc_bandwidth": 32
    },
    "i": {
      "interface_class": "UCIe",
      "nop_bandwidth": 16
    },
    "k": {
      "chiplet_count": 4,
      "chiplet_partition": {
        "x": 2,
        "y": 2
      }
    },
    "m": {
      "batch_size": 1,
      "search_rounds": 3,
      "workload": "long_context_prefill",
      "workload_motif": "long_context_prefill",
      "workload_ref": "workloads/long_context_prefill.json",
      "workload_trace_ref": null,
      "workload_trace_summary": {}
    },
    "p": {
      "package_class": "FO"
    }
  },
  "surrogate_metrics": {
    "cost": 8.733386264603976e+19,
    "cost_overall": 1325326.462654774,
    "edp": 8.612781485463038e+19,
    "energy": 52260950039.25285,
    "latency_cycles": 1648033853
  },
  "time_cap_minutes": 15.0,
  "tops_target": 128,
  "trace_id": "long_context_prefill",
  "traffic_matrix": [
    [
      0.0,
      0.221159,
      0.221159,
      0.033197
    ],
    [
      0.221159,
      0.0,
      0.033197,
      0.221159
    ],
    [
      0.221159,
      0.033197,
      0.0,
      0.221159
    ],
    [
      0.033197,
      0.221159,
      0.221159,
      0.0
    ]
  ],
  "workload": "long_context_prefill",
  "workload_motif": "long_context_prefill",
  "workload_trace": {
    "summary": {},
    "trace_ref": null
  }
}
