{
  "baseline_mode": "Partition-first",
  "best_state": {
    "batch_cluster": false,
    "interleave": true,
    "mapping_tiling": 3,
    "memory_balance": 0.7353276363164895,
    "memory_prefetch": 2,
    "noc_balance": 1.1895574022687707,
    "pipeline_depth": 3,
    "placement_skew": 0.13389968469237082,
    "route_slack": 0.8866218599397672,
    "segment_span": 2,
    "spm_level": 3
  },
  "closure_terms": {
    "M1": 137.300803,
    "M2": 42.897563,
    "Si": 0.82,
    "Sp": 1.0
  },
  "cost_breakdown": {
    "cost_chip": 2.00463,
    "cost_package": 0.60198,
    "cost_soc": 308054.91047,
    "cost_system_package": 69659.5853
  },
  "derived_terms": {
    "amortized_nre_cost": 308051.17885475693,
    "assembly_waste_cost": 0.06136214980779829,
    "avg_mapped_utilization": 0.9409639040129057,
    "avg_partition_utilization": 0.9409639040129057,
    "boundary_count": 2.0,
    "buffer_area": 1.6582360267639162,
    "buffer_average_bytes": 71150.0,
    "buffer_capacity_bytes": 225732.0,
    "buffer_margin": 154582.0,
    "buffer_overflow_core_count": 0.0,
    "buffer_overflow_ratio": 0.0,
    "buffer_peak_bytes": 71150.0,
    "channel_count_available": 3.0,
    "channel_count_required": 1.0,
    "chip_nre": 71517658.66113523,
    "collective_pressure": 0.12,
    "compute_array_area": 6.9336,
    "compute_cycles": 6566.0,
    "control_area": 3.960169905407711,
    "defect_die_cost": 0.009115341050499048,
    "distinct_chip_type_count": 2.0,
    "dram_channel_imbalance": 0.0017735029704133431,
    "dram_channel_margin": 28.64538542533962,
    "dram_service_cycles": 247.0,
    "edge_margin": 137.30080265547568,
    "endpoint_latency_cycles": 35.0,
    "graph_layer_count": 5.0,
    "interposer_area": 0.0,
    "io_competition_score": 0.005310890131777555,
    "layout_locality_score": 0.05555555555555555,
    "locality_score": 0.6111526781567832,
    "memory_margin": 42.897562749646966,
    "module_nre": 20282959.41811423,
    "multicast_degree": 1.28,
    "noc_margin": 15.504775172426175,
    "noc_service_cycles": 388.0,
    "nop_service_cycles": 1685.0,
    "overflow_core_count": 0.0,
    "package_area": 69.94123937280769,
    "package_defect_cost": 0.016056839829360053,
    "package_nre": 614735.5771776346,
    "peak_dram_channel_gbps": 3.354614574660382,
    "peak_noc_link_gbps": 3.528143263874157,
    "peak_nop_link_gbps": 2.50130641967883,
    "peak_route_link_gbps": 3.528143263874157,
    "peak_ubuf_bytes": 71150.0,
    "per_compute_die_area": 6.464283055068389,
    "phy_count": 24.0,
    "raw_die_cost": 1.9955185970780753,
    "raw_package_cost": 0.5245592952960576,
    "remote_weight_share": 0.5,
    "route_margin": 121.9927626706896,
    "schedule_tree_height": 2.0,
    "segment_count": 3.0,
    "segment_crossing_count": 2.0,
    "segment_stage_count_avg": 1.6666666666666667,
    "segment_sync_cycles": 65.0,
    "serialization_ratio": 0.596471094832559,
    "shortcut_input_count": 2.0,
    "spm_overflow_ratio": 0.0,
    "spm_residency": 0.9464578342407743,
    "total_interchip_bw": 5.910532769178602
  },
  "design_id": "paper_core_bootstrap_005",
  "die_area_breakdown": {
    "compute_die_area": 12.92857,
    "io_die_area": 4.55674,
    "total_die_area": 17.48531
  },
  "energy_breakdown": {
    "buf": 6724.6972,
    "bus": 3265.24,
    "dram": 889966.06112,
    "mac": 5385863.03711,
    "noc": 2034024.59724,
    "nop": 5633075.35434,
    "ubuf": 3620.9908
  },
  "execution_controls": {
    "proposal_budget": 256,
    "time_cap_minutes": 15.0
  },
  "legality_details": {
    "buffer_margin": 154582.0,
    "channel_count_available": 3,
    "channel_count_required": 1,
    "dram_channel_margin": 28.645385,
    "edge_margin": 137.300803,
    "io_competition_score": 0.005311,
    "memory_margin": 42.897563,
    "memory_required_bw_gbps": 10.046027,
    "noc_margin": 15.504775,
    "peak_dram_channel_gbps": 3.354615,
    "peak_noc_link_gbps": 3.528143,
    "peak_nop_link_gbps": 2.501306,
    "peak_route_link_gbps": 3.528143,
    "reasons": [],
    "route_margin": 121.992763,
    "total_interchip_bw": 5.910533
  },
  "legality_flags": {
    "buffer": "legal",
    "edge": "legal",
    "memory": "legal",
    "memory_channel": "legal",
    "noc": "legal",
    "overall": "legal",
    "route": "legal"
  },
  "memory_attachment": {
    "channel_count_available": 3,
    "channel_count_required": 1,
    "memory_bandwidth_gbps": 72,
    "memory_channel_bandwidth_gbps": 32.0,
    "memory_class": "GDDR6X",
    "noc_bandwidth": 16
  },
  "notes": {
    "chiplet_geometry": {
      "chiplet_count": 2,
      "per_die_exposed_edges": 6,
      "total_exposed_edge_slots": 12,
      "x_step": 3,
      "y_step": 3
    },
    "message": "This canonical design record is exported directly from the Python-native search summary and its derived evaluation terms.",
    "status": "exported_from_search_summary",
    "workload_ref": "workloads/cnn_inference.json",
    "workload_status": "runnable_binding"
  },
  "package_class": "OS",
  "paths": {
    "point_snapshot": "results/raw/20260405_205311_paper_core_bootstrap/paper_core_bootstrap_005/point_snapshot.json",
    "result_log": "results/raw/20260405_205311_paper_core_bootstrap/paper_core_bootstrap_005/result.log",
    "stderr_log": "results/raw/20260405_205311_paper_core_bootstrap/paper_core_bootstrap_005/stderr.log",
    "stdout_log": "results/raw/20260405_205311_paper_core_bootstrap/paper_core_bootstrap_005/stdout.log"
  },
  "per_edge_bandwidth": {
    "edge_capacity": 140.256069,
    "edge_demand": 2.955266,
    "edge_margin": 137.300803,
    "per_die_exposed_edges": 6,
    "route_budget": 125.520906,
    "route_demand": 3.528143,
    "route_margin": 121.992763,
    "total_exposed_edge_slots": 12
  },
  "phy_count": 24,
  "process_node": "12",
  "proposal_budget": 256,
  "schema_version": "python_native_v1",
  "seed": 1,
  "state_tuple": {
    "a": {
      "core_array": {
        "x": 6,
        "y": 3
      },
      "macs_per_core": 2048,
      "microarch": "polar",
      "ul3_kb": 1024
    },
    "b": {
      "memory_bandwidth_gbps": 72,
      "memory_class": "GDDR6X",
      "noc_bandwidth": 16
    },
    "i": {
      "interface_class": "XSR",
      "nop_bandwidth": 16
    },
    "k": {
      "chiplet_count": 2,
      "chiplet_partition": {
        "x": 2,
        "y": 1
      }
    },
    "m": {
      "batch_size": 1,
      "search_rounds": 4,
      "workload": "cnn_inference",
      "workload_motif": "cnn_inference",
      "workload_ref": "workloads/cnn_inference.json",
      "workload_trace_ref": null,
      "workload_trace_summary": {}
    },
    "p": {
      "package_class": "OS"
    }
  },
  "surrogate_metrics": {
    "cost": 108692471115.00406,
    "cost_overall": 308054.91046698,
    "edp": 107828227868.63692,
    "energy": 13956539.977819948,
    "latency_cycles": 7726
  },
  "time_cap_minutes": 15.0,
  "tops_target": 72,
  "trace_id": "cnn_inference",
  "traffic_matrix": [
    [
      0.0,
      2.955266
    ],
    [
      2.955266,
      0.0
    ]
  ],
  "workload": "cnn_inference",
  "workload_motif": "cnn_inference",
  "workload_trace": {
    "summary": {},
    "trace_ref": null
  }
}
