{
  "baseline_mode": "Memory-off",
  "best_state": {
    "batch_cluster": false,
    "interleave": true,
    "mapping_tiling": 1,
    "memory_balance": 0.9327245236439662,
    "memory_prefetch": 3,
    "noc_balance": 1.183859186097156,
    "pipeline_depth": 3,
    "placement_skew": 0.23470713383801342,
    "route_slack": 1.2286600446325093,
    "segment_span": 3,
    "spm_level": 3
  },
  "closure_terms": {
    "M1": 1395.179863,
    "M2": 184.466304,
    "Si": 1.0,
    "Sp": 1.65
  },
  "cost_breakdown": {
    "cost_chip": 4.51113,
    "cost_package": 3.94486,
    "cost_soc": 552094.05356,
    "cost_system_package": 227668.6461
  },
  "derived_terms": {
    "amortized_nre_cost": 552081.5975727425,
    "assembly_waste_cost": 1.377741770994392,
    "avg_mapped_utilization": 1.0,
    "avg_partition_utilization": 1.0,
    "boundary_count": 1.0,
    "buffer_area": 4.6431,
    "buffer_average_bytes": 132096.0,
    "buffer_capacity_bytes": 507904.0,
    "buffer_margin": 375808.0,
    "buffer_overflow_core_count": 0.0,
    "buffer_overflow_ratio": 0.0,
    "buffer_peak_bytes": 132096.0,
    "channel_count_available": 8.0,
    "channel_count_required": 2.0,
    "chip_nre": 97325068.9016031,
    "collective_pressure": 0.28,
    "compute_array_area": 7.82208,
    "compute_cycles": 33921.0,
    "control_area": 5.020824280302808,
    "defect_die_cost": 0.020546390403650805,
    "distinct_chip_type_count": 2.0,
    "dram_channel_imbalance": 0.7742111982491355,
    "dram_channel_margin": 19.955063418562506,
    "dram_service_cycles": 4444.0,
    "edge_margin": 1395.1798631540166,
    "endpoint_latency_cycles": 33.0,
    "graph_layer_count": 6.0,
    "interposer_area": 30.48083244486026,
    "io_competition_score": 0.010081705141743155,
    "layout_locality_score": 0.03125,
    "locality_score": 0.607769465416674,
    "memory_margin": 184.46630430612697,
    "module_nre": 60555253.790455714,
    "multicast_degree": 1.6666666666666665,
    "noc_margin": 26.61211404772022,
    "noc_service_cycles": 3444.0,
    "nop_service_cycles": 7233.0,
    "overflow_core_count": 0.0,
    "package_area": 121.92332977944103,
    "package_defect_cost": 0.6361796702902198,
    "package_nre": 7744156.579763954,
    "peak_dram_channel_gbps": 12.044936581437494,
    "peak_noc_link_gbps": 11.27137990738877,
    "peak_nop_link_gbps": 11.689797664586273,
    "peak_route_link_gbps": 11.689797664586273,
    "peak_ubuf_bytes": 132096.0,
    "per_compute_die_area": 4.764936166382515,
    "phy_count": 192.0,
    "raw_die_cost": 4.49058255204909,
    "raw_package_cost": 1.9309407575396906,
    "remote_weight_share": 0.75,
    "route_margin": 2869.4523034078975,
    "schedule_tree_height": 3.0,
    "segment_count": 2.0,
    "segment_crossing_count": 1.0,
    "segment_stage_count_avg": 2.5,
    "segment_sync_cycles": 32.0,
    "serialization_ratio": 0.5016968278517,
    "shortcut_input_count": 1.0,
    "spm_overflow_ratio": 0.0,
    "spm_residency": 0.9750000000000001,
    "total_interchip_bw": 41.61448520233537
  },
  "design_id": "paper_core_bootstrap_024",
  "die_area_breakdown": {
    "compute_die_area": 19.05974,
    "io_die_area": 8.6501,
    "total_die_area": 27.70985
  },
  "energy_breakdown": {
    "buf": 20236.58291,
    "bus": 9605.12,
    "dram": 7920846.30159,
    "mac": 16668285.71429,
    "noc": 15303498.55034,
    "nop": 14237657.64833,
    "ubuf": 10896.62157
  },
  "execution_controls": {
    "proposal_budget": 256,
    "time_cap_minutes": 15.0
  },
  "legality_details": {
    "buffer_margin": 375808.0,
    "channel_count_available": 8,
    "channel_count_required": 2,
    "dram_channel_margin": 19.955063,
    "edge_margin": 1395.179863,
    "io_competition_score": 0.010082,
    "memory_margin": 184.466304,
    "memory_required_bw_gbps": 54.311174,
    "noc_margin": 26.612114,
    "peak_dram_channel_gbps": 12.044937,
    "peak_noc_link_gbps": 11.27138,
    "peak_nop_link_gbps": 11.689798,
    "peak_route_link_gbps": 11.689798,
    "reasons": [],
    "route_margin": 2869.452303,
    "total_interchip_bw": 41.614485
  },
  "legality_flags": {
    "buffer": "legal",
    "edge": "legal",
    "memory": "legal",
    "memory_channel": "legal",
    "noc": "legal",
    "overall": "legal",
    "route": "legal"
  },
  "memory_attachment": {
    "channel_count_available": 8,
    "channel_count_required": 2,
    "memory_bandwidth_gbps": 256,
    "memory_channel_bandwidth_gbps": 32.0,
    "memory_class": "GDDR6X",
    "noc_bandwidth": 32
  },
  "notes": {
    "chiplet_geometry": {
      "chiplet_count": 4,
      "per_die_exposed_edges": 12,
      "total_exposed_edge_slots": 48,
      "x_step": 4,
      "y_step": 2
    },
    "message": "This canonical design record is exported directly from the Python-native search summary and its derived evaluation terms.",
    "status": "exported_from_search_summary",
    "workload_ref": "workloads/kv_heavy_decode.json",
    "workload_status": "runnable_binding"
  },
  "package_class": "SI",
  "paths": {
    "point_snapshot": "results/raw/20260405_205311_paper_core_bootstrap/paper_core_bootstrap_024/point_snapshot.json",
    "result_log": "results/raw/20260405_205311_paper_core_bootstrap/paper_core_bootstrap_024/result.log",
    "stderr_log": "results/raw/20260405_205311_paper_core_bootstrap/paper_core_bootstrap_024/stderr.log",
    "stdout_log": "results/raw/20260405_205311_paper_core_bootstrap/paper_core_bootstrap_024/stdout.log"
  },
  "per_edge_bandwidth": {
    "edge_capacity": 1405.583484,
    "edge_demand": 10.403621,
    "edge_margin": 1395.179863,
    "per_die_exposed_edges": 12,
    "route_budget": 2881.142101,
    "route_demand": 11.689798,
    "route_margin": 2869.452303,
    "total_exposed_edge_slots": 48
  },
  "phy_count": 192,
  "process_node": "7",
  "proposal_budget": 256,
  "schema_version": "python_native_v1",
  "seed": 11,
  "state_tuple": {
    "a": {
      "core_array": {
        "x": 8,
        "y": 4
      },
      "macs_per_core": 2048,
      "microarch": "polar",
      "ul3_kb": 2048
    },
    "b": {
      "memory_bandwidth_gbps": 256,
      "memory_class": "GDDR6X",
      "noc_bandwidth": 32
    },
    "i": {
      "interface_class": "UCIe",
      "nop_bandwidth": 32
    },
    "k": {
      "chiplet_count": 4,
      "chiplet_partition": {
        "x": 2,
        "y": 2
      }
    },
    "m": {
      "batch_size": 1,
      "search_rounds": 3,
      "workload": "kv_heavy_decode",
      "workload_motif": "kv_heavy_decode",
      "workload_ref": "workloads/kv_heavy_decode.json",
      "workload_trace_ref": null,
      "workload_trace_summary": {}
    },
    "p": {
      "package_class": "SI"
    }
  },
  "surrogate_metrics": {
    "cost": 2095728396362.6833,
    "cost_overall": 552094.0535638839,
    "edp": 2066787175543.547,
    "energy": 54171026.53902831,
    "latency_cycles": 38153
  },
  "time_cap_minutes": 15.0,
  "tops_target": 128,
  "trace_id": "kv_heavy_decode",
  "traffic_matrix": [
    [
      0.0,
      4.748876,
      4.748876,
      0.905869
    ],
    [
      4.748876,
      0.0,
      0.905869,
      4.748876
    ],
    [
      4.748876,
      0.905869,
      0.0,
      4.748876
    ],
    [
      0.905869,
      4.748876,
      4.748876,
      0.0
    ]
  ],
  "workload": "kv_heavy_decode",
  "workload_motif": "kv_heavy_decode",
  "workload_trace": {
    "summary": {},
    "trace_ref": null
  }
}
