{
  "baseline_mode": "Architecture-first",
  "best_state": {
    "batch_cluster": false,
    "interleave": true,
    "mapping_tiling": 2,
    "memory_balance": 1.083857280227333,
    "memory_prefetch": 1,
    "noc_balance": 1.25,
    "pipeline_depth": 1,
    "placement_skew": 0.15596425831831645,
    "route_slack": 0.6591899544351152,
    "segment_span": 3,
    "spm_level": 3
  },
  "closure_terms": {
    "M1": 138.346596,
    "M2": 69.124427,
    "Si": 0.82,
    "Sp": 1.0
  },
  "cost_breakdown": {
    "cost_chip": 1.77549,
    "cost_package": 0.52955,
    "cost_soc": 298898.57384,
    "cost_system_package": 61351.99753
  },
  "derived_terms": {
    "amortized_nre_cost": 298895.1437976296,
    "assembly_waste_cost": 0.054348150420359204,
    "avg_mapped_utilization": 0.9409639040129057,
    "avg_partition_utilization": 0.9409639040129057,
    "boundary_count": 1.0,
    "buffer_area": 1.6582360267639162,
    "buffer_average_bytes": 71150.0,
    "buffer_capacity_bytes": 225732.0,
    "buffer_margin": 154582.0,
    "buffer_overflow_core_count": 0.0,
    "buffer_overflow_ratio": 0.0,
    "buffer_peak_bytes": 71150.0,
    "channel_count_available": 3.0,
    "channel_count_required": 1.0,
    "chip_nre": 71263102.74706802,
    "collective_pressure": 0.06,
    "compute_array_area": 6.6095999999999995,
    "compute_cycles": 6444.0,
    "control_area": 3.016789277495495,
    "defect_die_cost": 0.007180084320486169,
    "distinct_chip_type_count": 2.0,
    "dram_channel_imbalance": 0.001773502970412455,
    "dram_channel_margin": 29.02363175450372,
    "dram_service_cycles": 213.0,
    "edge_margin": 138.3465956017541,
    "endpoint_latency_cycles": 35.0,
    "graph_layer_count": 5.0,
    "interposer_area": 0.0,
    "io_competition_score": 0.00436652649541392,
    "layout_locality_score": 0.05555555555555555,
    "locality_score": 0.6207157995989895,
    "memory_margin": 69.12442719854548,
    "module_nre": 17828786.80388471,
    "multicast_degree": 1.1400000000000001,
    "noc_margin": 16.88042132128467,
    "noc_service_cycles": 335.0,
    "nop_service_cycles": 1447.0,
    "overflow_core_count": 0.0,
    "package_area": 61.47857518580935,
    "package_defect_cost": 0.014114014043045438,
    "package_nre": 576653.588336142,
    "peak_dram_channel_gbps": 2.976368245496279,
    "peak_noc_link_gbps": 3.119578678715332,
    "peak_nop_link_gbps": 2.207485041511759,
    "peak_route_link_gbps": 3.119578678715332,
    "peak_ubuf_bytes": 71150.0,
    "per_compute_die_area": 5.811582031693597,
    "phy_count": 24.0,
    "raw_die_cost": 1.7683142089600108,
    "raw_package_cost": 0.4610893138935701,
    "remote_weight_share": 0.5,
    "route_margin": 89.58653333666834,
    "schedule_tree_height": 2.0,
    "segment_count": 2.0,
    "segment_crossing_count": 1.0,
    "segment_stage_count_avg": 2.5,
    "segment_sync_cycles": 24.0,
    "serialization_ratio": 0.5283180213229943,
    "shortcut_input_count": 1.0,
    "spm_overflow_ratio": 0.0,
    "spm_residency": 0.8964578342407744,
    "total_interchip_bw": 5.208782135785967
  },
  "design_id": "paper_core_bootstrap_004",
  "die_area_breakdown": {
    "compute_die_area": 11.62316,
    "io_die_area": 3.74648,
    "total_die_area": 15.36964
  },
  "energy_breakdown": {
    "buf": 6724.6972,
    "bus": 3265.24,
    "dram": 932202.91172,
    "mac": 5764900.78944,
    "noc": 2016056.71581,
    "nop": 5860681.24498,
    "ubuf": 3620.9908
  },
  "execution_controls": {
    "proposal_budget": 256,
    "time_cap_minutes": 15.0
  },
  "legality_details": {
    "buffer_margin": 154582.0,
    "channel_count_available": 3,
    "channel_count_required": 1,
    "dram_channel_margin": 29.023632,
    "edge_margin": 138.346596,
    "io_competition_score": 0.004367,
    "memory_margin": 69.124427,
    "memory_required_bw_gbps": 8.913297,
    "noc_margin": 16.880421,
    "peak_dram_channel_gbps": 2.976368,
    "peak_noc_link_gbps": 3.119579,
    "peak_nop_link_gbps": 2.207485,
    "peak_route_link_gbps": 3.119579,
    "reasons": [],
    "route_margin": 89.586533,
    "total_interchip_bw": 5.208782
  },
  "legality_flags": {
    "buffer": "legal",
    "edge": "legal",
    "memory": "legal",
    "memory_channel": "legal",
    "noc": "legal",
    "overall": "legal",
    "route": "legal"
  },
  "memory_attachment": {
    "channel_count_available": 3,
    "channel_count_required": 1,
    "memory_bandwidth_gbps": 72,
    "memory_channel_bandwidth_gbps": 32.0,
    "memory_class": "GDDR6X",
    "noc_bandwidth": 16
  },
  "notes": {
    "chiplet_geometry": {
      "chiplet_count": 2,
      "per_die_exposed_edges": 6,
      "total_exposed_edge_slots": 12,
      "x_step": 3,
      "y_step": 3
    },
    "message": "This canonical design record is exported directly from the Python-native search summary and its derived evaluation terms.",
    "status": "exported_from_search_summary",
    "workload_ref": "workloads/cnn_inference.json",
    "workload_status": "runnable_binding"
  },
  "package_class": "OS",
  "paths": {
    "point_snapshot": "results/raw/20260405_205311_paper_core_bootstrap/paper_core_bootstrap_004/point_snapshot.json",
    "result_log": "results/raw/20260405_205311_paper_core_bootstrap/paper_core_bootstrap_004/result.log",
    "stderr_log": "results/raw/20260405_205311_paper_core_bootstrap/paper_core_bootstrap_004/stderr.log",
    "stdout_log": "results/raw/20260405_205311_paper_core_bootstrap/paper_core_bootstrap_004/stdout.log"
  },
  "per_edge_bandwidth": {
    "edge_capacity": 140.950987,
    "edge_demand": 2.604391,
    "edge_margin": 138.346596,
    "per_die_exposed_edges": 6,
    "route_budget": 92.706112,
    "route_demand": 3.119579,
    "route_margin": 89.586533,
    "total_exposed_edge_slots": 12
  },
  "phy_count": 24,
  "process_node": "12",
  "proposal_budget": 256,
  "schema_version": "python_native_v1",
  "seed": 1,
  "state_tuple": {
    "a": {
      "core_array": {
        "x": 6,
        "y": 3
      },
      "macs_per_core": 2048,
      "microarch": "polar",
      "ul3_kb": 1024
    },
    "b": {
      "memory_bandwidth_gbps": 72,
      "memory_class": "GDDR6X",
      "noc_bandwidth": 16
    },
    "i": {
      "interface_class": "XSR",
      "nop_bandwidth": 16
    },
    "k": {
      "chiplet_count": 2,
      "chiplet_partition": {
        "x": 2,
        "y": 1
      }
    },
    "m": {
      "batch_size": 1,
      "search_rounds": 4,
      "workload": "cnn_inference",
      "workload_motif": "cnn_inference",
      "workload_ref": "workloads/cnn_inference.json",
      "workload_trace_ref": null,
      "workload_trace_summary": {}
    },
    "p": {
      "package_class": "OS"
    }
  },
  "surrogate_metrics": {
    "cost": 110474876370.87929,
    "cost_overall": 298898.5738434012,
    "edp": 109814343097.14992,
    "energy": 14587452.589950839,
    "latency_cycles": 7528
  },
  "time_cap_minutes": 15.0,
  "tops_target": 72,
  "trace_id": "cnn_inference",
  "traffic_matrix": [
    [
      0.0,
      2.604391
    ],
    [
      2.604391,
      0.0
    ]
  ],
  "workload": "cnn_inference",
  "workload_motif": "cnn_inference",
  "workload_trace": {
    "summary": {},
    "trace_ref": null
  }
}
