{
  "baseline_mode": "Stage-wise",
  "best_state": {
    "batch_cluster": true,
    "interleave": true,
    "mapping_tiling": 4,
    "memory_balance": 0.9179279182726455,
    "memory_prefetch": 2,
    "noc_balance": 1.241749870227726,
    "pipeline_depth": 3,
    "placement_skew": -0.022310388539100418,
    "route_slack": 0.9513383586474179,
    "segment_span": 2,
    "spm_level": 3
  },
  "closure_terms": {
    "M1": 136.224066,
    "M2": 54.847037,
    "Si": 0.82,
    "Sp": 1.0
  },
  "cost_breakdown": {
    "cost_chip": 2.06476,
    "cost_package": 0.62103,
    "cost_soc": 310402.57204,
    "cost_system_package": 71845.73246
  },
  "derived_terms": {
    "amortized_nre_cost": 310398.76124800066,
    "assembly_waste_cost": 0.06320269230537846,
    "avg_mapped_utilization": 0.9409639040129057,
    "avg_partition_utilization": 0.9409639040129057,
    "boundary_count": 2.0,
    "buffer_area": 1.6582360267639162,
    "buffer_average_bytes": 71150.0,
    "buffer_capacity_bytes": 225732.0,
    "buffer_margin": 154582.0,
    "buffer_overflow_core_count": 0.0,
    "buffer_overflow_ratio": 0.0,
    "buffer_peak_bytes": 71150.0,
    "channel_count_available": 3.0,
    "channel_count_required": 1.0,
    "chip_nre": 71566094.94608673,
    "collective_pressure": 0.12,
    "compute_array_area": 7.2576,
    "compute_cycles": 6322.0,
    "control_area": 4.17669311656173,
    "defect_die_cost": 0.009735794576294476,
    "distinct_chip_type_count": 2.0,
    "dram_channel_imbalance": 0.001773502970412899,
    "dram_channel_margin": 28.245428627244735,
    "dram_service_cycles": 266.0,
    "edge_margin": 136.22406617590846,
    "endpoint_latency_cycles": 35.0,
    "graph_layer_count": 5.0,
    "interposer_area": 0.0,
    "io_competition_score": 0.005310890131777555,
    "layout_locality_score": 0.05555555555555555,
    "locality_score": 0.6633621462206181,
    "memory_margin": 54.847036862627526,
    "module_nre": 20928776.550801046,
    "multicast_degree": 1.42,
    "noc_margin": 15.405663825198616,
    "noc_service_cycles": 452.0,
    "nop_service_cycles": 1815.0,
    "overflow_core_count": 0.0,
    "package_area": 72.16819500276223,
    "package_defect_cost": 0.016568095708980254,
    "package_nre": 624756.8775124301,
    "peak_dram_channel_gbps": 3.7545713727552665,
    "peak_noc_link_gbps": 4.462334098445003,
    "peak_nop_link_gbps": 2.799682080658214,
    "peak_route_link_gbps": 4.462334098445003,
    "peak_ubuf_bytes": 71150.0,
    "per_compute_die_area": 6.742652508812707,
    "phy_count": 24.0,
    "raw_die_cost": 2.0550266424196426,
    "raw_package_cost": 0.5412614625207168,
    "remote_weight_share": 0.5,
    "route_margin": 130.53531949771823,
    "schedule_tree_height": 2.0,
    "segment_count": 3.0,
    "segment_crossing_count": 2.0,
    "segment_stage_count_avg": 1.6666666666666667,
    "segment_sync_cycles": 65.0,
    "serialization_ratio": 0.6675977061547087,
    "shortcut_input_count": 2.0,
    "spm_overflow_ratio": 0.0,
    "spm_residency": 0.9464578342407743,
    "total_interchip_bw": 6.5947672600721585
  },
  "design_id": "paper_core_bootstrap_002",
  "die_area_breakdown": {
    "compute_die_area": 13.48531,
    "io_die_area": 4.55674,
    "total_die_area": 18.04205
  },
  "energy_breakdown": {
    "buf": 6724.6972,
    "bus": 3265.24,
    "dram": 889966.06112,
    "mac": 4787473.15435,
    "noc": 2008853.98756,
    "nop": 5615658.24205,
    "ubuf": 3620.9908
  },
  "execution_controls": {
    "proposal_budget": 256,
    "time_cap_minutes": 15.0
  },
  "legality_details": {
    "buffer_margin": 154582.0,
    "channel_count_available": 3,
    "channel_count_required": 1,
    "dram_channel_margin": 28.245429,
    "edge_margin": 136.224066,
    "io_competition_score": 0.005311,
    "memory_margin": 54.847037,
    "memory_required_bw_gbps": 11.243773,
    "noc_margin": 15.405664,
    "peak_dram_channel_gbps": 3.754571,
    "peak_noc_link_gbps": 4.462334,
    "peak_nop_link_gbps": 2.799682,
    "peak_route_link_gbps": 4.462334,
    "reasons": [],
    "route_margin": 130.535319,
    "total_interchip_bw": 6.594767
  },
  "legality_flags": {
    "buffer": "legal",
    "edge": "legal",
    "memory": "legal",
    "memory_channel": "legal",
    "noc": "legal",
    "overall": "legal",
    "route": "legal"
  },
  "memory_attachment": {
    "channel_count_available": 3,
    "channel_count_required": 1,
    "memory_bandwidth_gbps": 72,
    "memory_channel_bandwidth_gbps": 32.0,
    "memory_class": "GDDR6X",
    "noc_bandwidth": 16
  },
  "notes": {
    "chiplet_geometry": {
      "chiplet_count": 2,
      "per_die_exposed_edges": 6,
      "total_exposed_edge_slots": 12,
      "x_step": 3,
      "y_step": 3
    },
    "message": "This canonical design record is exported directly from the Python-native search summary and its derived evaluation terms.",
    "status": "exported_from_search_summary",
    "workload_ref": "workloads/cnn_inference.json",
    "workload_status": "runnable_binding"
  },
  "package_class": "OS",
  "paths": {
    "point_snapshot": "results/raw/20260405_205311_paper_core_bootstrap/paper_core_bootstrap_002/point_snapshot.json",
    "result_log": "results/raw/20260405_205311_paper_core_bootstrap/paper_core_bootstrap_002/result.log",
    "stderr_log": "results/raw/20260405_205311_paper_core_bootstrap/paper_core_bootstrap_002/stderr.log",
    "stdout_log": "results/raw/20260405_205311_paper_core_bootstrap/paper_core_bootstrap_002/stdout.log"
  },
  "per_edge_bandwidth": {
    "edge_capacity": 139.52145,
    "edge_demand": 3.297384,
    "edge_margin": 136.224066,
    "per_die_exposed_edges": 6,
    "route_budget": 134.997654,
    "route_demand": 4.462334,
    "route_margin": 130.535319,
    "total_exposed_edge_slots": 12
  },
  "phy_count": 24,
  "process_node": "12",
  "proposal_budget": 256,
  "schema_version": "python_native_v1",
  "seed": 1,
  "state_tuple": {
    "a": {
      "core_array": {
        "x": 6,
        "y": 3
      },
      "macs_per_core": 2048,
      "microarch": "polar",
      "ul3_kb": 1024
    },
    "b": {
      "memory_bandwidth_gbps": 72,
      "memory_class": "GDDR6X",
      "noc_bandwidth": 16
    },
    "i": {
      "interface_class": "XSR",
      "nop_bandwidth": 16
    },
    "k": {
      "chiplet_count": 2,
      "chiplet_partition": {
        "x": 2,
        "y": 1
      }
    },
    "m": {
      "batch_size": 1,
      "search_rounds": 4,
      "workload": "cnn_inference",
      "workload_motif": "cnn_inference",
      "workload_ref": "workloads/cnn_inference.json",
      "workload_trace_ref": null,
      "workload_trace_summary": {}
    },
    "p": {
      "package_class": "OS"
    }
  },
  "surrogate_metrics": {
    "cost": 100947237495.67772,
    "cost_overall": 310402.57204268826,
    "edp": 100745544914.75836,
    "energy": 13315562.373084636,
    "latency_cycles": 7566
  },
  "time_cap_minutes": 15.0,
  "tops_target": 72,
  "trace_id": "cnn_inference",
  "traffic_matrix": [
    [
      0.0,
      3.297384
    ],
    [
      3.297384,
      0.0
    ]
  ],
  "workload": "cnn_inference",
  "workload_motif": "cnn_inference",
  "workload_trace": {
    "summary": {},
    "trace_ref": null
  }
}
