{
  "baseline_mode": "Package-oblivious",
  "best_state": {
    "batch_cluster": true,
    "interleave": true,
    "mapping_tiling": 2,
    "memory_balance": 1.0012894017001865,
    "memory_prefetch": 3,
    "noc_balance": 1.2424156083567177,
    "pipeline_depth": 1,
    "placement_skew": -0.06836337743150883,
    "route_slack": 0.65,
    "segment_span": 4,
    "spm_level": 3
  },
  "closure_terms": {
    "M1": 138.557171,
    "M2": 63.444453,
    "Si": 0.82,
    "Sp": 1.0
  },
  "cost_breakdown": {
    "cost_chip": 1.88403,
    "cost_package": 0.56378,
    "cost_soc": 303351.05656,
    "cost_system_package": 65276.57538
  },
  "derived_terms": {
    "amortized_nre_cost": 303347.4837498782,
    "assembly_waste_cost": 0.05767044601425851,
    "avg_mapped_utilization": 0.9409639040129057,
    "avg_partition_utilization": 0.9409639040129057,
    "boundary_count": 0.0,
    "buffer_area": 1.6582360267639162,
    "buffer_average_bytes": 71150.0,
    "buffer_capacity_bytes": 225732.0,
    "buffer_margin": 154582.0,
    "buffer_overflow_core_count": 0.0,
    "buffer_overflow_ratio": 0.0,
    "buffer_peak_bytes": 71150.0,
    "channel_count_available": 3.0,
    "channel_count_required": 1.0,
    "chip_nre": 71421441.64458714,
    "collective_pressure": 0.0,
    "compute_array_area": 6.6095999999999995,
    "compute_cycles": 6749.0,
    "control_area": 3.1905090132294527,
    "defect_die_cost": 0.007945163872950745,
    "distinct_chip_type_count": 2.0,
    "dram_channel_imbalance": 0.001773502970413121,
    "dram_channel_margin": 29.112092757797136,
    "dram_service_cycles": 214.0,
    "edge_margin": 138.55717059010024,
    "endpoint_latency_cycles": 35.0,
    "graph_layer_count": 5.0,
    "interposer_area": 0.0,
    "io_competition_score": 0.00532285283574026,
    "layout_locality_score": 0.05555555555555555,
    "locality_score": 0.6824502970405484,
    "memory_margin": 63.44445313014968,
    "module_nre": 18988159.624139644,
    "multicast_degree": 1.1400000000000001,
    "noc_margin": 16.865165896760463,
    "noc_service_cycles": 389.0,
    "nop_service_cycles": 1618.0,
    "overflow_core_count": 0.0,
    "package_area": 65.47641249703325,
    "package_defect_cost": 0.015031822105153057,
    "package_nre": 594643.8562366497,
    "peak_dram_channel_gbps": 2.887907242202866,
    "peak_noc_link_gbps": 3.01348383694702,
    "peak_nop_link_gbps": 1.704678026755331,
    "peak_route_link_gbps": 3.01348383694702,
    "peak_ubuf_bytes": 71150.0,
    "per_compute_die_area": 5.901047695596585,
    "phy_count": 24.0,
    "raw_die_cost": 1.8760848720581271,
    "raw_package_cost": 0.49107309372774943,
    "remote_weight_share": 0.5,
    "route_margin": 88.88415856334491,
    "schedule_tree_height": 2.0,
    "segment_count": 1.0,
    "segment_crossing_count": 1.0,
    "segment_stage_count_avg": 5.0,
    "segment_sync_cycles": 16.0,
    "serialization_ratio": 0.47929279242798145,
    "shortcut_input_count": 0.0,
    "spm_overflow_ratio": 0.0,
    "spm_residency": 0.98,
    "total_interchip_bw": 5.112961491406764
  },
  "design_id": "paper_core_bootstrap_003",
  "die_area_breakdown": {
    "compute_die_area": 11.8021,
    "io_die_area": 4.56701,
    "total_die_area": 16.3691
  },
  "energy_breakdown": {
    "buf": 6724.6972,
    "bus": 3265.24,
    "dram": 861631.75224,
    "mac": 6038118.83634,
    "noc": 1953564.47913,
    "nop": 5480233.87206,
    "ubuf": 3620.9908
  },
  "execution_controls": {
    "proposal_budget": 256,
    "time_cap_minutes": 15.0
  },
  "legality_details": {
    "buffer_margin": 154582.0,
    "channel_count_available": 3,
    "channel_count_required": 1,
    "dram_channel_margin": 29.112093,
    "edge_margin": 138.557171,
    "io_competition_score": 0.005323,
    "memory_margin": 63.444453,
    "memory_required_bw_gbps": 8.648384,
    "noc_margin": 16.865166,
    "peak_dram_channel_gbps": 2.887907,
    "peak_noc_link_gbps": 3.013484,
    "peak_nop_link_gbps": 1.704678,
    "peak_route_link_gbps": 3.013484,
    "reasons": [],
    "route_margin": 88.884159,
    "total_interchip_bw": 5.112961
  },
  "legality_flags": {
    "buffer": "legal",
    "edge": "legal",
    "memory": "legal",
    "memory_channel": "legal",
    "noc": "legal",
    "overall": "legal",
    "route": "legal"
  },
  "memory_attachment": {
    "channel_count_available": 3,
    "channel_count_required": 1,
    "memory_bandwidth_gbps": 72,
    "memory_channel_bandwidth_gbps": 32.0,
    "memory_class": "GDDR6X",
    "noc_bandwidth": 16
  },
  "notes": {
    "chiplet_geometry": {
      "chiplet_count": 2,
      "per_die_exposed_edges": 6,
      "total_exposed_edge_slots": 12,
      "x_step": 3,
      "y_step": 3
    },
    "message": "This canonical design record is exported directly from the Python-native search summary and its derived evaluation terms.",
    "status": "exported_from_search_summary",
    "workload_ref": "workloads/cnn_inference.json",
    "workload_status": "runnable_binding"
  },
  "package_class": "OS",
  "paths": {
    "point_snapshot": "results/raw/20260405_205311_paper_core_bootstrap/paper_core_bootstrap_003/point_snapshot.json",
    "result_log": "results/raw/20260405_205311_paper_core_bootstrap/paper_core_bootstrap_003/result.log",
    "stderr_log": "results/raw/20260405_205311_paper_core_bootstrap/paper_core_bootstrap_003/stderr.log",
    "stdout_log": "results/raw/20260405_205311_paper_core_bootstrap/paper_core_bootstrap_003/stdout.log"
  },
  "per_edge_bandwidth": {
    "edge_capacity": 141.113652,
    "edge_demand": 2.556481,
    "edge_margin": 138.557171,
    "per_die_exposed_edges": 6,
    "route_budget": 91.897642,
    "route_demand": 3.013484,
    "route_margin": 88.884159,
    "total_exposed_edge_slots": 12
  },
  "phy_count": 24,
  "process_node": "12",
  "proposal_budget": 256,
  "schema_version": "python_native_v1",
  "seed": 1,
  "state_tuple": {
    "a": {
      "core_array": {
        "x": 6,
        "y": 3
      },
      "macs_per_core": 2048,
      "microarch": "polar",
      "ul3_kb": 1024
    },
    "b": {
      "memory_bandwidth_gbps": 72,
      "memory_class": "GDDR6X",
      "noc_bandwidth": 16
    },
    "i": {
      "interface_class": "XSR",
      "nop_bandwidth": 16
    },
    "k": {
      "chiplet_count": 2,
      "chiplet_partition": {
        "x": 2,
        "y": 1
      }
    },
    "m": {
      "batch_size": 1,
      "search_rounds": 4,
      "workload": "cnn_inference",
      "workload_motif": "cnn_inference",
      "workload_ref": "workloads/cnn_inference.json",
      "workload_trace_ref": null,
      "workload_trace_summary": {}
    },
    "p": {
      "package_class": "OS"
    }
  },
  "surrogate_metrics": {
    "cost": 111161008000.64702,
    "cost_overall": 303351.0565552759,
    "edp": 110717032699.52193,
    "energy": 14347159.867762333,
    "latency_cycles": 7717
  },
  "time_cap_minutes": 15.0,
  "tops_target": 72,
  "trace_id": "cnn_inference",
  "traffic_matrix": [
    [
      0.0,
      2.556481
    ],
    [
      2.556481,
      0.0
    ]
  ],
  "workload": "cnn_inference",
  "workload_motif": "cnn_inference",
  "workload_trace": {
    "summary": {},
    "trace_ref": null
  }
}
