{
  "baseline_mode": "Architecture-first",
  "best_state": {
    "batch_cluster": false,
    "interleave": true,
    "mapping_tiling": 3,
    "memory_balance": 0.7348406954310598,
    "memory_prefetch": 3,
    "noc_balance": 1.0179807486224495,
    "pipeline_depth": 1,
    "placement_skew": 0.12522729802339275,
    "route_slack": 0.7603041451050123,
    "segment_span": 3,
    "spm_level": 3
  },
  "closure_terms": {
    "M1": 712.760059,
    "M2": 91.523579,
    "Si": 1.0,
    "Sp": 1.35
  },
  "cost_breakdown": {
    "cost_chip": 4.18148,
    "cost_package": 2.09154,
    "cost_soc": 1324862.04862,
    "cost_system_package": 1001705.32756
  },
  "derived_terms": {
    "amortized_nre_cost": 1324853.7755957749,
    "assembly_waste_cost": 0.4911825767500951,
    "avg_mapped_utilization": 1.0,
    "avg_partition_utilization": 1.0,
    "boundary_count": 1.0,
    "buffer_area": 4.6431,
    "buffer_average_bytes": 386591.0,
    "buffer_capacity_bytes": 507904.0,
    "buffer_margin": 121313.0,
    "buffer_overflow_core_count": 0.0,
    "buffer_overflow_ratio": 0.0,
    "buffer_peak_bytes": 386591.0,
    "channel_count_available": 4.0,
    "channel_count_required": 1.0,
    "chip_nre": 96945161.87398851,
    "collective_pressure": 0.336,
    "compute_array_area": 8.62848,
    "compute_cycles": 1512188353.0,
    "control_area": 4.555136378814035,
    "defect_die_cost": 0.018138055636839012,
    "distinct_chip_type_count": 2.0,
    "dram_channel_imbalance": 0.7654262237873171,
    "dram_channel_margin": 30.88070643642072,
    "dram_service_cycles": 22962374.0,
    "edge_margin": 712.7600587651099,
    "endpoint_latency_cycles": 33.0,
    "graph_layer_count": 5.0,
    "interposer_area": 30.88660964726055,
    "io_competition_score": 0.007351655617493969,
    "layout_locality_score": 0.0,
    "locality_score": 0.5720204994991367,
    "memory_margin": 91.52357879539544,
    "module_nre": 61361397.832557626,
    "multicast_degree": 2.08,
    "noc_margin": 32.10204447814169,
    "noc_service_cycles": 10386920.0,
    "nop_service_cycles": 33504802.0,
    "overflow_core_count": 0.0,
    "package_area": 123.5464385890422,
    "package_defect_cost": 0.19011853643509682,
    "package_nre": 239149572.97218633,
    "peak_dram_channel_gbps": 1.1192935635792784,
    "peak_noc_link_gbps": 0.47333947777668745,
    "peak_nop_link_gbps": 0.43500331730769215,
    "peak_route_link_gbps": 0.47333947777668745,
    "peak_ubuf_bytes": 3511880.0,
    "per_compute_die_area": 4.857780213226825,
    "phy_count": 96.0,
    "raw_die_cost": 4.163339192780013,
    "raw_package_cost": 1.4102426456446033,
    "remote_weight_share": 0.75,
    "route_margin": 731.9774324575376,
    "schedule_tree_height": 2.0,
    "segment_count": 2.0,
    "segment_crossing_count": 1.0,
    "segment_stage_count_avg": 2.5,
    "segment_sync_cycles": 24.0,
    "serialization_ratio": 0.05213294223137973,
    "shortcut_input_count": 1.0,
    "spm_overflow_ratio": 0.0,
    "spm_residency": 0.9750000000000001,
    "total_interchip_bw": 1.7845933398744096
  },
  "design_id": "paper_core_bootstrap_012",
  "die_area_breakdown": {
    "compute_die_area": 19.43112,
    "io_die_area": 6.30772,
    "total_die_area": 25.73884
  },
  "energy_breakdown": {
    "buf": 133363229.91194,
    "bus": 1846794.62339,
    "dram": 6585974217.76896,
    "mac": 250166703.32311,
    "noc": 17079318978.17188,
    "nop": 27297289293.66539,
    "ubuf": 71810969.95258
  },
  "execution_controls": {
    "proposal_budget": 256,
    "time_cap_minutes": 15.0
  },
  "legality_details": {
    "buffer_margin": 121313.0,
    "channel_count_available": 4,
    "channel_count_required": 1,
    "dram_channel_margin": 30.880706,
    "edge_margin": 712.760059,
    "io_competition_score": 0.007352,
    "memory_margin": 91.523579,
    "memory_required_bw_gbps": 2.53603,
    "noc_margin": 32.102044,
    "peak_dram_channel_gbps": 1.119294,
    "peak_noc_link_gbps": 0.473339,
    "peak_nop_link_gbps": 0.435003,
    "peak_route_link_gbps": 0.473339,
    "reasons": [],
    "route_margin": 731.977432,
    "total_interchip_bw": 1.784593
  },
  "legality_flags": {
    "buffer": "legal",
    "edge": "legal",
    "memory": "legal",
    "memory_channel": "legal",
    "noc": "legal",
    "overall": "legal",
    "route": "legal"
  },
  "memory_attachment": {
    "channel_count_available": 4,
    "channel_count_required": 1,
    "memory_bandwidth_gbps": 128,
    "memory_channel_bandwidth_gbps": 32.0,
    "memory_class": "GDDR6X",
    "noc_bandwidth": 32
  },
  "notes": {
    "chiplet_geometry": {
      "chiplet_count": 4,
      "per_die_exposed_edges": 12,
      "total_exposed_edge_slots": 48,
      "x_step": 4,
      "y_step": 2
    },
    "message": "This canonical design record is exported directly from the Python-native search summary and its derived evaluation terms.",
    "status": "exported_from_search_summary",
    "workload_ref": "workloads/long_context_prefill.json",
    "workload_status": "runnable_binding"
  },
  "package_class": "FO",
  "paths": {
    "point_snapshot": "results/raw/20260405_205311_paper_core_bootstrap/paper_core_bootstrap_012/point_snapshot.json",
    "result_log": "results/raw/20260405_205311_paper_core_bootstrap/paper_core_bootstrap_012/result.log",
    "stderr_log": "results/raw/20260405_205311_paper_core_bootstrap/paper_core_bootstrap_012/stderr.log",
    "stdout_log": "results/raw/20260405_205311_paper_core_bootstrap/paper_core_bootstrap_012/stdout.log"
  },
  "per_edge_bandwidth": {
    "edge_capacity": 713.206207,
    "edge_demand": 0.446148,
    "edge_margin": 712.760059,
    "per_die_exposed_edges": 12,
    "route_budget": 732.450772,
    "route_demand": 0.473339,
    "route_margin": 731.977432,
    "total_exposed_edge_slots": 48
  },
  "phy_count": 96,
  "process_node": "7",
  "proposal_budget": 256,
  "schema_version": "python_native_v1",
  "seed": 7,
  "state_tuple": {
    "a": {
      "core_array": {
        "x": 8,
        "y": 4
      },
      "macs_per_core": 2048,
      "microarch": "polar",
      "ul3_kb": 2048
    },
    "b": {
      "memory_bandwidth_gbps": 128,
      "memory_class": "GDDR6X",
      "noc_bandwidth": 32
    },
    "i": {
      "interface_class": "UCIe",
      "nop_bandwidth": 16
    },
    "k": {
      "chiplet_count": 4,
      "chiplet_partition": {
        "x": 2,
        "y": 2
      }
    },
    "m": {
      "batch_size": 1,
      "search_rounds": 3,
      "workload": "long_context_prefill",
      "workload_motif": "long_context_prefill",
      "workload_ref": "workloads/long_context_prefill.json",
      "workload_trace_ref": null,
      "workload_trace_summary": {}
    },
    "p": {
      "package_class": "FO"
    }
  },
  "surrogate_metrics": {
    "cost": 7.922932361289435e+19,
    "cost_overall": 1324862.0486167823,
    "edp": 7.875560862700292e+19,
    "energy": 51419770187.41726,
    "latency_cycles": 1531621171
  },
  "time_cap_minutes": 15.0,
  "tops_target": 128,
  "trace_id": "long_context_prefill",
  "traffic_matrix": [
    [
      0.0,
      0.202809,
      0.202809,
      0.04053
    ],
    [
      0.202809,
      0.0,
      0.04053,
      0.202809
    ],
    [
      0.202809,
      0.04053,
      0.0,
      0.202809
    ],
    [
      0.04053,
      0.202809,
      0.202809,
      0.0
    ]
  ],
  "workload": "long_context_prefill",
  "workload_motif": "long_context_prefill",
  "workload_trace": {
    "summary": {},
    "trace_ref": null
  }
}
