{
  "baseline_mode": "Architecture-first",
  "best_state": {
    "batch_cluster": true,
    "interleave": true,
    "mapping_tiling": 3,
    "memory_balance": 0.9424996475305694,
    "memory_prefetch": 2,
    "noc_balance": 1.1365955297670516,
    "pipeline_depth": 4,
    "placement_skew": 0.048693064814447906,
    "route_slack": 0.65,
    "segment_span": 3,
    "spm_level": 3
  },
  "closure_terms": {
    "M1": 1383.760429,
    "M2": 168.332286,
    "Si": 1.0,
    "Sp": 1.65
  },
  "cost_breakdown": {
    "cost_chip": 4.77714,
    "cost_package": 4.16059,
    "cost_soc": 562910.6717,
    "cost_system_package": 238251.05831
  },
  "derived_terms": {
    "amortized_nre_cost": 562897.7339679911,
    "assembly_waste_cost": 1.4589846683994225,
    "avg_mapped_utilization": 1.0,
    "avg_partition_utilization": 1.0,
    "boundary_count": 1.0,
    "buffer_area": 4.6431,
    "buffer_average_bytes": 132096.0,
    "buffer_capacity_bytes": 507904.0,
    "buffer_margin": 375808.0,
    "buffer_overflow_core_count": 0.0,
    "buffer_overflow_ratio": 0.0,
    "buffer_peak_bytes": 132096.0,
    "channel_count_available": 8.0,
    "channel_count_required": 3.0,
    "chip_nre": 97395250.87211807,
    "collective_pressure": 0.28,
    "compute_array_area": 8.62848,
    "compute_cycles": 31530.0,
    "control_area": 5.859215838888669,
    "defect_die_cost": 0.022709608577707874,
    "distinct_chip_type_count": 2.0,
    "dram_channel_imbalance": 0.7742111982491393,
    "dram_channel_margin": 15.821938602852306,
    "dram_service_cycles": 5548.0,
    "edge_margin": 1383.760429492144,
    "endpoint_latency_cycles": 33.0,
    "graph_layer_count": 6.0,
    "interposer_area": 32.05223832360471,
    "io_competition_score": 0.009657145701183716,
    "layout_locality_score": 0.03125,
    "locality_score": 0.6614525439833406,
    "memory_margin": 168.33228588578584,
    "module_nre": 63677113.46956136,
    "multicast_degree": 1.9466666666666665,
    "noc_margin": 20.424400083639036,
    "noc_service_cycles": 4717.0,
    "nop_service_cycles": 8823.0,
    "overflow_core_count": 0.0,
    "package_area": 128.20895329441885,
    "package_defect_cost": 0.6714154056833326,
    "package_nre": 7796955.848717885,
    "peak_dram_channel_gbps": 16.178061397147694,
    "peak_noc_link_gbps": 15.946656868906617,
    "peak_nop_link_gbps": 14.885712867617439,
    "peak_route_link_gbps": 15.946656868906617,
    "peak_ubuf_bytes": 132096.0,
    "per_compute_die_area": 5.213141866097163,
    "phy_count": 192.0,
    "raw_die_cost": 4.754432307836061,
    "raw_package_cost": 2.030185181689466,
    "remote_weight_share": 0.75,
    "route_margin": 1497.2808596245266,
    "schedule_tree_height": 3.0,
    "segment_count": 2.0,
    "segment_crossing_count": 1.0,
    "segment_stage_count_avg": 2.5,
    "segment_sync_cycles": 36.0,
    "serialization_ratio": 0.6584079616566916,
    "shortcut_input_count": 1.0,
    "spm_overflow_ratio": 0.0,
    "spm_residency": 0.925,
    "total_interchip_bw": 55.71189635001199
  },
  "design_id": "paper_core_bootstrap_020",
  "die_area_breakdown": {
    "compute_die_area": 20.85257,
    "io_die_area": 8.28583,
    "total_die_area": 29.1384
  },
  "energy_breakdown": {
    "buf": 20236.58291,
    "bus": 9605.12,
    "dram": 7040024.61696,
    "mac": 12911190.47619,
    "noc": 16787645.77769,
    "nop": 14862562.02056,
    "ubuf": 10896.62157
  },
  "execution_controls": {
    "proposal_budget": 256,
    "time_cap_minutes": 15.0
  },
  "legality_details": {
    "buffer_margin": 375808.0,
    "channel_count_available": 8,
    "channel_count_required": 3,
    "dram_channel_margin": 15.821939,
    "edge_margin": 1383.760429,
    "io_competition_score": 0.009657,
    "memory_margin": 168.332286,
    "memory_required_bw_gbps": 72.947624,
    "noc_margin": 20.4244,
    "peak_dram_channel_gbps": 16.178061,
    "peak_noc_link_gbps": 15.946657,
    "peak_nop_link_gbps": 14.885713,
    "peak_route_link_gbps": 15.946657,
    "reasons": [],
    "route_margin": 1497.28086,
    "total_interchip_bw": 55.711896
  },
  "legality_flags": {
    "buffer": "legal",
    "edge": "legal",
    "memory": "legal",
    "memory_channel": "legal",
    "noc": "legal",
    "overall": "legal",
    "route": "legal"
  },
  "memory_attachment": {
    "channel_count_available": 8,
    "channel_count_required": 3,
    "memory_bandwidth_gbps": 256,
    "memory_channel_bandwidth_gbps": 32.0,
    "memory_class": "GDDR6X",
    "noc_bandwidth": 32
  },
  "notes": {
    "chiplet_geometry": {
      "chiplet_count": 4,
      "per_die_exposed_edges": 12,
      "total_exposed_edge_slots": 48,
      "x_step": 4,
      "y_step": 2
    },
    "message": "This canonical design record is exported directly from the Python-native search summary and its derived evaluation terms.",
    "status": "exported_from_search_summary",
    "workload_ref": "workloads/kv_heavy_decode.json",
    "workload_status": "runnable_binding"
  },
  "package_class": "SI",
  "paths": {
    "point_snapshot": "results/raw/20260405_205311_paper_core_bootstrap/paper_core_bootstrap_020/point_snapshot.json",
    "result_log": "results/raw/20260405_205311_paper_core_bootstrap/paper_core_bootstrap_020/result.log",
    "stderr_log": "results/raw/20260405_205311_paper_core_bootstrap/paper_core_bootstrap_020/stderr.log",
    "stdout_log": "results/raw/20260405_205311_paper_core_bootstrap/paper_core_bootstrap_020/stdout.log"
  },
  "per_edge_bandwidth": {
    "edge_capacity": 1397.688403,
    "edge_demand": 13.927974,
    "edge_margin": 1383.760429,
    "per_die_exposed_edges": 12,
    "route_budget": 1513.227516,
    "route_demand": 15.946657,
    "route_margin": 1497.28086,
    "total_exposed_edge_slots": 48
  },
  "phy_count": 192,
  "process_node": "7",
  "proposal_budget": 256,
  "schema_version": "python_native_v1",
  "seed": 11,
  "state_tuple": {
    "a": {
      "core_array": {
        "x": 8,
        "y": 4
      },
      "macs_per_core": 2048,
      "microarch": "polar",
      "ul3_kb": 2048
    },
    "b": {
      "memory_bandwidth_gbps": 256,
      "memory_class": "GDDR6X",
      "noc_bandwidth": 32
    },
    "i": {
      "interface_class": "UCIe",
      "nop_bandwidth": 32
    },
    "k": {
      "chiplet_count": 4,
      "chiplet_partition": {
        "x": 2,
        "y": 2
      }
    },
    "m": {
      "batch_size": 1,
      "search_rounds": 3,
      "workload": "kv_heavy_decode",
      "workload_motif": "kv_heavy_decode",
      "workload_ref": "workloads/kv_heavy_decode.json",
      "workload_trace_ref": null,
      "workload_trace_summary": {}
    },
    "p": {
      "package_class": "SI"
    }
  },
  "surrogate_metrics": {
    "cost": 1938306597921.0332,
    "cost_overall": 562910.6716951632,
    "edp": 1926717392803.321,
    "energy": 51642161.21588145,
    "latency_cycles": 37309
  },
  "time_cap_minutes": 15.0,
  "tops_target": 128,
  "trace_id": "kv_heavy_decode",
  "traffic_matrix": [
    [
      0.0,
      6.394569,
      6.394569,
      1.138836
    ],
    [
      6.394569,
      0.0,
      1.138836,
      6.394569
    ],
    [
      6.394569,
      1.138836,
      0.0,
      6.394569
    ],
    [
      1.138836,
      6.394569,
      6.394569,
      0.0
    ]
  ],
  "workload": "kv_heavy_decode",
  "workload_motif": "kv_heavy_decode",
  "workload_trace": {
    "summary": {},
    "trace_ref": null
  }
}
