{
  "baseline_mode": "Stage-wise",
  "best_state": {
    "batch_cluster": true,
    "interleave": true,
    "mapping_tiling": 3,
    "memory_balance": 0.9780690797927084,
    "memory_prefetch": 3,
    "noc_balance": 1.1580235850853549,
    "pipeline_depth": 1,
    "placement_skew": 0.183625701967834,
    "route_slack": 0.7548711408826857,
    "segment_span": 3,
    "spm_level": 2
  },
  "closure_terms": {
    "M1": 1385.161479,
    "M2": 182.919313,
    "Si": 1.0,
    "Sp": 1.65
  },
  "cost_breakdown": {
    "cost_chip": 4.48883,
    "cost_package": 3.913,
    "cost_soc": 549921.13211,
    "cost_system_package": 225694.59063
  },
  "derived_terms": {
    "amortized_nre_cost": 549908.7302786867,
    "assembly_waste_cost": 1.3709320777001066,
    "avg_mapped_utilization": 1.0,
    "avg_partition_utilization": 1.0,
    "boundary_count": 1.0,
    "buffer_area": 4.3898399999999995,
    "buffer_average_bytes": 132096.0,
    "buffer_capacity_bytes": 507904.0,
    "buffer_margin": 375808.0,
    "buffer_overflow_core_count": 0.0,
    "buffer_overflow_ratio": 0.0,
    "buffer_peak_bytes": 132096.0,
    "channel_count_available": 8.0,
    "channel_count_required": 3.0,
    "chip_nre": 97265415.79469809,
    "collective_pressure": 0.28,
    "compute_array_area": 8.62848,
    "compute_cycles": 30932.0,
    "control_area": 4.5901754211807,
    "defect_die_cost": 0.020171879285771244,
    "distinct_chip_type_count": 2.0,
    "dram_channel_imbalance": 0.7742111982491293,
    "dram_channel_margin": 17.03755095304893,
    "dram_service_cycles": 5034.0,
    "edge_margin": 1385.1614786809967,
    "endpoint_latency_cycles": 33.0,
    "graph_layer_count": 6.0,
    "interposer_area": 30.187699322772854,
    "io_competition_score": 0.00961550467554269,
    "layout_locality_score": 0.03125,
    "locality_score": 0.6587808777677036,
    "memory_margin": 182.91931261407734,
    "module_nre": 59972895.987908736,
    "multicast_degree": 1.9466666666666665,
    "noc_margin": 23.561114488388593,
    "noc_service_cycles": 3844.0,
    "nop_service_cycles": 7999.0,
    "overflow_core_count": 0.0,
    "package_area": 120.75079729109142,
    "package_defect_cost": 0.6296369184290345,
    "package_nre": 7734307.300999154,
    "peak_dram_channel_gbps": 14.962449046951068,
    "peak_noc_link_gbps": 13.495640234342762,
    "peak_nop_link_gbps": 13.739836620183178,
    "peak_route_link_gbps": 13.739836620183178,
    "peak_ubuf_bytes": 132096.0,
    "per_compute_die_area": 4.798315002271741,
    "phy_count": 192.0,
    "raw_die_cost": 4.468660138477734,
    "raw_package_cost": 1.9124351687406673,
    "remote_weight_share": 0.75,
    "route_margin": 1747.1008171521764,
    "schedule_tree_height": 3.0,
    "segment_count": 2.0,
    "segment_crossing_count": 1.0,
    "segment_stage_count_avg": 2.5,
    "segment_sync_cycles": 24.0,
    "serialization_ratio": 0.6084171011209555,
    "shortcut_input_count": 1.0,
    "spm_overflow_ratio": 0.0,
    "spm_residency": 0.835,
    "total_interchip_bw": 54.60418582391284
  },
  "design_id": "paper_core_bootstrap_018",
  "die_area_breakdown": {
    "compute_die_area": 19.19326,
    "io_die_area": 8.2501,
    "total_die_area": 27.44336
  },
  "energy_breakdown": {
    "buf": 20236.58291,
    "bus": 9605.12,
    "dram": 7629422.02675,
    "mac": 13299750.0,
    "noc": 19232009.99451,
    "nop": 17631434.16545,
    "ubuf": 10896.62157
  },
  "execution_controls": {
    "proposal_budget": 256,
    "time_cap_minutes": 15.0
  },
  "legality_details": {
    "buffer_margin": 375808.0,
    "channel_count_available": 8,
    "channel_count_required": 3,
    "dram_channel_margin": 17.037551,
    "edge_margin": 1385.161479,
    "io_competition_score": 0.009616,
    "memory_margin": 182.919313,
    "memory_required_bw_gbps": 67.466372,
    "noc_margin": 23.561114,
    "peak_dram_channel_gbps": 14.962449,
    "peak_noc_link_gbps": 13.49564,
    "peak_nop_link_gbps": 13.739837,
    "peak_route_link_gbps": 13.739837,
    "reasons": [],
    "route_margin": 1747.100817,
    "total_interchip_bw": 54.604186
  },
  "legality_flags": {
    "buffer": "legal",
    "edge": "legal",
    "memory": "legal",
    "memory_channel": "legal",
    "noc": "legal",
    "overall": "legal",
    "route": "legal"
  },
  "memory_attachment": {
    "channel_count_available": 8,
    "channel_count_required": 3,
    "memory_bandwidth_gbps": 256,
    "memory_channel_bandwidth_gbps": 32.0,
    "memory_class": "GDDR6X",
    "noc_bandwidth": 32
  },
  "notes": {
    "chiplet_geometry": {
      "chiplet_count": 4,
      "per_die_exposed_edges": 12,
      "total_exposed_edge_slots": 48,
      "x_step": 4,
      "y_step": 2
    },
    "message": "This canonical design record is exported directly from the Python-native search summary and its derived evaluation terms.",
    "status": "exported_from_search_summary",
    "workload_ref": "workloads/kv_heavy_decode.json",
    "workload_status": "runnable_binding"
  },
  "package_class": "SI",
  "paths": {
    "point_snapshot": "results/raw/20260405_205311_paper_core_bootstrap/paper_core_bootstrap_018/point_snapshot.json",
    "result_log": "results/raw/20260405_205311_paper_core_bootstrap/paper_core_bootstrap_018/result.log",
    "stderr_log": "results/raw/20260405_205311_paper_core_bootstrap/paper_core_bootstrap_018/stderr.log",
    "stdout_log": "results/raw/20260405_205311_paper_core_bootstrap/paper_core_bootstrap_018/stdout.log"
  },
  "per_edge_bandwidth": {
    "edge_capacity": 1398.812526,
    "edge_demand": 13.651047,
    "edge_margin": 1385.161479,
    "per_die_exposed_edges": 12,
    "route_budget": 1760.840654,
    "route_demand": 13.739837,
    "route_margin": 1747.100817,
    "total_exposed_edge_slots": 48
  },
  "phy_count": 192,
  "process_node": "7",
  "proposal_budget": 256,
  "schema_version": "python_native_v1",
  "seed": 11,
  "state_tuple": {
    "a": {
      "core_array": {
        "x": 8,
        "y": 4
      },
      "macs_per_core": 2048,
      "microarch": "polar",
      "ul3_kb": 2048
    },
    "b": {
      "memory_bandwidth_gbps": 256,
      "memory_class": "GDDR6X",
      "noc_bandwidth": 32
    },
    "i": {
      "interface_class": "UCIe",
      "nop_bandwidth": 32
    },
    "k": {
      "chiplet_count": 4,
      "chiplet_partition": {
        "x": 2,
        "y": 2
      }
    },
    "m": {
      "batch_size": 1,
      "search_rounds": 3,
      "workload": "kv_heavy_decode",
      "workload_motif": "kv_heavy_decode",
      "workload_ref": "workloads/kv_heavy_decode.json",
      "workload_trace_ref": null,
      "workload_trace_summary": {}
    },
    "p": {
      "package_class": "SI"
    }
  },
  "surrogate_metrics": {
    "cost": 2063221069722.1272,
    "cost_overall": 549921.1321148692,
    "edp": 2059098754016.586,
    "energy": 57833354.511194974,
    "latency_cycles": 35604
  },
  "time_cap_minutes": 15.0,
  "tops_target": 128,
  "trace_id": "kv_heavy_decode",
  "traffic_matrix": [
    [
      0.0,
      6.26569,
      6.26569,
      1.119667
    ],
    [
      6.26569,
      0.0,
      1.119667,
      6.26569
    ],
    [
      6.26569,
      1.119667,
      0.0,
      6.26569
    ],
    [
      1.119667,
      6.26569,
      6.26569,
      0.0
    ]
  ],
  "workload": "kv_heavy_decode",
  "workload_motif": "kv_heavy_decode",
  "workload_trace": {
    "summary": {},
    "trace_ref": null
  }
}
