{
  "baseline_mode": "Joint",
  "best_state": {
    "batch_cluster": true,
    "interleave": false,
    "mapping_tiling": 3,
    "memory_balance": 0.8914818407846065,
    "memory_prefetch": 3,
    "noc_balance": 0.9148607171646997,
    "pipeline_depth": 1,
    "placement_skew": -0.05827433610449878,
    "route_slack": 0.9477093891720428,
    "segment_span": 1,
    "spm_level": 3
  },
  "closure_terms": {
    "M1": 674.042381,
    "M2": 111.573645,
    "Si": 1.0,
    "Sp": 1.35
  },
  "cost_breakdown": {
    "cost_chip": 4.10163,
    "cost_package": 2.05197,
    "cost_soc": 1306536.45563,
    "cost_system_package": 983498.96159
  },
  "derived_terms": {
    "amortized_nre_cost": 1306528.3020365497,
    "assembly_waste_cost": 0.4818029243679005,
    "avg_mapped_utilization": 1.0,
    "avg_partition_utilization": 1.0,
    "boundary_count": 4.0,
    "buffer_area": 4.6431,
    "buffer_average_bytes": 386591.0,
    "buffer_capacity_bytes": 507904.0,
    "buffer_margin": 121313.0,
    "buffer_overflow_core_count": 0.0,
    "buffer_overflow_ratio": 0.0,
    "buffer_peak_bytes": 386591.0,
    "channel_count_available": 4.0,
    "channel_count_required": 1.0,
    "chip_nre": 96909417.72482494,
    "collective_pressure": 0.516,
    "compute_array_area": 8.62848,
    "compute_cycles": 1433353889.0,
    "control_area": 4.114964601662699,
    "defect_die_cost": 0.017447120219550416,
    "distinct_chip_type_count": 2.0,
    "dram_channel_imbalance": 1.3268931823228973,
    "dram_channel_margin": 30.524732142857143,
    "dram_service_cycles": 30670723.0,
    "edge_margin": 674.0423807651099,
    "endpoint_latency_cycles": 32.0,
    "graph_layer_count": 5.0,
    "interposer_area": 30.310864962746596,
    "io_competition_score": 0.007351655617493969,
    "layout_locality_score": 0.0,
    "locality_score": 0.5933461681451309,
    "memory_margin": 111.57364540064941,
    "module_nre": 60217585.05932324,
    "multicast_degree": 2.08,
    "noc_margin": 27.980958919394016,
    "noc_service_cycles": 20323403.0,
    "nop_service_cycles": 45024059.0,
    "overflow_core_count": 0.0,
    "package_area": 121.24345985098638,
    "package_defect_cost": 0.18613488069582151,
    "package_nre": 234831487.82681677,
    "peak_dram_channel_gbps": 1.4752678571428581,
    "peak_noc_link_gbps": 1.2945840298763742,
    "peak_nop_link_gbps": 0.7525325480769227,
    "peak_route_link_gbps": 1.2945840298763742,
    "peak_ubuf_bytes": 3511880.0,
    "per_compute_die_area": 4.737833403953085,
    "phy_count": 96.0,
    "raw_die_cost": 4.084180384149559,
    "raw_package_cost": 1.3840293924618123,
    "remote_weight_share": 0.75,
    "route_margin": 863.2312825473782,
    "schedule_tree_height": 1.0,
    "segment_count": 5.0,
    "segment_crossing_count": 4.0,
    "segment_stage_count_avg": 1.0,
    "segment_sync_cycles": 108.0,
    "serialization_ratio": 0.06683336958180706,
    "shortcut_input_count": 4.0,
    "spm_overflow_ratio": 0.0,
    "spm_residency": 0.9750000000000001,
    "total_interchip_bw": 1.9023819583987431
  },
  "design_id": "paper_core_bootstrap_009",
  "die_area_breakdown": {
    "compute_die_area": 18.95133,
    "io_die_area": 6.30772,
    "total_die_area": 25.25905
  },
  "energy_breakdown": {
    "buf": 133363229.91194,
    "bus": 1846794.62339,
    "dram": 6585974217.76896,
    "mac": 250166703.32311,
    "noc": 21896121445.31052,
    "nop": 28626612179.46697,
    "ubuf": 71810969.95258
  },
  "execution_controls": {
    "proposal_budget": 256,
    "time_cap_minutes": 15.0
  },
  "legality_details": {
    "buffer_margin": 121313.0,
    "channel_count_available": 4,
    "channel_count_required": 1,
    "dram_channel_margin": 30.524732,
    "edge_margin": 674.042381,
    "io_competition_score": 0.007352,
    "memory_margin": 111.573645,
    "memory_required_bw_gbps": 2.53603,
    "noc_margin": 27.980959,
    "peak_dram_channel_gbps": 1.475268,
    "peak_noc_link_gbps": 1.294584,
    "peak_nop_link_gbps": 0.752533,
    "peak_route_link_gbps": 1.294584,
    "reasons": [],
    "route_margin": 863.231283,
    "total_interchip_bw": 1.902382
  },
  "legality_flags": {
    "buffer": "legal",
    "edge": "legal",
    "memory": "legal",
    "memory_channel": "legal",
    "noc": "legal",
    "overall": "legal",
    "route": "legal"
  },
  "memory_attachment": {
    "channel_count_available": 4,
    "channel_count_required": 1,
    "memory_bandwidth_gbps": 128,
    "memory_channel_bandwidth_gbps": 32.0,
    "memory_class": "GDDR6X",
    "noc_bandwidth": 32
  },
  "notes": {
    "chiplet_geometry": {
      "chiplet_count": 4,
      "per_die_exposed_edges": 12,
      "total_exposed_edge_slots": 48,
      "x_step": 4,
      "y_step": 2
    },
    "message": "This canonical design record is exported directly from the Python-native search summary and its derived evaluation terms.",
    "status": "exported_from_search_summary",
    "workload_ref": "workloads/long_context_prefill.json",
    "workload_status": "runnable_binding"
  },
  "package_class": "FO",
  "paths": {
    "point_snapshot": "results/raw/20260405_205311_paper_core_bootstrap/paper_core_bootstrap_009/point_snapshot.json",
    "result_log": "results/raw/20260405_205311_paper_core_bootstrap/paper_core_bootstrap_009/result.log",
    "stderr_log": "results/raw/20260405_205311_paper_core_bootstrap/paper_core_bootstrap_009/stderr.log",
    "stdout_log": "results/raw/20260405_205311_paper_core_bootstrap/paper_core_bootstrap_009/stdout.log"
  },
  "per_edge_bandwidth": {
    "edge_capacity": 674.517977,
    "edge_demand": 0.475596,
    "edge_margin": 674.042381,
    "per_die_exposed_edges": 12,
    "route_budget": 864.525867,
    "route_demand": 1.294584,
    "route_margin": 863.231283,
    "total_exposed_edge_slots": 48
  },
  "phy_count": 96,
  "process_node": "7",
  "proposal_budget": 256,
  "schema_version": "python_native_v1",
  "seed": 7,
  "state_tuple": {
    "a": {
      "core_array": {
        "x": 8,
        "y": 4
      },
      "macs_per_core": 2048,
      "microarch": "polar",
      "ul3_kb": 2048
    },
    "b": {
      "memory_bandwidth_gbps": 128,
      "memory_class": "GDDR6X",
      "noc_bandwidth": 32
    },
    "i": {
      "interface_class": "UCIe",
      "nop_bandwidth": 16
    },
    "k": {
      "chiplet_count": 4,
      "chiplet_partition": {
        "x": 2,
        "y": 2
      }
    },
    "m": {
      "batch_size": 1,
      "search_rounds": 3,
      "workload": "long_context_prefill",
      "workload_motif": "long_context_prefill",
      "workload_ref": "workloads/long_context_prefill.json",
      "workload_trace_ref": null,
      "workload_trace_summary": {}
    },
    "p": {
      "package_class": "FO"
    }
  },
  "surrogate_metrics": {
    "cost": 8.414609657406654e+19,
    "cost_overall": 1306536.4556312517,
    "edp": 8.41451709771858e+19,
    "energy": 57565895540.357475,
    "latency_cycles": 1461719134
  },
  "time_cap_minutes": 15.0,
  "tops_target": 128,
  "trace_id": "long_context_prefill",
  "traffic_matrix": [
    [
      0.0,
      0.216736,
      0.216736,
      0.042124
    ],
    [
      0.216736,
      0.0,
      0.042124,
      0.216736
    ],
    [
      0.216736,
      0.042124,
      0.0,
      0.216736
    ],
    [
      0.042124,
      0.216736,
      0.216736,
      0.0
    ]
  ],
  "workload": "long_context_prefill",
  "workload_motif": "long_context_prefill",
  "workload_trace": {
    "summary": {},
    "trace_ref": null
  }
}
