{
  "baseline_mode": "Partition-first",
  "best_state": {
    "batch_cluster": false,
    "interleave": false,
    "mapping_tiling": 2,
    "memory_balance": 0.9553007260927877,
    "memory_prefetch": 3,
    "noc_balance": 1.1398297147574892,
    "pipeline_depth": 1,
    "placement_skew": 0.013512982418319233,
    "route_slack": 0.8019037063001719,
    "segment_span": 3,
    "spm_level": 3
  },
  "closure_terms": {
    "M1": 1322.191469,
    "M2": 191.403561,
    "Si": 1.0,
    "Sp": 1.65
  },
  "cost_breakdown": {
    "cost_chip": 4.39501,
    "cost_package": 3.83295,
    "cost_soc": 545731.69659,
    "cost_system_package": 221641.13403
  },
  "derived_terms": {
    "amortized_nre_cost": 545719.4686312102,
    "assembly_waste_cost": 1.3422772162114058,
    "avg_mapped_utilization": 1.0,
    "avg_partition_utilization": 1.0,
    "boundary_count": 1.0,
    "buffer_area": 4.6431,
    "buffer_average_bytes": 132096.0,
    "buffer_capacity_bytes": 507904.0,
    "buffer_margin": 375808.0,
    "buffer_overflow_core_count": 0.0,
    "buffer_overflow_ratio": 0.0,
    "buffer_peak_bytes": 132096.0,
    "channel_count_available": 8.0,
    "channel_count_required": 2.0,
    "chip_nre": 97224650.26496348,
    "collective_pressure": 0.28,
    "compute_array_area": 8.22528,
    "compute_cycles": 32128.0,
    "control_area": 4.238107789450991,
    "defect_die_cost": 0.019394507108128067,
    "distinct_chip_type_count": 2.0,
    "dram_channel_imbalance": 0.4941941759377477,
    "dram_channel_margin": 22.07230767336182,
    "dram_service_cycles": 3469.0,
    "edge_margin": 1322.1914685877493,
    "endpoint_latency_cycles": 33.0,
    "graph_layer_count": 6.0,
    "interposer_area": 29.58579217232893,
    "io_competition_score": 0.00961550467554269,
    "layout_locality_score": 0.03125,
    "locality_score": 0.612149109614784,
    "memory_margin": 191.40356051369577,
    "module_nre": 58777107.11569347,
    "multicast_degree": 1.8066666666666666,
    "noc_margin": 21.499822450875943,
    "noc_service_cycles": 4501.0,
    "nop_service_cycles": 7617.0,
    "overflow_core_count": 0.0,
    "package_area": 118.34316868931572,
    "package_defect_cost": 0.6162320193408836,
    "package_nre": 7714083.208706096,
    "peak_dram_channel_gbps": 9.927692326638178,
    "peak_noc_link_gbps": 14.97472842136371,
    "peak_nop_link_gbps": 14.966392867258564,
    "peak_route_link_gbps": 14.97472842136371,
    "peak_ubuf_bytes": 132096.0,
    "per_compute_die_area": 4.661517922625395,
    "phy_count": 192.0,
    "raw_die_cost": 4.375613125182651,
    "raw_package_cost": 1.874444075947849,
    "remote_weight_share": 0.75,
    "route_margin": 1759.0126815779877,
    "schedule_tree_height": 3.0,
    "segment_count": 2.0,
    "segment_crossing_count": 1.0,
    "segment_stage_count_avg": 2.5,
    "segment_sync_cycles": 27.0,
    "serialization_ratio": 0.5577784333240405,
    "shortcut_input_count": 1.0,
    "spm_overflow_ratio": 0.0,
    "spm_residency": 0.9750000000000001,
    "total_interchip_bw": 40.72739145105472
  },
  "design_id": "paper_core_bootstrap_021",
  "die_area_breakdown": {
    "compute_die_area": 18.64607,
    "io_die_area": 8.2501,
    "total_die_area": 26.89617
  },
  "energy_breakdown": {
    "buf": 20236.58291,
    "bus": 9605.12,
    "dram": 6712581.61152,
    "mac": 14351948.05195,
    "noc": 17114747.67312,
    "nop": 14891965.9266,
    "ubuf": 10896.62157
  },
  "execution_controls": {
    "proposal_budget": 256,
    "time_cap_minutes": 15.0
  },
  "legality_details": {
    "buffer_margin": 375808.0,
    "channel_count_available": 8,
    "channel_count_required": 2,
    "dram_channel_margin": 22.072308,
    "edge_margin": 1322.191469,
    "io_competition_score": 0.009616,
    "memory_margin": 191.403561,
    "memory_required_bw_gbps": 53.153425,
    "noc_margin": 21.499822,
    "peak_dram_channel_gbps": 9.927692,
    "peak_noc_link_gbps": 14.974728,
    "peak_nop_link_gbps": 14.966393,
    "peak_route_link_gbps": 14.974728,
    "reasons": [],
    "route_margin": 1759.012682,
    "total_interchip_bw": 40.727391
  },
  "legality_flags": {
    "buffer": "legal",
    "edge": "legal",
    "memory": "legal",
    "memory_channel": "legal",
    "noc": "legal",
    "overall": "legal",
    "route": "legal"
  },
  "memory_attachment": {
    "channel_count_available": 8,
    "channel_count_required": 2,
    "memory_bandwidth_gbps": 256,
    "memory_channel_bandwidth_gbps": 32.0,
    "memory_class": "GDDR6X",
    "noc_bandwidth": 32
  },
  "notes": {
    "chiplet_geometry": {
      "chiplet_count": 4,
      "per_die_exposed_edges": 12,
      "total_exposed_edge_slots": 48,
      "x_step": 4,
      "y_step": 2
    },
    "message": "This canonical design record is exported directly from the Python-native search summary and its derived evaluation terms.",
    "status": "exported_from_search_summary",
    "workload_ref": "workloads/kv_heavy_decode.json",
    "workload_status": "runnable_binding"
  },
  "package_class": "SI",
  "paths": {
    "point_snapshot": "results/raw/20260405_205311_paper_core_bootstrap/paper_core_bootstrap_021/point_snapshot.json",
    "result_log": "results/raw/20260405_205311_paper_core_bootstrap/paper_core_bootstrap_021/result.log",
    "stderr_log": "results/raw/20260405_205311_paper_core_bootstrap/paper_core_bootstrap_021/stderr.log",
    "stdout_log": "results/raw/20260405_205311_paper_core_bootstrap/paper_core_bootstrap_021/stdout.log"
  },
  "per_edge_bandwidth": {
    "edge_capacity": 1332.373317,
    "edge_demand": 10.181848,
    "edge_margin": 1322.191469,
    "per_die_exposed_edges": 12,
    "route_budget": 1773.98741,
    "route_demand": 14.974728,
    "route_margin": 1759.012682,
    "total_exposed_edge_slots": 48
  },
  "phy_count": 192,
  "process_node": "7",
  "proposal_budget": 256,
  "schema_version": "python_native_v1",
  "seed": 11,
  "state_tuple": {
    "a": {
      "core_array": {
        "x": 8,
        "y": 4
      },
      "macs_per_core": 2048,
      "microarch": "polar",
      "ul3_kb": 2048
    },
    "b": {
      "memory_bandwidth_gbps": 256,
      "memory_class": "GDDR6X",
      "noc_bandwidth": 32
    },
    "i": {
      "interface_class": "UCIe",
      "nop_bandwidth": 32
    },
    "k": {
      "chiplet_count": 4,
      "chiplet_partition": {
        "x": 2,
        "y": 2
      }
    },
    "m": {
      "batch_size": 1,
      "search_rounds": 3,
      "workload": "kv_heavy_decode",
      "workload_motif": "kv_heavy_decode",
      "workload_ref": "workloads/kv_heavy_decode.json",
      "workload_trace_ref": null,
      "workload_trace_summary": {}
    },
    "p": {
      "package_class": "SI"
    }
  },
  "surrogate_metrics": {
    "cost": 1978966586175.344,
    "cost_overall": 545731.696592154,
    "edp": 1963231287406.7786,
    "energy": 53111981.58767392,
    "latency_cycles": 36964
  },
  "time_cap_minutes": 15.0,
  "tops_target": 128,
  "trace_id": "kv_heavy_decode",
  "traffic_matrix": [
    [
      0.0,
      4.649928,
      4.649928,
      0.881992
    ],
    [
      4.649928,
      0.0,
      0.881992,
      4.649928
    ],
    [
      4.649928,
      0.881992,
      0.0,
      4.649928
    ],
    [
      0.881992,
      4.649928,
      4.649928,
      0.0
    ]
  ],
  "workload": "kv_heavy_decode",
  "workload_motif": "kv_heavy_decode",
  "workload_trace": {
    "summary": {},
    "trace_ref": null
  }
}
