{
  "baseline_mode": "Outer-loop repair",
  "best_state": {
    "batch_cluster": false,
    "interleave": true,
    "mapping_tiling": 2,
    "memory_balance": 0.7821199791437269,
    "memory_prefetch": 3,
    "noc_balance": 1.079629899380804,
    "pipeline_depth": 2,
    "placement_skew": 0.1712477544650449,
    "route_slack": 0.938803755593199,
    "segment_span": 3,
    "spm_level": 3
  },
  "closure_terms": {
    "M1": 138.600163,
    "M2": 47.711782,
    "Si": 0.82,
    "Sp": 1.0
  },
  "cost_breakdown": {
    "cost_chip": 1.93699,
    "cost_package": 0.58052,
    "cost_soc": 305472.30446,
    "cost_system_package": 67197.87586
  },
  "derived_terms": {
    "amortized_nre_cost": 305468.661948934,
    "assembly_waste_cost": 0.05929145163101578,
    "avg_mapped_utilization": 0.9409639040129057,
    "avg_partition_utilization": 0.9409639040129057,
    "boundary_count": 1.0,
    "buffer_area": 1.6582360267639162,
    "buffer_average_bytes": 71150.0,
    "buffer_capacity_bytes": 225732.0,
    "buffer_margin": 154582.0,
    "buffer_overflow_core_count": 0.0,
    "buffer_overflow_ratio": 0.0,
    "buffer_peak_bytes": 71150.0,
    "channel_count_available": 3.0,
    "channel_count_required": 1.0,
    "chip_nre": 71481409.98529494,
    "collective_pressure": 0.06,
    "compute_array_area": 6.6095999999999995,
    "compute_cycles": 6383.0,
    "control_area": 3.471374326339513,
    "defect_die_cost": 0.00839770622800573,
    "distinct_chip_type_count": 2.0,
    "dram_channel_imbalance": 0.001773502970413121,
    "dram_channel_margin": 29.127963335972428,
    "dram_service_cycles": 203.0,
    "edge_margin": 138.60016313566507,
    "endpoint_latency_cycles": 35.0,
    "graph_layer_count": 5.0,
    "interposer_area": 0.0,
    "io_competition_score": 0.005555953068840492,
    "layout_locality_score": 0.05555555555555555,
    "locality_score": 0.6204131863752843,
    "memory_margin": 47.71178215054655,
    "module_nre": 19555737.50024354,
    "multicast_degree": 1.1400000000000001,
    "noc_margin": 14.23083240889254,
    "noc_service_cycles": 374.0,
    "nop_service_cycles": 1388.0,
    "overflow_core_count": 0.0,
    "package_area": 67.4335775870467,
    "package_defect_cost": 0.015481140513745325,
    "package_nre": 603451.0991417102,
    "peak_dram_channel_gbps": 2.872036664027571,
    "peak_noc_link_gbps": 3.043245981200324,
    "peak_nop_link_gbps": 2.1497165009469708,
    "peak_route_link_gbps": 3.043245981200324,
    "peak_ubuf_bytes": 71150.0,
    "per_compute_die_area": 6.045693331848266,
    "phy_count": 24.0,
    "raw_die_cost": 1.928588800156389,
    "raw_package_cost": 0.5057518319028502,
    "remote_weight_share": 0.5,
    "route_margin": 130.75072448566982,
    "schedule_tree_height": 2.0,
    "segment_count": 2.0,
    "segment_crossing_count": 1.0,
    "segment_stage_count_avg": 2.5,
    "segment_sync_cycles": 28.0,
    "serialization_ratio": 0.511293472963561,
    "shortcut_input_count": 1.0,
    "spm_overflow_ratio": 0.0,
    "spm_residency": 0.98,
    "total_interchip_bw": 5.085005574119786
  },
  "design_id": "paper_core_bootstrap_007",
  "die_area_breakdown": {
    "compute_die_area": 12.09139,
    "io_die_area": 4.76701,
    "total_die_area": 16.85839
  },
  "energy_breakdown": {
    "buf": 6724.6972,
    "bus": 3265.24,
    "dram": 861631.75224,
    "mac": 5710257.18006,
    "noc": 2178581.77561,
    "nop": 5480387.46412,
    "ubuf": 3620.9908
  },
  "execution_controls": {
    "proposal_budget": 256,
    "time_cap_minutes": 15.0
  },
  "legality_details": {
    "buffer_margin": 154582.0,
    "channel_count_available": 3,
    "channel_count_required": 1,
    "dram_channel_margin": 29.127963,
    "edge_margin": 138.600163,
    "io_competition_score": 0.005556,
    "memory_margin": 47.711782,
    "memory_required_bw_gbps": 8.600856,
    "noc_margin": 14.230832,
    "peak_dram_channel_gbps": 2.872037,
    "peak_noc_link_gbps": 3.043246,
    "peak_nop_link_gbps": 2.149717,
    "peak_route_link_gbps": 3.043246,
    "reasons": [],
    "route_margin": 130.750724,
    "total_interchip_bw": 5.085006
  },
  "legality_flags": {
    "buffer": "legal",
    "edge": "legal",
    "memory": "legal",
    "memory_channel": "legal",
    "noc": "legal",
    "overall": "legal",
    "route": "legal"
  },
  "memory_attachment": {
    "channel_count_available": 3,
    "channel_count_required": 1,
    "memory_bandwidth_gbps": 72,
    "memory_channel_bandwidth_gbps": 32.0,
    "memory_class": "GDDR6X",
    "noc_bandwidth": 16
  },
  "notes": {
    "chiplet_geometry": {
      "chiplet_count": 2,
      "per_die_exposed_edges": 6,
      "total_exposed_edge_slots": 12,
      "x_step": 3,
      "y_step": 3
    },
    "message": "This canonical design record is exported directly from the Python-native search summary and its derived evaluation terms.",
    "status": "exported_from_search_summary",
    "workload_ref": "workloads/cnn_inference.json",
    "workload_status": "runnable_binding"
  },
  "package_class": "OS",
  "paths": {
    "point_snapshot": "results/raw/20260405_205311_paper_core_bootstrap/paper_core_bootstrap_007/point_snapshot.json",
    "result_log": "results/raw/20260405_205311_paper_core_bootstrap/paper_core_bootstrap_007/result.log",
    "stderr_log": "results/raw/20260405_205311_paper_core_bootstrap/paper_core_bootstrap_007/stderr.log",
    "stdout_log": "results/raw/20260405_205311_paper_core_bootstrap/paper_core_bootstrap_007/stdout.log"
  },
  "per_edge_bandwidth": {
    "edge_capacity": 141.142666,
    "edge_demand": 2.542503,
    "edge_margin": 138.600163,
    "per_die_exposed_edges": 6,
    "route_budget": 133.79397,
    "route_demand": 3.043246,
    "route_margin": 130.750724,
    "total_exposed_edge_slots": 12
  },
  "phy_count": 24,
  "process_node": "12",
  "proposal_budget": 256,
  "schema_version": "python_native_v1",
  "seed": 1,
  "state_tuple": {
    "a": {
      "core_array": {
        "x": 6,
        "y": 3
      },
      "macs_per_core": 2048,
      "microarch": "polar",
      "ul3_kb": 1024
    },
    "b": {
      "memory_bandwidth_gbps": 72,
      "memory_class": "GDDR6X",
      "noc_bandwidth": 16
    },
    "i": {
      "interface_class": "XSR",
      "nop_bandwidth": 16
    },
    "k": {
      "chiplet_count": 2,
      "chiplet_partition": {
        "x": 2,
        "y": 1
      }
    },
    "m": {
      "batch_size": 1,
      "search_rounds": 4,
      "workload": "cnn_inference",
      "workload_motif": "cnn_inference",
      "workload_ref": "workloads/cnn_inference.json",
      "workload_trace_ref": null,
      "workload_trace_summary": {}
    },
    "p": {
      "package_class": "OS"
    }
  },
  "surrogate_metrics": {
    "cost": 104137486728.2676,
    "cost_overall": 305472.3044598644,
    "edp": 102902044778.65506,
    "energy": 14244469.100035308,
    "latency_cycles": 7224
  },
  "time_cap_minutes": 15.0,
  "tops_target": 72,
  "trace_id": "cnn_inference",
  "traffic_matrix": [
    [
      0.0,
      2.542503
    ],
    [
      2.542503,
      0.0
    ]
  ],
  "workload": "cnn_inference",
  "workload_motif": "cnn_inference",
  "workload_trace": {
    "summary": {},
    "trace_ref": null
  }
}
