{
  "baseline_mode": "Memory-off",
  "best_state": {
    "batch_cluster": true,
    "interleave": true,
    "mapping_tiling": 4,
    "memory_balance": 0.9218623941775523,
    "memory_prefetch": 1,
    "noc_balance": 1.191985695176506,
    "pipeline_depth": 2,
    "placement_skew": -0.023051238932311827,
    "route_slack": 1.25,
    "segment_span": 3,
    "spm_level": 3
  },
  "closure_terms": {
    "M1": 136.114374,
    "M2": 54.996628,
    "Si": 0.82,
    "Sp": 1.0
  },
  "cost_breakdown": {
    "cost_chip": 1.97068,
    "cost_package": 0.59133,
    "cost_soc": 306567.36545,
    "cost_system_package": 68439.18169
  },
  "derived_terms": {
    "amortized_nre_cost": 306563.6784456873,
    "assembly_waste_cost": 0.06032271186520293,
    "avg_mapped_utilization": 0.9409639040129057,
    "avg_partition_utilization": 0.9409639040129057,
    "boundary_count": 1.0,
    "buffer_area": 1.6582360267639162,
    "buffer_average_bytes": 71150.0,
    "buffer_capacity_bytes": 225732.0,
    "buffer_margin": 154582.0,
    "buffer_overflow_core_count": 0.0,
    "buffer_overflow_ratio": 0.0,
    "buffer_peak_bytes": 71150.0,
    "channel_count_available": 3.0,
    "channel_count_required": 1.0,
    "chip_nre": 71437526.42636788,
    "collective_pressure": 0.06,
    "compute_array_area": 7.2576,
    "compute_cycles": 6933.0,
    "control_area": 3.9269153716796934,
    "defect_die_cost": 0.008999594675143996,
    "distinct_chip_type_count": 2.0,
    "dram_channel_imbalance": 0.001773502970412455,
    "dram_channel_margin": 28.200786042415547,
    "dram_service_cycles": 292.0,
    "edge_margin": 136.11437412943894,
    "endpoint_latency_cycles": 35.0,
    "graph_layer_count": 5.0,
    "interposer_area": 0.0,
    "io_competition_score": 0.004599626728514153,
    "layout_locality_score": 0.05555555555555555,
    "locality_score": 0.6733474773828325,
    "memory_margin": 54.996628474064735,
    "module_nre": 19922435.861215994,
    "multicast_degree": 1.42,
    "noc_margin": 15.14091239269775,
    "noc_service_cycles": 475.0,
    "nop_service_cycles": 1853.0,
    "overflow_core_count": 0.0,
    "package_area": 68.69805469384825,
    "package_defect_cost": 0.015771434288260548,
    "package_nre": 609141.2461223172,
    "peak_dram_channel_gbps": 3.799213957584452,
    "peak_noc_link_gbps": 3.930858730126346,
    "peak_nop_link_gbps": 2.2169669464156234,
    "peak_route_link_gbps": 3.930858730126346,
    "peak_ubuf_bytes": 71150.0,
    "per_compute_die_area": 6.61401697019846,
    "phy_count": 24.0,
    "raw_die_cost": 1.9616770492120805,
    "raw_package_cost": 0.5152354102038619,
    "remote_weight_share": 0.5,
    "route_margin": 174.77697718302332,
    "schedule_tree_height": 2.0,
    "segment_count": 2.0,
    "segment_crossing_count": 1.0,
    "segment_stage_count_avg": 2.5,
    "segment_sync_cycles": 28.0,
    "serialization_ratio": 0.6285840561720053,
    "shortcut_input_count": 1.0,
    "spm_overflow_ratio": 0.0,
    "spm_residency": 0.8964578342407744,
    "total_interchip_bw": 6.6501198277639
  },
  "design_id": "paper_core_bootstrap_008",
  "die_area_breakdown": {
    "compute_die_area": 13.22803,
    "io_die_area": 3.94648,
    "total_die_area": 17.17451
  },
  "energy_breakdown": {
    "buf": 6724.6972,
    "bus": 3265.24,
    "dram": 1099999.43583,
    "mac": 5250030.94705,
    "noc": 2182642.27344,
    "nop": 5861844.4481,
    "ubuf": 3620.9908
  },
  "execution_controls": {
    "proposal_budget": 256,
    "time_cap_minutes": 15.0
  },
  "legality_details": {
    "buffer_margin": 154582.0,
    "channel_count_available": 3,
    "channel_count_required": 1,
    "dram_channel_margin": 28.200786,
    "edge_margin": 136.114374,
    "io_competition_score": 0.0046,
    "memory_margin": 54.996628,
    "memory_required_bw_gbps": 11.377464,
    "noc_margin": 15.140912,
    "peak_dram_channel_gbps": 3.799214,
    "peak_noc_link_gbps": 3.930859,
    "peak_nop_link_gbps": 2.216967,
    "peak_route_link_gbps": 3.930859,
    "reasons": [],
    "route_margin": 174.776977,
    "total_interchip_bw": 6.65012
  },
  "legality_flags": {
    "buffer": "legal",
    "edge": "legal",
    "memory": "legal",
    "memory_channel": "legal",
    "noc": "legal",
    "overall": "legal",
    "route": "legal"
  },
  "memory_attachment": {
    "channel_count_available": 3,
    "channel_count_required": 1,
    "memory_bandwidth_gbps": 72,
    "memory_channel_bandwidth_gbps": 32.0,
    "memory_class": "GDDR6X",
    "noc_bandwidth": 16
  },
  "notes": {
    "chiplet_geometry": {
      "chiplet_count": 2,
      "per_die_exposed_edges": 6,
      "total_exposed_edge_slots": 12,
      "x_step": 3,
      "y_step": 3
    },
    "message": "This canonical design record is exported directly from the Python-native search summary and its derived evaluation terms.",
    "status": "exported_from_search_summary",
    "workload_ref": "workloads/cnn_inference.json",
    "workload_status": "runnable_binding"
  },
  "package_class": "OS",
  "paths": {
    "point_snapshot": "results/raw/20260405_205311_paper_core_bootstrap/paper_core_bootstrap_008/point_snapshot.json",
    "result_log": "results/raw/20260405_205311_paper_core_bootstrap/paper_core_bootstrap_008/result.log",
    "stderr_log": "results/raw/20260405_205311_paper_core_bootstrap/paper_core_bootstrap_008/stderr.log",
    "stdout_log": "results/raw/20260405_205311_paper_core_bootstrap/paper_core_bootstrap_008/stdout.log"
  },
  "per_edge_bandwidth": {
    "edge_capacity": 139.439434,
    "edge_demand": 3.32506,
    "edge_margin": 136.114374,
    "per_die_exposed_edges": 6,
    "route_budget": 178.707836,
    "route_demand": 3.930859,
    "route_margin": 174.776977,
    "total_exposed_edge_slots": 12
  },
  "phy_count": 24,
  "process_node": "12",
  "proposal_budget": 256,
  "schema_version": "python_native_v1",
  "seed": 1,
  "state_tuple": {
    "a": {
      "core_array": {
        "x": 6,
        "y": 3
      },
      "macs_per_core": 2048,
      "microarch": "polar",
      "ul3_kb": 1024
    },
    "b": {
      "memory_bandwidth_gbps": 72,
      "memory_class": "GDDR6X",
      "noc_bandwidth": 16
    },
    "i": {
      "interface_class": "XSR",
      "nop_bandwidth": 16
    },
    "k": {
      "chiplet_count": 2,
      "chiplet_partition": {
        "x": 2,
        "y": 1
      }
    },
    "m": {
      "batch_size": 1,
      "search_rounds": 4,
      "workload": "cnn_inference",
      "workload_motif": "cnn_inference",
      "workload_ref": "workloads/cnn_inference.json",
      "workload_trace_ref": null,
      "workload_trace_summary": {}
    },
    "p": {
      "package_class": "OS"
    }
  },
  "surrogate_metrics": {
    "cost": 121437364529.33682,
    "cost_overall": 306567.36545188754,
    "edp": 119760360205.38087,
    "energy": 14408128.032408671,
    "latency_cycles": 8312
  },
  "time_cap_minutes": 15.0,
  "tops_target": 72,
  "trace_id": "cnn_inference",
  "traffic_matrix": [
    [
      0.0,
      3.32506
    ],
    [
      3.32506,
      0.0
    ]
  ],
  "workload": "cnn_inference",
  "workload_motif": "cnn_inference",
  "workload_trace": {
    "summary": {},
    "trace_ref": null
  }
}
