{
  "baseline_mode": "Partition-first",
  "best_state": {
    "batch_cluster": true,
    "interleave": true,
    "mapping_tiling": 1,
    "memory_balance": 0.904871557086816,
    "memory_prefetch": 1,
    "noc_balance": 1.0581141963743013,
    "pipeline_depth": 3,
    "placement_skew": 0.002732603383850035,
    "route_slack": 0.7104321905249174,
    "segment_span": 3,
    "spm_level": 3
  },
  "closure_terms": {
    "M1": 710.815601,
    "M2": 110.256664,
    "Si": 1.0,
    "Sp": 1.35
  },
  "cost_breakdown": {
    "cost_chip": 4.03884,
    "cost_package": 2.00953,
    "cost_soc": 1285069.30974,
    "cost_system_package": 962340.90915
  },
  "derived_terms": {
    "amortized_nre_cost": 1285061.2613731967,
    "assembly_waste_cost": 0.4744276646648332,
    "avg_mapped_utilization": 1.0,
    "avg_partition_utilization": 1.0,
    "boundary_count": 1.0,
    "buffer_area": 4.6431,
    "buffer_average_bytes": 386591.0,
    "buffer_capacity_bytes": 507904.0,
    "buffer_margin": 121313.0,
    "buffer_overflow_core_count": 0.0,
    "buffer_overflow_ratio": 0.0,
    "buffer_peak_bytes": 386591.0,
    "channel_count_available": 4.0,
    "channel_count_required": 1.0,
    "chip_nre": 96816708.52498159,
    "collective_pressure": 0.336,
    "compute_array_area": 7.82208,
    "compute_cycles": 1540855431.0,
    "control_area": 4.88163956203031,
    "defect_die_cost": 0.016858743331942816,
    "distinct_chip_type_count": 2.0,
    "dram_channel_imbalance": 0.765426223787318,
    "dram_channel_margin": 29.543014128728412,
    "dram_service_cycles": 51881316.0,
    "edge_margin": 710.8156009478022,
    "endpoint_latency_cycles": 33.0,
    "graph_layer_count": 5.0,
    "interposer_area": 29.641778210907436,
    "io_competition_score": 0.006752271002109354,
    "layout_locality_score": 0.8888888888888888,
    "locality_score": 0.8022236722307775,
    "memory_margin": 110.25666370271685,
    "module_nre": 58888332.71233611,
    "multicast_degree": 1.8,
    "noc_margin": 32.812525715001975,
    "noc_service_cycles": 16365537.0,
    "nop_service_cycles": 75912080.0,
    "overflow_core_count": 0.0,
    "package_area": 118.56711284362974,
    "package_defect_cost": 0.18152785361522603,
    "package_nre": 229813337.17464134,
    "peak_dram_channel_gbps": 2.4569858712715873,
    "peak_noc_link_gbps": 1.0471285689756669,
    "peak_nop_link_gbps": 0.9869027178178961,
    "peak_route_link_gbps": 1.0471285689756669,
    "peak_ubuf_bytes": 3511880.0,
    "per_compute_die_area": 4.72700833065326,
    "phy_count": 96.0,
    "raw_die_cost": 4.021982574984741,
    "raw_package_cost": 1.353573535867541,
    "remote_weight_share": 0.75,
    "route_margin": 682.5118867066823,
    "schedule_tree_height": 2.0,
    "segment_count": 2.0,
    "segment_crossing_count": 1.0,
    "segment_stage_count_avg": 2.5,
    "segment_sync_cycles": 32.0,
    "serialization_ratio": 0.11592045231554157,
    "shortcut_input_count": 1.0,
    "spm_overflow_ratio": 0.054999999999999716,
    "spm_residency": 0.8750000000000002,
    "total_interchip_bw": 4.175250196232339
  },
  "design_id": "paper_core_bootstrap_013",
  "die_area_breakdown": {
    "compute_die_area": 18.90803,
    "io_die_area": 5.79345,
    "total_die_area": 24.70148
  },
  "energy_breakdown": {
    "buf": 133363229.91194,
    "bus": 1846794.62339,
    "dram": 7228508287.7952,
    "mac": 300200043.98774,
    "noc": 18032094069.3348,
    "nop": 29954467587.68639,
    "ubuf": 71810969.95258
  },
  "execution_controls": {
    "proposal_budget": 256,
    "time_cap_minutes": 15.0
  },
  "legality_details": {
    "buffer_margin": 121313.0,
    "channel_count_available": 4,
    "channel_count_required": 1,
    "dram_channel_margin": 29.543014,
    "edge_margin": 710.815601,
    "io_competition_score": 0.006752,
    "memory_margin": 110.256664,
    "memory_required_bw_gbps": 5.566896,
    "noc_margin": 32.812526,
    "peak_dram_channel_gbps": 2.456986,
    "peak_noc_link_gbps": 1.047129,
    "peak_nop_link_gbps": 0.986903,
    "peak_route_link_gbps": 1.047129,
    "reasons": [],
    "route_margin": 682.511887,
    "total_interchip_bw": 4.17525
  },
  "legality_flags": {
    "buffer": "legal",
    "edge": "legal",
    "memory": "legal",
    "memory_channel": "legal",
    "noc": "legal",
    "overall": "legal",
    "route": "legal"
  },
  "memory_attachment": {
    "channel_count_available": 4,
    "channel_count_required": 1,
    "memory_bandwidth_gbps": 128,
    "memory_channel_bandwidth_gbps": 32.0,
    "memory_class": "GDDR6X",
    "noc_bandwidth": 32
  },
  "notes": {
    "chiplet_geometry": {
      "chiplet_count": 4,
      "per_die_exposed_edges": 12,
      "total_exposed_edge_slots": 48,
      "x_step": 4,
      "y_step": 2
    },
    "message": "This canonical design record is exported directly from the Python-native search summary and its derived evaluation terms.",
    "status": "exported_from_search_summary",
    "workload_ref": "workloads/long_context_prefill.json",
    "workload_status": "runnable_binding"
  },
  "package_class": "FO",
  "paths": {
    "point_snapshot": "results/raw/20260405_205311_paper_core_bootstrap/paper_core_bootstrap_013/point_snapshot.json",
    "result_log": "results/raw/20260405_205311_paper_core_bootstrap/paper_core_bootstrap_013/result.log",
    "stderr_log": "results/raw/20260405_205311_paper_core_bootstrap/paper_core_bootstrap_013/stderr.log",
    "stdout_log": "results/raw/20260405_205311_paper_core_bootstrap/paper_core_bootstrap_013/stdout.log"
  },
  "per_edge_bandwidth": {
    "edge_capacity": 711.859414,
    "edge_demand": 1.043813,
    "edge_margin": 710.815601,
    "per_die_exposed_edges": 12,
    "route_budget": 683.559015,
    "route_demand": 1.047129,
    "route_margin": 682.511887,
    "total_exposed_edge_slots": 48
  },
  "phy_count": 96,
  "process_node": "7",
  "proposal_budget": 256,
  "schema_version": "python_native_v1",
  "seed": 7,
  "state_tuple": {
    "a": {
      "core_array": {
        "x": 8,
        "y": 4
      },
      "macs_per_core": 2048,
      "microarch": "polar",
      "ul3_kb": 2048
    },
    "b": {
      "memory_bandwidth_gbps": 128,
      "memory_class": "GDDR6X",
      "noc_bandwidth": 32
    },
    "i": {
      "interface_class": "UCIe",
      "nop_bandwidth": 16
    },
    "k": {
      "chiplet_count": 4,
      "chiplet_partition": {
        "x": 2,
        "y": 2
      }
    },
    "m": {
      "batch_size": 1,
      "search_rounds": 3,
      "workload": "long_context_prefill",
      "workload_motif": "long_context_prefill",
      "workload_ref": "workloads/long_context_prefill.json",
      "workload_trace_ref": null,
      "workload_trace_summary": {}
    },
    "p": {
      "package_class": "FO"
    }
  },
  "surrogate_metrics": {
    "cost": 8.96181720161023e+19,
    "cost_overall": 1285069.3097435692,
    "edp": 8.890559368273517e+19,
    "energy": 55722290983.29204,
    "latency_cycles": 1595512175
  },
  "time_cap_minutes": 15.0,
  "tops_target": 128,
  "trace_id": "long_context_prefill",
  "traffic_matrix": [
    [
      0.0,
      0.485586,
      0.485586,
      0.072641
    ],
    [
      0.485586,
      0.0,
      0.072641,
      0.485586
    ],
    [
      0.485586,
      0.072641,
      0.0,
      0.485586
    ],
    [
      0.072641,
      0.485586,
      0.485586,
      0.0
    ]
  ],
  "workload": "long_context_prefill",
  "workload_motif": "long_context_prefill",
  "workload_trace": {
    "summary": {},
    "trace_ref": null
  }
}
