{
  "records": [
    {
      "baseline_mode": "Joint",
      "best_state": {
        "batch_cluster": true,
        "interleave": true,
        "mapping_tiling": 4,
        "memory_balance": 1.0426278936472113,
        "memory_prefetch": 3,
        "noc_balance": 1.011068927035101,
        "pipeline_depth": 2,
        "placement_skew": 0.19467908128925637,
        "route_slack": 1.1828201088238126,
        "segment_span": 2,
        "spm_level": 1
      },
      "closure_terms": {
        "M1": 135.449154,
        "M2": 62.865371,
        "Si": 0.82,
        "Sp": 1.0
      },
      "cost_breakdown": {
        "cost_chip": 2.02313,
        "cost_package": 0.60781,
        "cost_soc": 308834.59752,
        "cost_system_package": 70328.84986
      },
      "derived_terms": {
        "amortized_nre_cost": 308830.84156673885,
        "assembly_waste_cost": 0.06192846357612261,
        "avg_mapped_utilization": 0.9409639040129057,
        "avg_partition_utilization": 0.9409639040129057,
        "boundary_count": 2.0,
        "buffer_area": 1.4773375511169433,
        "buffer_average_bytes": 71150.0,
        "buffer_capacity_bytes": 225732.0,
        "buffer_margin": 154582.0,
        "buffer_overflow_core_count": 0.0,
        "buffer_overflow_ratio": 0.0,
        "buffer_peak_bytes": 71150.0,
        "channel_count_available": 3.0,
        "channel_count_required": 1.0,
        "chip_nre": 71550779.85725123,
        "collective_pressure": 0.12,
        "compute_array_area": 7.2576,
        "compute_cycles": 6108.0,
        "control_area": 3.778403724386777,
        "defect_die_cost": 0.009239775658148708,
        "distinct_chip_type_count": 2.0,
        "dram_channel_imbalance": 0.0017735029704133431,
        "dram_channel_margin": 27.924839844010307,
        "dram_service_cycles": 282.0,
        "edge_margin": 135.44915442872778,
        "endpoint_latency_cycles": 35.0,
        "graph_layer_count": 5.0,
        "interposer_area": 0.0,
        "io_competition_score": 0.005555953068840492,
        "layout_locality_score": 0.05555555555555555,
        "locality_score": 0.6599492461041649,
        "memory_margin": 62.865371415670474,
        "module_nre": 20480669.12632741,
        "multicast_degree": 1.42,
        "noc_margin": 11.97910111308733,
        "noc_service_cycles": 505.0,
        "nop_service_cycles": 1891.0,
        "overflow_core_count": 0.0,
        "package_area": 70.6229969873359,
        "package_defect_cost": 0.016213355111575397,
        "package_nre": 617803.4864430116,
        "peak_dram_channel_gbps": 4.075160155989694,
        "peak_noc_link_gbps": 4.198001719474286,
        "peak_nop_link_gbps": 2.975033763454994,
        "peak_route_link_gbps": 4.198001719474286,
        "peak_ubuf_bytes": 71150.0,
        "per_compute_die_area": 6.444370756884416,
        "phy_count": 24.0,
        "raw_die_cost": 2.01389501035741,
        "raw_package_cost": 0.5296724774050192,
        "remote_weight_share": 0.5,
        "route_margin": 163.7445067431684,
        "schedule_tree_height": 2.0,
        "segment_count": 3.0,
        "segment_crossing_count": 2.0,
        "segment_stage_count_avg": 1.6666666666666667,
        "segment_sync_cycles": 57.0,
        "serialization_ratio": 0.7197459858785995,
        "shortcut_input_count": 2.0,
        "spm_overflow_ratio": 0.05427565880217777,
        "spm_residency": 0.7164578342407744,
        "total_interchip_bw": 6.966644938473646
      },
      "design_id": "paper_smoke_001",
      "die_area_breakdown": {
        "compute_die_area": 12.88874,
        "io_die_area": 4.76701,
        "total_die_area": 17.65575
      },
      "energy_breakdown": {
        "buf": 6724.6972,
        "bus": 3265.24,
        "dram": 1084255.57388,
        "mac": 5070319.27277,
        "noc": 2938140.96545,
        "nop": 6658842.98917,
        "ubuf": 3620.9908
      },
      "execution_controls": {
        "proposal_budget": 64,
        "time_cap_minutes": 5.0
      },
      "legality_details": {
        "buffer_margin": 154582.0,
        "channel_count_available": 3,
        "channel_count_required": 1,
        "dram_channel_margin": 27.92484,
        "edge_margin": 135.449154,
        "io_competition_score": 0.005556,
        "memory_margin": 62.865371,
        "memory_required_bw_gbps": 12.203837,
        "noc_margin": 11.979101,
        "peak_dram_channel_gbps": 4.07516,
        "peak_noc_link_gbps": 4.198002,
        "peak_nop_link_gbps": 2.975034,
        "peak_route_link_gbps": 4.198002,
        "reasons": [],
        "route_margin": 163.744507,
        "total_interchip_bw": 6.966645
      },
      "legality_flags": {
        "buffer": "legal",
        "edge": "legal",
        "memory": "legal",
        "memory_channel": "legal",
        "noc": "legal",
        "overall": "legal",
        "route": "legal"
      },
      "memory_attachment": {
        "channel_count_available": 3,
        "channel_count_required": 1,
        "memory_bandwidth_gbps": 72,
        "memory_channel_bandwidth_gbps": 32.0,
        "memory_class": "GDDR6X",
        "noc_bandwidth": 16
      },
      "notes": {
        "chiplet_geometry": {
          "chiplet_count": 2,
          "per_die_exposed_edges": 6,
          "total_exposed_edge_slots": 12,
          "x_step": 3,
          "y_step": 3
        },
        "message": "This canonical design record is exported directly from the Python-native search summary and its derived evaluation terms.",
        "status": "exported_from_search_summary",
        "workload_ref": "workloads/cnn_inference.json",
        "workload_status": "runnable_binding"
      },
      "package_class": "OS",
      "paths": {
        "point_snapshot": "results/raw/20260405_205311_paper_smoke/paper_smoke_001/point_snapshot.json",
        "result_log": "results/raw/20260405_205311_paper_smoke/paper_smoke_001/result.log",
        "stderr_log": "results/raw/20260405_205311_paper_smoke/paper_smoke_001/stderr.log",
        "stdout_log": "results/raw/20260405_205311_paper_smoke/paper_smoke_001/stdout.log"
      },
      "per_edge_bandwidth": {
        "edge_capacity": 138.932476,
        "edge_demand": 3.483322,
        "edge_margin": 135.449154,
        "per_die_exposed_edges": 6,
        "route_budget": 167.942508,
        "route_demand": 4.198002,
        "route_margin": 163.744507,
        "total_exposed_edge_slots": 12
      },
      "phy_count": 24,
      "process_node": "12",
      "proposal_budget": 64,
      "schema_version": "python_native_v1",
      "seed": 1,
      "state_tuple": {
        "a": {
          "core_array": {
            "x": 6,
            "y": 3
          },
          "macs_per_core": 2048,
          "microarch": "polar",
          "ul3_kb": 1024
        },
        "b": {
          "memory_bandwidth_gbps": 72,
          "memory_class": "GDDR6X",
          "noc_bandwidth": 16
        },
        "i": {
          "interface_class": "XSR",
          "nop_bandwidth": 16
        },
        "k": {
          "chiplet_count": 2,
          "chiplet_partition": {
            "x": 2,
            "y": 1
          }
        },
        "m": {
          "batch_size": 1,
          "search_rounds": 4,
          "workload": "cnn_inference",
          "workload_motif": "cnn_inference",
          "workload_ref": "workloads/cnn_inference.json",
          "workload_trace_ref": null,
          "workload_trace_summary": {}
        },
        "p": {
          "package_class": "OS"
        }
      },
      "surrogate_metrics": {
        "cost": 114424860554.64055,
        "cost_overall": 308834.59751582093,
        "edp": 114423601895.0197,
        "energy": 15765169.729266973,
        "latency_cycles": 7258
      },
      "time_cap_minutes": 5.0,
      "tops_target": 72,
      "trace_id": "cnn_inference",
      "traffic_matrix": [
        [
          0.0,
          3.483322
        ],
        [
          3.483322,
          0.0
        ]
      ],
      "workload": "cnn_inference",
      "workload_motif": "cnn_inference",